"","Study_ID","response_var","Climate","year","Xe1","Xc","Site","Effect_size"
"1","Abbott et al. 2021","DOC_Interp","Dwc",2017,0.9520661102,0.620232968,"lnR1",0.428539313567996
"2","Abbott et al. 2021","DOC_Interp","Dwc",2018,0.8284900734,0.5526972095,"lnR1",0.404794545407272
"3","Abbott et al. 2021","NO3_Interp","Dwc",2017,0.0003365455,0.0001823688,"lnR1",0.61270234501971
"4","Abbott et al. 2021","NO3_Interp","Dwc",2018,0.0004247913,0.0002046001,"lnR1",0.730540647216058
