File_Name,File_Description,Standard,Missing_Value_Codes,File_Path
readme_Cavaiani_2024_Metaanalysis.pdf,Data package level readme. Contains data package summary; acknowledgements; and contact information.,N/A,N/A,/Cavaiani_2024_Metaanalysis
Cavaiani_2024_Metaanalysis_flmd.csv,File-level metadata that lists and describes all of the files contained in the data package.,ESS-DIVE FLMD v1; ESS-DIVE CSV v1,"""N/A""; ""-9999""; """"; ""NA""",/Cavaiani_2024_Metaanalysis
Cavaiani_2024_Metaanalysis_dd.csv,Data dictionary that defines columns headers across all csv files contained in the data package.,ESS-DIVE CSV v1,"""N/A""; ""-9999""; """"; ""NA""",/Cavaiani_2024_Metaanalysis
FireMeta_Rproj.Rproj,R project that includes all scripts and analyses.,N/A,N/A,/Cavaiani_2024_Metaanalysis
Crandall_effect_size.csv,Pseudo yield metric for each reference and burned watershed with the associated effect size.,ESS-DIVE CSV v1,"""N/A""; ""-9999""; """"; ""NA""",/Cavaiani_2024_Metaanalysis/Output_for_analysis/01_Crandall_effect_size
crandall_conc_fill.csv,Daily analyte concentrations for each site throughout the duration of the study period within each publication.,ESS-DIVE CSV v1,"""N/A""; ""-9999""; """"; ""NA""",/Cavaiani_2024_Metaanalysis/Output_for_analysis/01_Crandall_effect_size
crandall_temp_norm.csv,Pseudo yield metric normalized with watershed area for each site included within each publication.,ESS-DIVE CSV v1,"""N/A""; ""-9999""; """"; ""NA""",/Cavaiani_2024_Metaanalysis/Output_for_analysis/01_Crandall_effect_size
Abbott_conc_fill.csv,Pseudo yield metric for each reference and burned watershed with the associated effect size.,ESS-DIVE CSV v1,"""N/A""; ""-9999""; """"; ""NA""",/Cavaiani_2024_Metaanalysis/Output_for_analysis/02_Abbott_effect_size
Abbott_effect_size.csv,Daily analyte concentrations for each site throughout the duration of the study period within each publication.,ESS-DIVE CSV v1,"""N/A""; ""-9999""; """"; ""NA""",/Cavaiani_2024_Metaanalysis/Output_for_analysis/02_Abbott_effect_size
Abbott_temp_norm.csv,Pseudo yield metric normalized with watershed area for each site included within each publication.,ESS-DIVE CSV v1,"""N/A""; ""-9999""; """"; ""NA""",/Cavaiani_2024_Metaanalysis/Output_for_analysis/02_Abbott_effect_size
Rhea_conc_fill.csv,Pseudo yield metric for each reference and burned watershed with the associated effect size.,ESS-DIVE CSV v1,"""N/A""; ""-9999""; """"; ""NA""",/Cavaiani_2024_Metaanalysis/Output_for_analysis/03_Rhea_effect_size
Rhea_effect_size.csv,Daily analyte concentrations for each site throughout the duration of the study period within each publication.,ESS-DIVE CSV v1,"""N/A""; ""-9999""; """"; ""NA""",/Cavaiani_2024_Metaanalysis/Output_for_analysis/03_Rhea_effect_size
Rhea_temp_norm.csv,Pseudo yield metric normalized with watershed area for each site included within each publication.,ESS-DIVE CSV v1,"""N/A""; ""-9999""; """"; ""NA""",/Cavaiani_2024_Metaanalysis/Output_for_analysis/03_Rhea_effect_size
Climate_ES_CIs.csv,Confidence intervals calculated for the effect size for each climate classification.,ESS-DIVE CSV v1,"""N/A""; ""-9999""; """"; ""NA""",/Cavaiani_2024_Metaanalysis/Output_for_analysis/04_Meta_merge_all_studies_effect_size
Climate_ES_Fig_data.csv,Data used to generate the effect size climate figure for this manuscript.,ESS-DIVE CSV v1,"""N/A""; ""-9999""; """"; ""NA""",/Cavaiani_2024_Metaanalysis/Output_for_analysis/04_Meta_merge_all_studies_effect_size
Effect_Size.csv,Effect size calculated for each site within each publication.,ESS-DIVE CSV v1,"""N/A""; ""-9999""; """"; ""NA""",/Cavaiani_2024_Metaanalysis/Output_for_analysis/04_Meta_merge_all_studies_effect_size
Effect_Size_10days.csv,,ESS-DIVE CSV v1,"""N/A""; ""-9999""; """"; ""NA""",/Cavaiani_2024_Metaanalysis/Output_for_analysis/04_Meta_merge_all_studies_effect_size
Effect_Size_20days.csv,,ESS-DIVE CSV v1,"""N/A""; ""-9999""; """"; ""NA""",/Cavaiani_2024_Metaanalysis/Output_for_analysis/04_Meta_merge_all_studies_effect_size
Effect_Size_30days.csv,,ESS-DIVE CSV v1,"""N/A""; ""-9999""; """"; ""NA""",/Cavaiani_2024_Metaanalysis/Output_for_analysis/04_Meta_merge_all_studies_effect_size
Effect_Size_40days.csv,,ESS-DIVE CSV v1,"""N/A""; ""-9999""; """"; ""NA""",/Cavaiani_2024_Metaanalysis/Output_for_analysis/04_Meta_merge_all_studies_effect_size
Effect_Size_UPDATED.csv,,ESS-DIVE CSV v1,"""N/A""; ""-9999""; """"; ""NA""",/Cavaiani_2024_Metaanalysis/Output_for_analysis/04_Meta_merge_all_studies_effect_size
Percent_Difference.csv,Percent differences calculated between each burned and unburned watershed pair.,ESS-DIVE CSV v1,"""N/A""; ""-9999""; """"; ""NA""",/Cavaiani_2024_Metaanalysis/Output_for_analysis/04_Meta_merge_all_studies_effect_size
TSF_ES_CIs.csv,Confidence intervals calculated for the effect size for each time-since-fire bucket.,ESS-DIVE CSV v1,"""N/A""; ""-9999""; """"; ""NA""",/Cavaiani_2024_Metaanalysis/Output_for_analysis/04_Meta_merge_all_studies_effect_size
TSF_ES_Fig_data.csv,Data used to generate the effect size time-since-fire figure for this manuscript.,ESS-DIVE CSV v1,"""N/A""; ""-9999""; """"; ""NA""",/Cavaiani_2024_Metaanalysis/Output_for_analysis/04_Meta_merge_all_studies_effect_size
TSF_PD_CIs.csv,Confidence intervals calculated for the percent differences for each time-since-fire bucket.,ESS-DIVE CSV v1,"""N/A""; ""-9999""; """"; ""NA""",/Cavaiani_2024_Metaanalysis/Output_for_analysis/04_Meta_merge_all_studies_effect_size
TSF_PD_DOC_Fig_data.csv,Data used to generate the percent difference time-since-fire figure with only dissolved organic carbon (DOC) shown for this manuscript.,ESS-DIVE CSV v1,"""N/A""; ""-9999""; """"; ""NA""",/Cavaiani_2024_Metaanalysis/Output_for_analysis/04_Meta_merge_all_studies_effect_size
TSF_PD_NO3_Fig_data.csv,Data used to generate the percent difference time-since-fire figure with only nitrate (NO3) shown for this manuscript.,ESS-DIVE CSV v1,"""N/A""; ""-9999""; """"; ""NA""",/Cavaiani_2024_Metaanalysis/Output_for_analysis/04_Meta_merge_all_studies_effect_size
gap_fill.csv,,ESS-DIVE CSV v1,"""N/A""; ""-9999""; """"; ""NA""",/Cavaiani_2024_Metaanalysis/Output_for_analysis/04_Meta_merge_all_studies_effect_size
gap_fill_10.csv,,ESS-DIVE CSV v1,"""N/A""; ""-9999""; """"; ""NA""",/Cavaiani_2024_Metaanalysis/Output_for_analysis/04_Meta_merge_all_studies_effect_size
gap_fill_20.csv,,ESS-DIVE CSV v1,"""N/A""; ""-9999""; """"; ""NA""",/Cavaiani_2024_Metaanalysis/Output_for_analysis/04_Meta_merge_all_studies_effect_size
gap_fill_30.csv,,ESS-DIVE CSV v1,"""N/A""; ""-9999""; """"; ""NA""",/Cavaiani_2024_Metaanalysis/Output_for_analysis/04_Meta_merge_all_studies_effect_size
gap_fill_40.csv,,ESS-DIVE CSV v1,"""N/A""; ""-9999""; """"; ""NA""",/Cavaiani_2024_Metaanalysis/Output_for_analysis/04_Meta_merge_all_studies_effect_size
gap_fill_take_two.csv,,ESS-DIVE CSV v1,"""N/A""; ""-9999""; """"; ""NA""",/Cavaiani_2024_Metaanalysis/Output_for_analysis/04_Meta_merge_all_studies_effect_size
geospatial_data.csv,Catchment characteristics for each watershed included in the final meta-analysis extracted from the National Hydrography Dataset (NHDPlus Version 2). Example characteristics include elevation; slope; area.,ESS-DIVE CSV v1,"""N/A""; ""-9999""; """"; ""NA""",/Cavaiani_2024_Metaanalysis/Output_for_analysis/05_Meta_geospatial_check_comids
meta_comids.csv,Geographic location of each watershed (latitude and longitude) with their stream segment unique identifier (i.e. common identifier; COMID).,ESS-DIVE CSV v1,"""N/A""; ""-9999""; """"; ""NA""",/Cavaiani_2024_Metaanalysis/Output_for_analysis/05_Meta_geospatial_check_comids
BFI.csv,,ESS-DIVE CSV v1,"""N/A""; ""-9999""; """"; ""NA""",/Cavaiani_2024_Metaanalysis/Output_for_analysis/06_Meta_geospatial_extraction_with_comids
Geospatial_data_2024-02-15.csv,Catchment characteristics for each watershed included in the final meta-analysis. Example characteristics include elevation; slope; area. Additional fire characteristics are also extracted and included in this data frame.,ESS-DIVE CSV v1,"""N/A""; ""-9999""; """"; ""NA""",/Cavaiani_2024_Metaanalysis/Output_for_analysis/06_Meta_geospatial_extraction_with_comids
MTBS_severity.csv,,ESS-DIVE CSV v1,"""N/A""; ""-9999""; """"; ""NA""",/Cavaiani_2024_Metaanalysis/Output_for_analysis/06_Meta_geospatial_extraction_with_comids
NLCD_2001_2019.csv,,ESS-DIVE CSV v1,"""N/A""; ""-9999""; """"; ""NA""",/Cavaiani_2024_Metaanalysis/Output_for_analysis/06_Meta_geospatial_extraction_with_comids
NWetdep_2008.csv,,ESS-DIVE CSV v1,"""N/A""; ""-9999""; """"; ""NA""",/Cavaiani_2024_Metaanalysis/Output_for_analysis/06_Meta_geospatial_extraction_with_comids
OM_perm.csv,,ESS-DIVE CSV v1,"""N/A""; ""-9999""; """"; ""NA""",/Cavaiani_2024_Metaanalysis/Output_for_analysis/06_Meta_geospatial_extraction_with_comids
burn_percentage.csv,,ESS-DIVE CSV v1,"""N/A""; ""-9999""; """"; ""NA""",/Cavaiani_2024_Metaanalysis/Output_for_analysis/06_Meta_geospatial_extraction_with_comids
forest_lost.csv,,ESS-DIVE CSV v1,"""N/A""; ""-9999""; """"; ""NA""",/Cavaiani_2024_Metaanalysis/Output_for_analysis/06_Meta_geospatial_extraction_with_comids
lithology.csv,,ESS-DIVE CSV v1,"""N/A""; ""-9999""; """"; ""NA""",/Cavaiani_2024_Metaanalysis/Output_for_analysis/06_Meta_geospatial_extraction_with_comids
lithology_2.0.csv,,ESS-DIVE CSV v1,"""N/A""; ""-9999""; """"; ""NA""",/Cavaiani_2024_Metaanalysis/Output_for_analysis/06_Meta_geospatial_extraction_with_comids
random_forest_data.csv,,ESS-DIVE CSV v1,"""N/A""; ""-9999""; """"; ""NA""",/Cavaiani_2024_Metaanalysis/Output_for_analysis/06_Meta_geospatial_extraction_with_comids
random_forest_data_new.csv,,ESS-DIVE CSV v1,"""N/A""; ""-9999""; """"; ""NA""",/Cavaiani_2024_Metaanalysis/Output_for_analysis/06_Meta_geospatial_extraction_with_comids
runoff.csv,,ESS-DIVE CSV v1,"""N/A""; ""-9999""; """"; ""NA""",/Cavaiani_2024_Metaanalysis/Output_for_analysis/06_Meta_geospatial_extraction_with_comids
stream_temp.csv,,ESS-DIVE CSV v1,"""N/A""; ""-9999""; """"; ""NA""",/Cavaiani_2024_Metaanalysis/Output_for_analysis/06_Meta_geospatial_extraction_with_comids
temp_precip.csv,,ESS-DIVE CSV v1,"""N/A""; ""-9999""; """"; ""NA""",/Cavaiani_2024_Metaanalysis/Output_for_analysis/06_Meta_geospatial_extraction_with_comids
watershed_shapefile.dbf,,N/A,N/A,/Cavaiani_2024_Metaanalysis/Output_for_analysis/06_Meta_geospatial_extraction_with_comids
watershed_shapefile.prj,,N/A,N/A,/Cavaiani_2024_Metaanalysis/Output_for_analysis/06_Meta_geospatial_extraction_with_comids
watershed_shapefile.shp,,N/A,N/A,/Cavaiani_2024_Metaanalysis/Output_for_analysis/06_Meta_geospatial_extraction_with_comids
watershed_shapefile.shx,,N/A,N/A,/Cavaiani_2024_Metaanalysis/Output_for_analysis/06_Meta_geospatial_extraction_with_comids
MTBS_severity_1984_1989.csv,,ESS-DIVE CSV v1,"""N/A""; ""-9999""; """"; ""NA""",/Cavaiani_2024_Metaanalysis/Output_for_analysis/06_Meta_geospatial_extraction_with_comids/Archive
MTBS_severity_1990_1995.csv,,ESS-DIVE CSV v1,"""N/A""; ""-9999""; """"; ""NA""",/Cavaiani_2024_Metaanalysis/Output_for_analysis/06_Meta_geospatial_extraction_with_comids/Archive
MTBS_severity_1996_2001.csv,,ESS-DIVE CSV v1,"""N/A""; ""-9999""; """"; ""NA""",/Cavaiani_2024_Metaanalysis/Output_for_analysis/06_Meta_geospatial_extraction_with_comids/Archive
MTBS_severity_2007_2002.csv,,ESS-DIVE CSV v1,"""N/A""; ""-9999""; """"; ""NA""",/Cavaiani_2024_Metaanalysis/Output_for_analysis/06_Meta_geospatial_extraction_with_comids/Archive
MTBS_severity_2008_2013.csv,,ESS-DIVE CSV v1,"""N/A""; ""-9999""; """"; ""NA""",/Cavaiani_2024_Metaanalysis/Output_for_analysis/06_Meta_geospatial_extraction_with_comids/Archive
MTBS_severity_2014_2017.csv,,ESS-DIVE CSV v1,"""N/A""; ""-9999""; """"; ""NA""",/Cavaiani_2024_Metaanalysis/Output_for_analysis/06_Meta_geospatial_extraction_with_comids/Archive
MTBS_severity_2018.csv,,ESS-DIVE CSV v1,"""N/A""; ""-9999""; """"; ""NA""",/Cavaiani_2024_Metaanalysis/Output_for_analysis/06_Meta_geospatial_extraction_with_comids/Archive
Akokala_Creek_watershed.dbf,,N/A,N/A,/Cavaiani_2024_Metaanalysis/Output_for_analysis/06_Meta_geospatial_extraction_with_comids/watershed_shapefiles
Akokala_Creek_watershed.prj,,N/A,N/A,/Cavaiani_2024_Metaanalysis/Output_for_analysis/06_Meta_geospatial_extraction_with_comids/watershed_shapefiles
Akokala_Creek_watershed.shp,,N/A,N/A,/Cavaiani_2024_Metaanalysis/Output_for_analysis/06_Meta_geospatial_extraction_with_comids/watershed_shapefiles
Akokala_Creek_watershed.shx,,N/A,N/A,/Cavaiani_2024_Metaanalysis/Output_for_analysis/06_Meta_geospatial_extraction_with_comids/watershed_shapefiles
Arroyo_Hondo_watershed.dbf,,N/A,N/A,/Cavaiani_2024_Metaanalysis/Output_for_analysis/06_Meta_geospatial_extraction_with_comids/watershed_shapefiles
Arroyo_Hondo_watershed.prj,,N/A,N/A,/Cavaiani_2024_Metaanalysis/Output_for_analysis/06_Meta_geospatial_extraction_with_comids/watershed_shapefiles
Arroyo_Hondo_watershed.shp,,N/A,N/A,/Cavaiani_2024_Metaanalysis/Output_for_analysis/06_Meta_geospatial_extraction_with_comids/watershed_shapefiles
Arroyo_Hondo_watershed.shx,,N/A,N/A,/Cavaiani_2024_Metaanalysis/Output_for_analysis/06_Meta_geospatial_extraction_with_comids/watershed_shapefiles
Benjamin_Slough_watershed.dbf,,N/A,N/A,/Cavaiani_2024_Metaanalysis/Output_for_analysis/06_Meta_geospatial_extraction_with_comids/watershed_shapefiles
Benjamin_Slough_watershed.prj,,N/A,N/A,/Cavaiani_2024_Metaanalysis/Output_for_analysis/06_Meta_geospatial_extraction_with_comids/watershed_shapefiles
Benjamin_Slough_watershed.shp,,N/A,N/A,/Cavaiani_2024_Metaanalysis/Output_for_analysis/06_Meta_geospatial_extraction_with_comids/watershed_shapefiles
Benjamin_Slough_watershed.shx,,N/A,N/A,/Cavaiani_2024_Metaanalysis/Output_for_analysis/06_Meta_geospatial_extraction_with_comids/watershed_shapefiles
Bowman_Creek_watershed.dbf,,N/A,N/A,/Cavaiani_2024_Metaanalysis/Output_for_analysis/06_Meta_geospatial_extraction_with_comids/watershed_shapefiles
Bowman_Creek_watershed.prj,,N/A,N/A,/Cavaiani_2024_Metaanalysis/Output_for_analysis/06_Meta_geospatial_extraction_with_comids/watershed_shapefiles
Bowman_Creek_watershed.shp,,N/A,N/A,/Cavaiani_2024_Metaanalysis/Output_for_analysis/06_Meta_geospatial_extraction_with_comids/watershed_shapefiles
Bowman_Creek_watershed.shx,,N/A,N/A,/Cavaiani_2024_Metaanalysis/Output_for_analysis/06_Meta_geospatial_extraction_with_comids/watershed_shapefiles
Camas_Creek_watershed.dbf,,N/A,N/A,/Cavaiani_2024_Metaanalysis/Output_for_analysis/06_Meta_geospatial_extraction_with_comids/watershed_shapefiles
Camas_Creek_watershed.prj,,N/A,N/A,/Cavaiani_2024_Metaanalysis/Output_for_analysis/06_Meta_geospatial_extraction_with_comids/watershed_shapefiles
Camas_Creek_watershed.shp,,N/A,N/A,/Cavaiani_2024_Metaanalysis/Output_for_analysis/06_Meta_geospatial_extraction_with_comids/watershed_shapefiles
Camas_Creek_watershed.shx,,N/A,N/A,/Cavaiani_2024_Metaanalysis/Output_for_analysis/06_Meta_geospatial_extraction_with_comids/watershed_shapefiles
Coal_Creek_watershed.dbf,,N/A,N/A,/Cavaiani_2024_Metaanalysis/Output_for_analysis/06_Meta_geospatial_extraction_with_comids/watershed_shapefiles
Coal_Creek_watershed.prj,,N/A,N/A,/Cavaiani_2024_Metaanalysis/Output_for_analysis/06_Meta_geospatial_extraction_with_comids/watershed_shapefiles
Coal_Creek_watershed.shp,,N/A,N/A,/Cavaiani_2024_Metaanalysis/Output_for_analysis/06_Meta_geospatial_extraction_with_comids/watershed_shapefiles
Coal_Creek_watershed.shx,,N/A,N/A,/Cavaiani_2024_Metaanalysis/Output_for_analysis/06_Meta_geospatial_extraction_with_comids/watershed_shapefiles
Coal_watershed.dbf,,N/A,N/A,/Cavaiani_2024_Metaanalysis/Output_for_analysis/06_Meta_geospatial_extraction_with_comids/watershed_shapefiles
Coal_watershed.prj,,N/A,N/A,/Cavaiani_2024_Metaanalysis/Output_for_analysis/06_Meta_geospatial_extraction_with_comids/watershed_shapefiles
Coal_watershed.shp,,N/A,N/A,/Cavaiani_2024_Metaanalysis/Output_for_analysis/06_Meta_geospatial_extraction_with_comids/watershed_shapefiles
Coal_watershed.shx,,N/A,N/A,/Cavaiani_2024_Metaanalysis/Output_for_analysis/06_Meta_geospatial_extraction_with_comids/watershed_shapefiles
Cold_Creek_watershed.dbf,,N/A,N/A,/Cavaiani_2024_Metaanalysis/Output_for_analysis/06_Meta_geospatial_extraction_with_comids/watershed_shapefiles
Cold_Creek_watershed.prj,,N/A,N/A,/Cavaiani_2024_Metaanalysis/Output_for_analysis/06_Meta_geospatial_extraction_with_comids/watershed_shapefiles
Cold_Creek_watershed.shp,,N/A,N/A,/Cavaiani_2024_Metaanalysis/Output_for_analysis/06_Meta_geospatial_extraction_with_comids/watershed_shapefiles
Cold_Creek_watershed.shx,,N/A,N/A,/Cavaiani_2024_Metaanalysis/Output_for_analysis/06_Meta_geospatial_extraction_with_comids/watershed_shapefiles
Control_watershed.dbf,,N/A,N/A,/Cavaiani_2024_Metaanalysis/Output_for_analysis/06_Meta_geospatial_extraction_with_comids/watershed_shapefiles
Control_watershed.prj,,N/A,N/A,/Cavaiani_2024_Metaanalysis/Output_for_analysis/06_Meta_geospatial_extraction_with_comids/watershed_shapefiles
Control_watershed.shp,,N/A,N/A,/Cavaiani_2024_Metaanalysis/Output_for_analysis/06_Meta_geospatial_extraction_with_comids/watershed_shapefiles
Control_watershed.shx,,N/A,N/A,/Cavaiani_2024_Metaanalysis/Output_for_analysis/06_Meta_geospatial_extraction_with_comids/watershed_shapefiles
Crane_Creek_watershed.dbf,,N/A,N/A,/Cavaiani_2024_Metaanalysis/Output_for_analysis/06_Meta_geospatial_extraction_with_comids/watershed_shapefiles
Crane_Creek_watershed.prj,,N/A,N/A,/Cavaiani_2024_Metaanalysis/Output_for_analysis/06_Meta_geospatial_extraction_with_comids/watershed_shapefiles
Crane_Creek_watershed.shp,,N/A,N/A,/Cavaiani_2024_Metaanalysis/Output_for_analysis/06_Meta_geospatial_extraction_with_comids/watershed_shapefiles
Crane_Creek_watershed.shx,,N/A,N/A,/Cavaiani_2024_Metaanalysis/Output_for_analysis/06_Meta_geospatial_extraction_with_comids/watershed_shapefiles
Crow_Creek_watershed.dbf,,N/A,N/A,/Cavaiani_2024_Metaanalysis/Output_for_analysis/06_Meta_geospatial_extraction_with_comids/watershed_shapefiles
Crow_Creek_watershed.prj,,N/A,N/A,/Cavaiani_2024_Metaanalysis/Output_for_analysis/06_Meta_geospatial_extraction_with_comids/watershed_shapefiles
Crow_Creek_watershed.shp,,N/A,N/A,/Cavaiani_2024_Metaanalysis/Output_for_analysis/06_Meta_geospatial_extraction_with_comids/watershed_shapefiles
Crow_Creek_watershed.shx,,N/A,N/A,/Cavaiani_2024_Metaanalysis/Output_for_analysis/06_Meta_geospatial_extraction_with_comids/watershed_shapefiles
DS1_watershed.dbf,,N/A,N/A,/Cavaiani_2024_Metaanalysis/Output_for_analysis/06_Meta_geospatial_extraction_with_comids/watershed_shapefiles
DS1_watershed.prj,,N/A,N/A,/Cavaiani_2024_Metaanalysis/Output_for_analysis/06_Meta_geospatial_extraction_with_comids/watershed_shapefiles
DS1_watershed.shp,,N/A,N/A,/Cavaiani_2024_Metaanalysis/Output_for_analysis/06_Meta_geospatial_extraction_with_comids/watershed_shapefiles
DS1_watershed.shx,,N/A,N/A,/Cavaiani_2024_Metaanalysis/Output_for_analysis/06_Meta_geospatial_extraction_with_comids/watershed_shapefiles
DS2_watershed.dbf,,N/A,N/A,/Cavaiani_2024_Metaanalysis/Output_for_analysis/06_Meta_geospatial_extraction_with_comids/watershed_shapefiles
DS2_watershed.prj,,N/A,N/A,/Cavaiani_2024_Metaanalysis/Output_for_analysis/06_Meta_geospatial_extraction_with_comids/watershed_shapefiles
DS2_watershed.shp,,N/A,N/A,/Cavaiani_2024_Metaanalysis/Output_for_analysis/06_Meta_geospatial_extraction_with_comids/watershed_shapefiles
DS2_watershed.shx,,N/A,N/A,/Cavaiani_2024_Metaanalysis/Output_for_analysis/06_Meta_geospatial_extraction_with_comids/watershed_shapefiles
DS3_watershed.dbf,,N/A,N/A,/Cavaiani_2024_Metaanalysis/Output_for_analysis/06_Meta_geospatial_extraction_with_comids/watershed_shapefiles
DS3_watershed.prj,,N/A,N/A,/Cavaiani_2024_Metaanalysis/Output_for_analysis/06_Meta_geospatial_extraction_with_comids/watershed_shapefiles
DS3_watershed.shp,,N/A,N/A,/Cavaiani_2024_Metaanalysis/Output_for_analysis/06_Meta_geospatial_extraction_with_comids/watershed_shapefiles
DS3_watershed.shx,,N/A,N/A,/Cavaiani_2024_Metaanalysis/Output_for_analysis/06_Meta_geospatial_extraction_with_comids/watershed_shapefiles
Dry_Creek_watershed.dbf,,N/A,N/A,/Cavaiani_2024_Metaanalysis/Output_for_analysis/06_Meta_geospatial_extraction_with_comids/watershed_shapefiles
Dry_Creek_watershed.prj,,N/A,N/A,/Cavaiani_2024_Metaanalysis/Output_for_analysis/06_Meta_geospatial_extraction_with_comids/watershed_shapefiles
Dry_Creek_watershed.shp,,N/A,N/A,/Cavaiani_2024_Metaanalysis/Output_for_analysis/06_Meta_geospatial_extraction_with_comids/watershed_shapefiles
Dry_Creek_watershed.shx,,N/A,N/A,/Cavaiani_2024_Metaanalysis/Output_for_analysis/06_Meta_geospatial_extraction_with_comids/watershed_shapefiles
Fish_Creek_watershed.dbf,,N/A,N/A,/Cavaiani_2024_Metaanalysis/Output_for_analysis/06_Meta_geospatial_extraction_with_comids/watershed_shapefiles
Fish_Creek_watershed.prj,,N/A,N/A,/Cavaiani_2024_Metaanalysis/Output_for_analysis/06_Meta_geospatial_extraction_with_comids/watershed_shapefiles
Fish_Creek_watershed.shp,,N/A,N/A,/Cavaiani_2024_Metaanalysis/Output_for_analysis/06_Meta_geospatial_extraction_with_comids/watershed_shapefiles
Fish_Creek_watershed.shx,,N/A,N/A,/Cavaiani_2024_Metaanalysis/Output_for_analysis/06_Meta_geospatial_extraction_with_comids/watershed_shapefiles
Gaviota_watershed.dbf,,N/A,N/A,/Cavaiani_2024_Metaanalysis/Output_for_analysis/06_Meta_geospatial_extraction_with_comids/watershed_shapefiles
Gaviota_watershed.prj,,N/A,N/A,/Cavaiani_2024_Metaanalysis/Output_for_analysis/06_Meta_geospatial_extraction_with_comids/watershed_shapefiles
Gaviota_watershed.shp,,N/A,N/A,/Cavaiani_2024_Metaanalysis/Output_for_analysis/06_Meta_geospatial_extraction_with_comids/watershed_shapefiles
Gaviota_watershed.shx,,N/A,N/A,/Cavaiani_2024_Metaanalysis/Output_for_analysis/06_Meta_geospatial_extraction_with_comids/watershed_shapefiles
Grade_Creek_watershed.dbf,,N/A,N/A,/Cavaiani_2024_Metaanalysis/Output_for_analysis/06_Meta_geospatial_extraction_with_comids/watershed_shapefiles
Grade_Creek_watershed.prj,,N/A,N/A,/Cavaiani_2024_Metaanalysis/Output_for_analysis/06_Meta_geospatial_extraction_with_comids/watershed_shapefiles
Grade_Creek_watershed.shp,,N/A,N/A,/Cavaiani_2024_Metaanalysis/Output_for_analysis/06_Meta_geospatial_extraction_with_comids/watershed_shapefiles
Grade_Creek_watershed.shx,,N/A,N/A,/Cavaiani_2024_Metaanalysis/Output_for_analysis/06_Meta_geospatial_extraction_with_comids/watershed_shapefiles
Hobble_Creek_Lower_watershed.dbf,,N/A,N/A,/Cavaiani_2024_Metaanalysis/Output_for_analysis/06_Meta_geospatial_extraction_with_comids/watershed_shapefiles
Hobble_Creek_Lower_watershed.prj,,N/A,N/A,/Cavaiani_2024_Metaanalysis/Output_for_analysis/06_Meta_geospatial_extraction_with_comids/watershed_shapefiles
Hobble_Creek_Lower_watershed.shp,,N/A,N/A,/Cavaiani_2024_Metaanalysis/Output_for_analysis/06_Meta_geospatial_extraction_with_comids/watershed_shapefiles
Hobble_Creek_Lower_watershed.shx,,N/A,N/A,/Cavaiani_2024_Metaanalysis/Output_for_analysis/06_Meta_geospatial_extraction_with_comids/watershed_shapefiles
Hobble_Creek_Upper_watershed.dbf,,N/A,N/A,/Cavaiani_2024_Metaanalysis/Output_for_analysis/06_Meta_geospatial_extraction_with_comids/watershed_shapefiles
Hobble_Creek_Upper_watershed.prj,,N/A,N/A,/Cavaiani_2024_Metaanalysis/Output_for_analysis/06_Meta_geospatial_extraction_with_comids/watershed_shapefiles
Hobble_Creek_Upper_watershed.shp,,N/A,N/A,/Cavaiani_2024_Metaanalysis/Output_for_analysis/06_Meta_geospatial_extraction_with_comids/watershed_shapefiles
Hobble_Creek_Upper_watershed.shx,,N/A,N/A,/Cavaiani_2024_Metaanalysis/Output_for_analysis/06_Meta_geospatial_extraction_with_comids/watershed_shapefiles
Jones_Creek_watershed.dbf,,N/A,N/A,/Cavaiani_2024_Metaanalysis/Output_for_analysis/06_Meta_geospatial_extraction_with_comids/watershed_shapefiles
Jones_Creek_watershed.prj,,N/A,N/A,/Cavaiani_2024_Metaanalysis/Output_for_analysis/06_Meta_geospatial_extraction_with_comids/watershed_shapefiles
Jones_Creek_watershed.shp,,N/A,N/A,/Cavaiani_2024_Metaanalysis/Output_for_analysis/06_Meta_geospatial_extraction_with_comids/watershed_shapefiles
Jones_Creek_watershed.shx,,N/A,N/A,/Cavaiani_2024_Metaanalysis/Output_for_analysis/06_Meta_geospatial_extraction_with_comids/watershed_shapefiles
Logging_Creek_watershed.dbf,,N/A,N/A,/Cavaiani_2024_Metaanalysis/Output_for_analysis/06_Meta_geospatial_extraction_with_comids/watershed_shapefiles
Logging_Creek_watershed.prj,,N/A,N/A,/Cavaiani_2024_Metaanalysis/Output_for_analysis/06_Meta_geospatial_extraction_with_comids/watershed_shapefiles
Logging_Creek_watershed.shp,,N/A,N/A,/Cavaiani_2024_Metaanalysis/Output_for_analysis/06_Meta_geospatial_extraction_with_comids/watershed_shapefiles
Logging_Creek_watershed.shx,,N/A,N/A,/Cavaiani_2024_Metaanalysis/Output_for_analysis/06_Meta_geospatial_extraction_with_comids/watershed_shapefiles
Lower_MacDonald_Creek_watershed.dbf,,N/A,N/A,/Cavaiani_2024_Metaanalysis/Output_for_analysis/06_Meta_geospatial_extraction_with_comids/watershed_shapefiles
Lower_MacDonald_Creek_watershed.prj,,N/A,N/A,/Cavaiani_2024_Metaanalysis/Output_for_analysis/06_Meta_geospatial_extraction_with_comids/watershed_shapefiles
Lower_MacDonald_Creek_watershed.shp,,N/A,N/A,/Cavaiani_2024_Metaanalysis/Output_for_analysis/06_Meta_geospatial_extraction_with_comids/watershed_shapefiles
Lower_MacDonald_Creek_watershed.shx,,N/A,N/A,/Cavaiani_2024_Metaanalysis/Output_for_analysis/06_Meta_geospatial_extraction_with_comids/watershed_shapefiles
Middle_Fork_watershed.dbf,,N/A,N/A,/Cavaiani_2024_Metaanalysis/Output_for_analysis/06_Meta_geospatial_extraction_with_comids/watershed_shapefiles
Middle_Fork_watershed.prj,,N/A,N/A,/Cavaiani_2024_Metaanalysis/Output_for_analysis/06_Meta_geospatial_extraction_with_comids/watershed_shapefiles
Middle_Fork_watershed.shp,,N/A,N/A,/Cavaiani_2024_Metaanalysis/Output_for_analysis/06_Meta_geospatial_extraction_with_comids/watershed_shapefiles
Middle_Fork_watershed.shx,,N/A,N/A,/Cavaiani_2024_Metaanalysis/Output_for_analysis/06_Meta_geospatial_extraction_with_comids/watershed_shapefiles
Mill_Race_watershed.dbf,,N/A,N/A,/Cavaiani_2024_Metaanalysis/Output_for_analysis/06_Meta_geospatial_extraction_with_comids/watershed_shapefiles
Mill_Race_watershed.prj,,N/A,N/A,/Cavaiani_2024_Metaanalysis/Output_for_analysis/06_Meta_geospatial_extraction_with_comids/watershed_shapefiles
Mill_Race_watershed.shp,,N/A,N/A,/Cavaiani_2024_Metaanalysis/Output_for_analysis/06_Meta_geospatial_extraction_with_comids/watershed_shapefiles
Mill_Race_watershed.shx,,N/A,N/A,/Cavaiani_2024_Metaanalysis/Output_for_analysis/06_Meta_geospatial_extraction_with_comids/watershed_shapefiles
Mitsubishi_Race_watershed.dbf,,N/A,N/A,/Cavaiani_2024_Metaanalysis/Output_for_analysis/06_Meta_geospatial_extraction_with_comids/watershed_shapefiles
Mitsubishi_Race_watershed.prj,,N/A,N/A,/Cavaiani_2024_Metaanalysis/Output_for_analysis/06_Meta_geospatial_extraction_with_comids/watershed_shapefiles
Mitsubishi_Race_watershed.shp,,N/A,N/A,/Cavaiani_2024_Metaanalysis/Output_for_analysis/06_Meta_geospatial_extraction_with_comids/watershed_shapefiles
Mitsubishi_Race_watershed.shx,,N/A,N/A,/Cavaiani_2024_Metaanalysis/Output_for_analysis/06_Meta_geospatial_extraction_with_comids/watershed_shapefiles
North_Fork_watershed.dbf,,N/A,N/A,/Cavaiani_2024_Metaanalysis/Output_for_analysis/06_Meta_geospatial_extraction_with_comids/watershed_shapefiles
North_Fork_watershed.prj,,N/A,N/A,/Cavaiani_2024_Metaanalysis/Output_for_analysis/06_Meta_geospatial_extraction_with_comids/watershed_shapefiles
North_Fork_watershed.shp,,N/A,N/A,/Cavaiani_2024_Metaanalysis/Output_for_analysis/06_Meta_geospatial_extraction_with_comids/watershed_shapefiles
North_Fork_watershed.shx,,N/A,N/A,/Cavaiani_2024_Metaanalysis/Output_for_analysis/06_Meta_geospatial_extraction_with_comids/watershed_shapefiles
PBR_watershed.dbf,,N/A,N/A,/Cavaiani_2024_Metaanalysis/Output_for_analysis/06_Meta_geospatial_extraction_with_comids/watershed_shapefiles
PBR_watershed.prj,,N/A,N/A,/Cavaiani_2024_Metaanalysis/Output_for_analysis/06_Meta_geospatial_extraction_with_comids/watershed_shapefiles
PBR_watershed.shp,,N/A,N/A,/Cavaiani_2024_Metaanalysis/Output_for_analysis/06_Meta_geospatial_extraction_with_comids/watershed_shapefiles
PBR_watershed.shx,,N/A,N/A,/Cavaiani_2024_Metaanalysis/Output_for_analysis/06_Meta_geospatial_extraction_with_comids/watershed_shapefiles
PNF_watershed.dbf,,N/A,N/A,/Cavaiani_2024_Metaanalysis/Output_for_analysis/06_Meta_geospatial_extraction_with_comids/watershed_shapefiles
PNF_watershed.prj,,N/A,N/A,/Cavaiani_2024_Metaanalysis/Output_for_analysis/06_Meta_geospatial_extraction_with_comids/watershed_shapefiles
PNF_watershed.shp,,N/A,N/A,/Cavaiani_2024_Metaanalysis/Output_for_analysis/06_Meta_geospatial_extraction_with_comids/watershed_shapefiles
PNF_watershed.shx,,N/A,N/A,/Cavaiani_2024_Metaanalysis/Output_for_analysis/06_Meta_geospatial_extraction_with_comids/watershed_shapefiles
PSF_watershed.dbf,,N/A,N/A,/Cavaiani_2024_Metaanalysis/Output_for_analysis/06_Meta_geospatial_extraction_with_comids/watershed_shapefiles
PSF_watershed.prj,,N/A,N/A,/Cavaiani_2024_Metaanalysis/Output_for_analysis/06_Meta_geospatial_extraction_with_comids/watershed_shapefiles
PSF_watershed.shp,,N/A,N/A,/Cavaiani_2024_Metaanalysis/Output_for_analysis/06_Meta_geospatial_extraction_with_comids/watershed_shapefiles
PSF_watershed.shx,,N/A,N/A,/Cavaiani_2024_Metaanalysis/Output_for_analysis/06_Meta_geospatial_extraction_with_comids/watershed_shapefiles
Payson_watershed.dbf,,N/A,N/A,/Cavaiani_2024_Metaanalysis/Output_for_analysis/06_Meta_geospatial_extraction_with_comids/watershed_shapefiles
Payson_watershed.prj,,N/A,N/A,/Cavaiani_2024_Metaanalysis/Output_for_analysis/06_Meta_geospatial_extraction_with_comids/watershed_shapefiles
Payson_watershed.shp,,N/A,N/A,/Cavaiani_2024_Metaanalysis/Output_for_analysis/06_Meta_geospatial_extraction_with_comids/watershed_shapefiles
Payson_watershed.shx,,N/A,N/A,/Cavaiani_2024_Metaanalysis/Output_for_analysis/06_Meta_geospatial_extraction_with_comids/watershed_shapefiles
Pinchot_watershed.dbf,,N/A,N/A,/Cavaiani_2024_Metaanalysis/Output_for_analysis/06_Meta_geospatial_extraction_with_comids/watershed_shapefiles
Pinchot_watershed.prj,,N/A,N/A,/Cavaiani_2024_Metaanalysis/Output_for_analysis/06_Meta_geospatial_extraction_with_comids/watershed_shapefiles
Pinchot_watershed.shp,,N/A,N/A,/Cavaiani_2024_Metaanalysis/Output_for_analysis/06_Meta_geospatial_extraction_with_comids/watershed_shapefiles
Pinchot_watershed.shx,,N/A,N/A,/Cavaiani_2024_Metaanalysis/Output_for_analysis/06_Meta_geospatial_extraction_with_comids/watershed_shapefiles
Provo_River_watershed.dbf,,N/A,N/A,/Cavaiani_2024_Metaanalysis/Output_for_analysis/06_Meta_geospatial_extraction_with_comids/watershed_shapefiles
Provo_River_watershed.prj,,N/A,N/A,/Cavaiani_2024_Metaanalysis/Output_for_analysis/06_Meta_geospatial_extraction_with_comids/watershed_shapefiles
Provo_River_watershed.shp,,N/A,N/A,/Cavaiani_2024_Metaanalysis/Output_for_analysis/06_Meta_geospatial_extraction_with_comids/watershed_shapefiles
Provo_River_watershed.shx,,N/A,N/A,/Cavaiani_2024_Metaanalysis/Output_for_analysis/06_Meta_geospatial_extraction_with_comids/watershed_shapefiles
Quartz_Creek_watershed.dbf,,N/A,N/A,/Cavaiani_2024_Metaanalysis/Output_for_analysis/06_Meta_geospatial_extraction_with_comids/watershed_shapefiles
Quartz_Creek_watershed.prj,,N/A,N/A,/Cavaiani_2024_Metaanalysis/Output_for_analysis/06_Meta_geospatial_extraction_with_comids/watershed_shapefiles
Quartz_Creek_watershed.shp,,N/A,N/A,/Cavaiani_2024_Metaanalysis/Output_for_analysis/06_Meta_geospatial_extraction_with_comids/watershed_shapefiles
Quartz_Creek_watershed.shx,,N/A,N/A,/Cavaiani_2024_Metaanalysis/Output_for_analysis/06_Meta_geospatial_extraction_with_comids/watershed_shapefiles
Rattlesnake_watershed.dbf,,N/A,N/A,/Cavaiani_2024_Metaanalysis/Output_for_analysis/06_Meta_geospatial_extraction_with_comids/watershed_shapefiles
Rattlesnake_watershed.prj,,N/A,N/A,/Cavaiani_2024_Metaanalysis/Output_for_analysis/06_Meta_geospatial_extraction_with_comids/watershed_shapefiles
Rattlesnake_watershed.shp,,N/A,N/A,/Cavaiani_2024_Metaanalysis/Output_for_analysis/06_Meta_geospatial_extraction_with_comids/watershed_shapefiles
Rattlesnake_watershed.shx,,N/A,N/A,/Cavaiani_2024_Metaanalysis/Output_for_analysis/06_Meta_geospatial_extraction_with_comids/watershed_shapefiles
Red_Bench_Creek_watershed.dbf,,N/A,N/A,/Cavaiani_2024_Metaanalysis/Output_for_analysis/06_Meta_geospatial_extraction_with_comids/watershed_shapefiles
Red_Bench_Creek_watershed.prj,,N/A,N/A,/Cavaiani_2024_Metaanalysis/Output_for_analysis/06_Meta_geospatial_extraction_with_comids/watershed_shapefiles
Red_Bench_Creek_watershed.shp,,N/A,N/A,/Cavaiani_2024_Metaanalysis/Output_for_analysis/06_Meta_geospatial_extraction_with_comids/watershed_shapefiles
Red_Bench_Creek_watershed.shx,,N/A,N/A,/Cavaiani_2024_Metaanalysis/Output_for_analysis/06_Meta_geospatial_extraction_with_comids/watershed_shapefiles
Red_Meadow_Creek_watershed.dbf,,N/A,N/A,/Cavaiani_2024_Metaanalysis/Output_for_analysis/06_Meta_geospatial_extraction_with_comids/watershed_shapefiles
Red_Meadow_Creek_watershed.prj,,N/A,N/A,/Cavaiani_2024_Metaanalysis/Output_for_analysis/06_Meta_geospatial_extraction_with_comids/watershed_shapefiles
Red_Meadow_Creek_watershed.shp,,N/A,N/A,/Cavaiani_2024_Metaanalysis/Output_for_analysis/06_Meta_geospatial_extraction_with_comids/watershed_shapefiles
Red_Meadow_Creek_watershed.shx,,N/A,N/A,/Cavaiani_2024_Metaanalysis/Output_for_analysis/06_Meta_geospatial_extraction_with_comids/watershed_shapefiles
Reference_watershed.dbf,,N/A,N/A,/Cavaiani_2024_Metaanalysis/Output_for_analysis/06_Meta_geospatial_extraction_with_comids/watershed_shapefiles
Reference_watershed.prj,,N/A,N/A,/Cavaiani_2024_Metaanalysis/Output_for_analysis/06_Meta_geospatial_extraction_with_comids/watershed_shapefiles
Reference_watershed.shp,,N/A,N/A,/Cavaiani_2024_Metaanalysis/Output_for_analysis/06_Meta_geospatial_extraction_with_comids/watershed_shapefiles
Reference_watershed.shx,,N/A,N/A,/Cavaiani_2024_Metaanalysis/Output_for_analysis/06_Meta_geospatial_extraction_with_comids/watershed_shapefiles
Rocky_Fire_watershed.dbf,,N/A,N/A,/Cavaiani_2024_Metaanalysis/Output_for_analysis/06_Meta_geospatial_extraction_with_comids/watershed_shapefiles
Rocky_Fire_watershed.prj,,N/A,N/A,/Cavaiani_2024_Metaanalysis/Output_for_analysis/06_Meta_geospatial_extraction_with_comids/watershed_shapefiles
Rocky_Fire_watershed.shp,,N/A,N/A,/Cavaiani_2024_Metaanalysis/Output_for_analysis/06_Meta_geospatial_extraction_with_comids/watershed_shapefiles
Rocky_Fire_watershed.shx,,N/A,N/A,/Cavaiani_2024_Metaanalysis/Output_for_analysis/06_Meta_geospatial_extraction_with_comids/watershed_shapefiles
San_Onofre_watershed.dbf,,N/A,N/A,/Cavaiani_2024_Metaanalysis/Output_for_analysis/06_Meta_geospatial_extraction_with_comids/watershed_shapefiles
San_Onofre_watershed.prj,,N/A,N/A,/Cavaiani_2024_Metaanalysis/Output_for_analysis/06_Meta_geospatial_extraction_with_comids/watershed_shapefiles
San_Onofre_watershed.shp,,N/A,N/A,/Cavaiani_2024_Metaanalysis/Output_for_analysis/06_Meta_geospatial_extraction_with_comids/watershed_shapefiles
San_Onofre_watershed.shx,,N/A,N/A,/Cavaiani_2024_Metaanalysis/Output_for_analysis/06_Meta_geospatial_extraction_with_comids/watershed_shapefiles
Site_1_watershed.dbf,,N/A,N/A,/Cavaiani_2024_Metaanalysis/Output_for_analysis/06_Meta_geospatial_extraction_with_comids/watershed_shapefiles
Site_1_watershed.prj,,N/A,N/A,/Cavaiani_2024_Metaanalysis/Output_for_analysis/06_Meta_geospatial_extraction_with_comids/watershed_shapefiles
Site_1_watershed.shp,,N/A,N/A,/Cavaiani_2024_Metaanalysis/Output_for_analysis/06_Meta_geospatial_extraction_with_comids/watershed_shapefiles
Site_1_watershed.shx,,N/A,N/A,/Cavaiani_2024_Metaanalysis/Output_for_analysis/06_Meta_geospatial_extraction_with_comids/watershed_shapefiles
Site_2_watershed.dbf,,N/A,N/A,/Cavaiani_2024_Metaanalysis/Output_for_analysis/06_Meta_geospatial_extraction_with_comids/watershed_shapefiles
Site_2_watershed.prj,,N/A,N/A,/Cavaiani_2024_Metaanalysis/Output_for_analysis/06_Meta_geospatial_extraction_with_comids/watershed_shapefiles
Site_2_watershed.shp,,N/A,N/A,/Cavaiani_2024_Metaanalysis/Output_for_analysis/06_Meta_geospatial_extraction_with_comids/watershed_shapefiles
Site_2_watershed.shx,,N/A,N/A,/Cavaiani_2024_Metaanalysis/Output_for_analysis/06_Meta_geospatial_extraction_with_comids/watershed_shapefiles
Site_3_watershed.dbf,,N/A,N/A,/Cavaiani_2024_Metaanalysis/Output_for_analysis/06_Meta_geospatial_extraction_with_comids/watershed_shapefiles
Site_3_watershed.prj,,N/A,N/A,/Cavaiani_2024_Metaanalysis/Output_for_analysis/06_Meta_geospatial_extraction_with_comids/watershed_shapefiles
Site_3_watershed.shp,,N/A,N/A,/Cavaiani_2024_Metaanalysis/Output_for_analysis/06_Meta_geospatial_extraction_with_comids/watershed_shapefiles
Site_3_watershed.shx,,N/A,N/A,/Cavaiani_2024_Metaanalysis/Output_for_analysis/06_Meta_geospatial_extraction_with_comids/watershed_shapefiles
Spanish_Fork_Lower_watershed.dbf,,N/A,N/A,/Cavaiani_2024_Metaanalysis/Output_for_analysis/06_Meta_geospatial_extraction_with_comids/watershed_shapefiles
Spanish_Fork_Lower_watershed.prj,,N/A,N/A,/Cavaiani_2024_Metaanalysis/Output_for_analysis/06_Meta_geospatial_extraction_with_comids/watershed_shapefiles
Spanish_Fork_Lower_watershed.shp,,N/A,N/A,/Cavaiani_2024_Metaanalysis/Output_for_analysis/06_Meta_geospatial_extraction_with_comids/watershed_shapefiles
Spanish_Fork_Lower_watershed.shx,,N/A,N/A,/Cavaiani_2024_Metaanalysis/Output_for_analysis/06_Meta_geospatial_extraction_with_comids/watershed_shapefiles
Spanish_Fork_Upper_watershed.dbf,,N/A,N/A,/Cavaiani_2024_Metaanalysis/Output_for_analysis/06_Meta_geospatial_extraction_with_comids/watershed_shapefiles
Spanish_Fork_Upper_watershed.prj,,N/A,N/A,/Cavaiani_2024_Metaanalysis/Output_for_analysis/06_Meta_geospatial_extraction_with_comids/watershed_shapefiles
Spanish_Fork_Upper_watershed.shp,,N/A,N/A,/Cavaiani_2024_Metaanalysis/Output_for_analysis/06_Meta_geospatial_extraction_with_comids/watershed_shapefiles
Spanish_Fork_Upper_watershed.shx,,N/A,N/A,/Cavaiani_2024_Metaanalysis/Output_for_analysis/06_Meta_geospatial_extraction_with_comids/watershed_shapefiles
Trout_Creek_watershed.dbf,,N/A,N/A,/Cavaiani_2024_Metaanalysis/Output_for_analysis/06_Meta_geospatial_extraction_with_comids/watershed_shapefiles
Trout_Creek_watershed.prj,,N/A,N/A,/Cavaiani_2024_Metaanalysis/Output_for_analysis/06_Meta_geospatial_extraction_with_comids/watershed_shapefiles
Trout_Creek_watershed.shp,,N/A,N/A,/Cavaiani_2024_Metaanalysis/Output_for_analysis/06_Meta_geospatial_extraction_with_comids/watershed_shapefiles
Trout_Creek_watershed.shx,,N/A,N/A,/Cavaiani_2024_Metaanalysis/Output_for_analysis/06_Meta_geospatial_extraction_with_comids/watershed_shapefiles
US1_watershed.dbf,,N/A,N/A,/Cavaiani_2024_Metaanalysis/Output_for_analysis/06_Meta_geospatial_extraction_with_comids/watershed_shapefiles
US1_watershed.prj,,N/A,N/A,/Cavaiani_2024_Metaanalysis/Output_for_analysis/06_Meta_geospatial_extraction_with_comids/watershed_shapefiles
US1_watershed.shp,,N/A,N/A,/Cavaiani_2024_Metaanalysis/Output_for_analysis/06_Meta_geospatial_extraction_with_comids/watershed_shapefiles
US1_watershed.shx,,N/A,N/A,/Cavaiani_2024_Metaanalysis/Output_for_analysis/06_Meta_geospatial_extraction_with_comids/watershed_shapefiles
US2_watershed.dbf,,N/A,N/A,/Cavaiani_2024_Metaanalysis/Output_for_analysis/06_Meta_geospatial_extraction_with_comids/watershed_shapefiles
US2_watershed.prj,,N/A,N/A,/Cavaiani_2024_Metaanalysis/Output_for_analysis/06_Meta_geospatial_extraction_with_comids/watershed_shapefiles
US2_watershed.shp,,N/A,N/A,/Cavaiani_2024_Metaanalysis/Output_for_analysis/06_Meta_geospatial_extraction_with_comids/watershed_shapefiles
US2_watershed.shx,,N/A,N/A,/Cavaiani_2024_Metaanalysis/Output_for_analysis/06_Meta_geospatial_extraction_with_comids/watershed_shapefiles
Upper_MacDonald_Creek_watershed.dbf,,N/A,N/A,/Cavaiani_2024_Metaanalysis/Output_for_analysis/06_Meta_geospatial_extraction_with_comids/watershed_shapefiles
Upper_MacDonald_Creek_watershed.prj,,N/A,N/A,/Cavaiani_2024_Metaanalysis/Output_for_analysis/06_Meta_geospatial_extraction_with_comids/watershed_shapefiles
Upper_MacDonald_Creek_watershed.shp,,N/A,N/A,/Cavaiani_2024_Metaanalysis/Output_for_analysis/06_Meta_geospatial_extraction_with_comids/watershed_shapefiles
Upper_MacDonald_Creek_watershed.shx,,N/A,N/A,/Cavaiani_2024_Metaanalysis/Output_for_analysis/06_Meta_geospatial_extraction_with_comids/watershed_shapefiles
Wally_Creek_watershed.dbf,,N/A,N/A,/Cavaiani_2024_Metaanalysis/Output_for_analysis/06_Meta_geospatial_extraction_with_comids/watershed_shapefiles
Wally_Creek_watershed.prj,,N/A,N/A,/Cavaiani_2024_Metaanalysis/Output_for_analysis/06_Meta_geospatial_extraction_with_comids/watershed_shapefiles
Wally_Creek_watershed.shp,,N/A,N/A,/Cavaiani_2024_Metaanalysis/Output_for_analysis/06_Meta_geospatial_extraction_with_comids/watershed_shapefiles
Wally_Creek_watershed.shx,,N/A,N/A,/Cavaiani_2024_Metaanalysis/Output_for_analysis/06_Meta_geospatial_extraction_with_comids/watershed_shapefiles
Wash_Branch_watershed.dbf,,N/A,N/A,/Cavaiani_2024_Metaanalysis/Output_for_analysis/06_Meta_geospatial_extraction_with_comids/watershed_shapefiles
Wash_Branch_watershed.prj,,N/A,N/A,/Cavaiani_2024_Metaanalysis/Output_for_analysis/06_Meta_geospatial_extraction_with_comids/watershed_shapefiles
Wash_Branch_watershed.shp,,N/A,N/A,/Cavaiani_2024_Metaanalysis/Output_for_analysis/06_Meta_geospatial_extraction_with_comids/watershed_shapefiles
Wash_Branch_watershed.shx,,N/A,N/A,/Cavaiani_2024_Metaanalysis/Output_for_analysis/06_Meta_geospatial_extraction_with_comids/watershed_shapefiles
Wragg_Fire_watershed.dbf,,N/A,N/A,/Cavaiani_2024_Metaanalysis/Output_for_analysis/06_Meta_geospatial_extraction_with_comids/watershed_shapefiles
Wragg_Fire_watershed.prj,,N/A,N/A,/Cavaiani_2024_Metaanalysis/Output_for_analysis/06_Meta_geospatial_extraction_with_comids/watershed_shapefiles
Wragg_Fire_watershed.shp,,N/A,N/A,/Cavaiani_2024_Metaanalysis/Output_for_analysis/06_Meta_geospatial_extraction_with_comids/watershed_shapefiles
Wragg_Fire_watershed.shx,,N/A,N/A,/Cavaiani_2024_Metaanalysis/Output_for_analysis/06_Meta_geospatial_extraction_with_comids/watershed_shapefiles
Burn_percentage_ES_CIs.csv,Confidence intervals calculated for the effect size for each burn percentage interval.,ESS-DIVE CSV v1,"""N/A""; ""-9999""; """"; ""NA""",/Cavaiani_2024_Metaanalysis/Output_for_analysis/07_Meta_effect_size_models
Burn_percentage_ES_fig_data.csv,Data used to generate the effect size burn percentage figure for this manuscript.,ESS-DIVE CSV v1,"""N/A""; ""-9999""; """"; ""NA""",/Cavaiani_2024_Metaanalysis/Output_for_analysis/07_Meta_effect_size_models
doc_meta_random_forest 1.39.32 PM.csv,,ESS-DIVE CSV v1,"""N/A""; ""-9999""; """"; ""NA""",/Cavaiani_2024_Metaanalysis/Output_for_analysis/07_Meta_effect_size_models
effect_size_geospatial_fire.csv,Catchment characteristics associated with effect sizes for each watershed included in the final meta-analysis. Example characteristics include elevation; slope; area.,ESS-DIVE CSV v1,"""N/A""; ""-9999""; """"; ""NA""",/Cavaiani_2024_Metaanalysis/Output_for_analysis/07_Meta_effect_size_models
effect_size_geospatial_fire_lat_long.csv,Catchment characteristics associated with effect sizes and geographic coordinates for each watershed included in the final meta-analysis. Example characteristics include elevation; slope; area.,ESS-DIVE CSV v1,"""N/A""; ""-9999""; """"; ""NA""",/Cavaiani_2024_Metaanalysis/Output_for_analysis/07_Meta_effect_size_models
severity_clip.csv,,ESS-DIVE CSV v1,"""N/A""; ""-9999""; """"; ""NA""",/Cavaiani_2024_Metaanalysis/Output_for_analysis/07_Meta_effect_size_models
doc_meta_random_forest.csv,Effect sizes for dissolved organic carbon (DOC) linked with predictor variables for random forest models.,ESS-DIVE CSV v1,"""N/A""; ""-9999""; """"; ""NA""",/Cavaiani_2024_Metaanalysis/Output_for_analysis/08_Meta_summary_stats
meta_summary.csv,,ESS-DIVE CSV v1,"""N/A""; ""-9999""; """"; ""NA""",/Cavaiani_2024_Metaanalysis/Output_for_analysis/08_Meta_summary_stats
no3_meta_random_forest.csv,Effect sizes for nitrate (NO3) linked with predictor variables for random forest models.,ESS-DIVE CSV v1,"""N/A""; ""-9999""; """"; ""NA""",/Cavaiani_2024_Metaanalysis/Output_for_analysis/08_Meta_summary_stats
DOC_CV_temp_norm_fig_data.csv,Coefficient of variation (CV) of dissolved organic carbon (DOC) yield used to generate the CV figure for this manuscript.,ESS-DIVE CSV v1,"""N/A""; ""-9999""; """"; ""NA""",/Cavaiani_2024_Metaanalysis/Output_for_analysis/09_Temp_Norm_comp
DOC_temp_norm_fig_data.csv,Dissolved organic carbon (DOC) yield for each watershed.,ESS-DIVE CSV v1,"""N/A""; ""-9999""; """"; ""NA""",/Cavaiani_2024_Metaanalysis/Output_for_analysis/09_Temp_Norm_comp
NO3_CV_temp_norm_fig_data.csv,Coefficient of variation (CV) of nitrate (NO3) yield used to generate the CV figure for this manuscript.,ESS-DIVE CSV v1,"""N/A""; ""-9999""; """"; ""NA""",/Cavaiani_2024_Metaanalysis/Output_for_analysis/09_Temp_Norm_comp
NO3_temp_norm_fig_data.csv,Nitrate (NO3) yield for each watershed.,ESS-DIVE CSV v1,"""N/A""; ""-9999""; """"; ""NA""",/Cavaiani_2024_Metaanalysis/Output_for_analysis/09_Temp_Norm_comp
doc_yield_meta_random_forest.csv,Yield for dissolved organic carbon (DOC) linked with predictor variables for random forest models.,ESS-DIVE CSV v1,"""N/A""; ""-9999""; """"; ""NA""",/Cavaiani_2024_Metaanalysis/Output_for_analysis/09_Temp_Norm_comp
no3_yield_meta_random_forest.csv,Yield for nitrate (NO3) linked with predictor variables for random forest models.,ESS-DIVE CSV v1,"""N/A""; ""-9999""; """"; ""NA""",/Cavaiani_2024_Metaanalysis/Output_for_analysis/09_Temp_Norm_comp
Random_Forest_Effect_Size_Fig_data.csv,Random forest model outputs.,ESS-DIVE CSV v1,"""N/A""; ""-9999""; """"; ""NA""",/Cavaiani_2024_Metaanalysis/Output_for_analysis/11_Random_forest
Fire_thresholds.csv,,ESS-DIVE CSV v1,"""N/A""; ""-9999""; """"; ""NA""",/Cavaiani_2024_Metaanalysis/Output_for_analysis/13_Meta_calculate_thresholds_per_fire
Burn_severity_ES_CIs.csv,,ESS-DIVE CSV v1,"""N/A""; ""-9999""; """"; ""NA""",/Cavaiani_2024_Metaanalysis/Output_for_analysis/14_Meta_calculate_burn_severity
Burn_severity_ES_fig_data.csv,,ESS-DIVE CSV v1,"""N/A""; ""-9999""; """"; ""NA""",/Cavaiani_2024_Metaanalysis/Output_for_analysis/14_Meta_calculate_burn_severity
DNBR_Severity.csv,,ESS-DIVE CSV v1,"""N/A""; ""-9999""; """"; ""NA""",/Cavaiani_2024_Metaanalysis/Output_for_analysis/14_Meta_calculate_burn_severity
watershed_count_per_year.csv,,ESS-DIVE CSV v1,"""N/A""; ""-9999""; """"; ""NA""",/Cavaiani_2024_Metaanalysis/Output_for_analysis/14_Meta_calculate_burn_severity
01_Crandall_effect_size.Rmd,The R code used to interpolate daily concentrations to calculate yield and effect sizes for each watershed.,N/A,N/A,/Cavaiani_2024_Metaanalysis/R_scripts
02_Abbott_effect_size.Rmd,The R code used to interpolate daily concentrations to calculate yield and effect sizes for each watershed.,N/A,N/A,/Cavaiani_2024_Metaanalysis/R_scripts
03_Rhea_effect_size.Rmd,The R code used to interpolate daily concentrations to calculate yield and effect sizes for each watershed.,N/A,N/A,/Cavaiani_2024_Metaanalysis/R_scripts
04_Meta_merge_all_studies_effect_size.Rmd,The R code to merge all the effect sizes across all the studies in the final meta-analysis and prep data for statistical analysis and to generate effect size plots used in the manuscript.,N/A,N/A,/Cavaiani_2024_Metaanalysis/R_scripts
05_Meta_geospatial_check_comids.Rmd,The R code to extract catchment characteristics for each watershed included in this meta-analysis.,N/A,N/A,/Cavaiani_2024_Metaanalysis/R_scripts
06_Meta_geospatial_extraction_with_comids.Rmd,The R code to extract fire characteristics for each watershed included in this meta-analysis.,N/A,N/A,/Cavaiani_2024_Metaanalysis/R_scripts
07_Meta_effect_size_models.Rmd,The R code to perform models for effect size against burn characterizations.,N/A,N/A,/Cavaiani_2024_Metaanalysis/R_scripts
08_Meta_summary_stats.Rmd,The R code to investigate the structure and makeup of the data from the included studies.,N/A,N/A,/Cavaiani_2024_Metaanalysis/R_scripts
09_Temp_Norm_comp.Rmd,The R code to read in the studies from the final meta data list and to normalize daily stream concentrations by time and plot burn versus unburned concentrations for a presentation figure.,N/A,N/A,/Cavaiani_2024_Metaanalysis/R_scripts
10_Map.Rmd,The R code to generate the map figure included in this manuscript.,N/A,N/A,/Cavaiani_2024_Metaanalysis/R_scripts
11_Meta_random_forest.Rmd,The R code to run random forests  models for dissolved organic carbon (DOC) and nitrate (NO3) effect sizes using catchment characteristics as predictors.,N/A,N/A,/Cavaiani_2024_Metaanalysis/R_scripts
12_Meta_Clean_MTBS_files.Rmd,,N/A,N/A,/Cavaiani_2024_Metaanalysis/R_scripts
13_Meta_calculate_thresholds_per_fire.Rmd,,N/A,N/A,/Cavaiani_2024_Metaanalysis/R_scripts
14_Meta_calculate_burn_severity.Rmd,,N/A,N/A,/Cavaiani_2024_Metaanalysis/R_scripts
15_Meta_calculate_effect_sizes_papers.Rmd,,N/A,N/A,/Cavaiani_2024_Metaanalysis/R_scripts
utah_watershed_explore.Rmd,,N/A,N/A,/Cavaiani_2024_Metaanalysis/R_scripts
placeholder.csv,Example data frame for how to structure geographic information for watersheds to generate catchment characteristics.,ESS-DIVE CSV v1,"""N/A""; ""-9999""; """"; ""NA""",/Cavaiani_2024_Metaanalysis/R_scripts/data
site_flowlines.gpkg,Geospatial data used to create flowlines for each river or stream.,N/A,N/A,/Cavaiani_2024_Metaanalysis/R_scripts/data
Global-AI_PET_v3_Readme.pdf,The Global Aridity Index (Global-AI) and Global Reference Evapo-Transpiration (Global- ET0) datasets provided in Version 3 of the Global Aridity Index and Potential Evapo- Transpiration (ET0) Database (Global-AI_PET_v3) provide high-resolution (30 arc-seconds) global raster data for the 1970-2000 period related to evapotranspiration processes and rainfall deficit for potential vegetative growth; based upon implementation of the FAO-56 Penman- Monteith Reference Evapotranspiration (ET0) equation.,N/A,N/A,/Cavaiani_2024_Metaanalysis/R_scripts/data/Global-AI_ET0_v3_annual
ai_v3_yr.tfw,Aridity index data.,N/A,N/A,/Cavaiani_2024_Metaanalysis/R_scripts/data/Global-AI_ET0_v3_annual
Akokala_Creek.jpg,Image of extracted watershed. The file name indicates the name of the creek associated with a particular watershed.,N/A,N/A,/Cavaiani_2024_Metaanalysis/R_scripts/data/maps
Arroyo_Hondo.jpg,Image of extracted watershed. The file name indicates the name of the creek associated with a particular watershed.,N/A,N/A,/Cavaiani_2024_Metaanalysis/R_scripts/data/maps
Benjamin_Slough.jpg,Image of extracted watershed. The file name indicates the name of the creek associated with a particular watershed.,N/A,N/A,/Cavaiani_2024_Metaanalysis/R_scripts/data/maps
Bowman_Creek.jpg,Image of extracted watershed. The file name indicates the name of the creek associated with a particular watershed.,N/A,N/A,/Cavaiani_2024_Metaanalysis/R_scripts/data/maps
Camas_Creek.jpg,Image of extracted watershed. The file name indicates the name of the creek associated with a particular watershed.,N/A,N/A,/Cavaiani_2024_Metaanalysis/R_scripts/data/maps
Coal.jpg,Image of extracted watershed. The file name indicates the name of the creek associated with a particular watershed.,N/A,N/A,/Cavaiani_2024_Metaanalysis/R_scripts/data/maps
Coal_Creek.jpg,Image of extracted watershed. The file name indicates the name of the creek associated with a particular watershed.,N/A,N/A,/Cavaiani_2024_Metaanalysis/R_scripts/data/maps
Cold_Creek.jpg,Image of extracted watershed. The file name indicates the name of the creek associated with a particular watershed.,N/A,N/A,/Cavaiani_2024_Metaanalysis/R_scripts/data/maps
Control.jpg,Image of extracted watershed. The file name indicates the name of the creek associated with a particular watershed.,N/A,N/A,/Cavaiani_2024_Metaanalysis/R_scripts/data/maps
Crane_Creek.jpg,Image of extracted watershed. The file name indicates the name of the creek associated with a particular watershed.,N/A,N/A,/Cavaiani_2024_Metaanalysis/R_scripts/data/maps
Crow_Creek.jpg,Image of extracted watershed. The file name indicates the name of the creek associated with a particular watershed.,N/A,N/A,/Cavaiani_2024_Metaanalysis/R_scripts/data/maps
DS1.jpg,Image of extracted watershed. The file name indicates the name of the creek associated with a particular watershed.,N/A,N/A,/Cavaiani_2024_Metaanalysis/R_scripts/data/maps
DS2.jpg,Image of extracted watershed. The file name indicates the name of the creek associated with a particular watershed.,N/A,N/A,/Cavaiani_2024_Metaanalysis/R_scripts/data/maps
DS3.jpg,Image of extracted watershed. The file name indicates the name of the creek associated with a particular watershed.,N/A,N/A,/Cavaiani_2024_Metaanalysis/R_scripts/data/maps
Dry_Creek.jpg,Image of extracted watershed. The file name indicates the name of the creek associated with a particular watershed.,N/A,N/A,/Cavaiani_2024_Metaanalysis/R_scripts/data/maps
Fish_Creek.jpg,Image of extracted watershed. The file name indicates the name of the creek associated with a particular watershed.,N/A,N/A,/Cavaiani_2024_Metaanalysis/R_scripts/data/maps
Gaviota.jpg,Image of extracted watershed. The file name indicates the name of the creek associated with a particular watershed.,N/A,N/A,/Cavaiani_2024_Metaanalysis/R_scripts/data/maps
Grade_Creek.jpg,Image of extracted watershed. The file name indicates the name of the creek associated with a particular watershed.,N/A,N/A,/Cavaiani_2024_Metaanalysis/R_scripts/data/maps
Hobble_Creek_Lower.jpg,Image of extracted watershed. The file name indicates the name of the creek associated with a particular watershed.,N/A,N/A,/Cavaiani_2024_Metaanalysis/R_scripts/data/maps
Hobble_Creek_Upper.jpg,Image of extracted watershed. The file name indicates the name of the creek associated with a particular watershed.,N/A,N/A,/Cavaiani_2024_Metaanalysis/R_scripts/data/maps
Jones_Creek.jpg,Image of extracted watershed. The file name indicates the name of the creek associated with a particular watershed.,N/A,N/A,/Cavaiani_2024_Metaanalysis/R_scripts/data/maps
Logging_Creek.jpg,Image of extracted watershed. The file name indicates the name of the creek associated with a particular watershed.,N/A,N/A,/Cavaiani_2024_Metaanalysis/R_scripts/data/maps
Lower_MacDonald_Creek.jpg,Image of extracted watershed. The file name indicates the name of the creek associated with a particular watershed.,N/A,N/A,/Cavaiani_2024_Metaanalysis/R_scripts/data/maps
Middle_Fork.jpg,Image of extracted watershed. The file name indicates the name of the creek associated with a particular watershed.,N/A,N/A,/Cavaiani_2024_Metaanalysis/R_scripts/data/maps
Mill_Race.jpg,Image of extracted watershed. The file name indicates the name of the creek associated with a particular watershed.,N/A,N/A,/Cavaiani_2024_Metaanalysis/R_scripts/data/maps
Mitsubishi_Race.jpg,Image of extracted watershed. The file name indicates the name of the creek associated with a particular watershed.,N/A,N/A,/Cavaiani_2024_Metaanalysis/R_scripts/data/maps
North_Fork.jpg,Image of extracted watershed. The file name indicates the name of the creek associated with a particular watershed.,N/A,N/A,/Cavaiani_2024_Metaanalysis/R_scripts/data/maps
PBR.jpg,Image of extracted watershed. The file name indicates the name of the creek associated with a particular watershed.,N/A,N/A,/Cavaiani_2024_Metaanalysis/R_scripts/data/maps
PNF.jpg,Image of extracted watershed. The file name indicates the name of the creek associated with a particular watershed.,N/A,N/A,/Cavaiani_2024_Metaanalysis/R_scripts/data/maps
PSF.jpg,Image of extracted watershed. The file name indicates the name of the creek associated with a particular watershed.,N/A,N/A,/Cavaiani_2024_Metaanalysis/R_scripts/data/maps
Payson.jpg,Image of extracted watershed. The file name indicates the name of the creek associated with a particular watershed.,N/A,N/A,/Cavaiani_2024_Metaanalysis/R_scripts/data/maps
Pinchot.jpg,Image of extracted watershed. The file name indicates the name of the creek associated with a particular watershed.,N/A,N/A,/Cavaiani_2024_Metaanalysis/R_scripts/data/maps
Provo_River.jpg,Image of extracted watershed. The file name indicates the name of the creek associated with a particular watershed.,N/A,N/A,/Cavaiani_2024_Metaanalysis/R_scripts/data/maps
Quartz_Creek.jpg,Image of extracted watershed. The file name indicates the name of the creek associated with a particular watershed.,N/A,N/A,/Cavaiani_2024_Metaanalysis/R_scripts/data/maps
Rattlesnake.jpg,Image of extracted watershed. The file name indicates the name of the creek associated with a particular watershed.,N/A,N/A,/Cavaiani_2024_Metaanalysis/R_scripts/data/maps
Red_Bench_Creek.jpg,Image of extracted watershed. The file name indicates the name of the creek associated with a particular watershed.,N/A,N/A,/Cavaiani_2024_Metaanalysis/R_scripts/data/maps
Red_Meadow_Creek.jpg,Image of extracted watershed. The file name indicates the name of the creek associated with a particular watershed.,N/A,N/A,/Cavaiani_2024_Metaanalysis/R_scripts/data/maps
Reference.jpg,Image of extracted watershed. The file name indicates the name of the creek associated with a particular watershed.,N/A,N/A,/Cavaiani_2024_Metaanalysis/R_scripts/data/maps
Rocky_Fire.jpg,Image of extracted watershed. The file name indicates the name of the creek associated with a particular watershed.,N/A,N/A,/Cavaiani_2024_Metaanalysis/R_scripts/data/maps
San_Onofre.jpg,Image of extracted watershed. The file name indicates the name of the creek associated with a particular watershed.,N/A,N/A,/Cavaiani_2024_Metaanalysis/R_scripts/data/maps
Site_1.jpg,Image of extracted watershed. The file name indicates the name of the creek associated with a particular watershed.,N/A,N/A,/Cavaiani_2024_Metaanalysis/R_scripts/data/maps
Site_2.jpg,Image of extracted watershed. The file name indicates the name of the creek associated with a particular watershed.,N/A,N/A,/Cavaiani_2024_Metaanalysis/R_scripts/data/maps
Site_3.jpg,Image of extracted watershed. The file name indicates the name of the creek associated with a particular watershed.,N/A,N/A,/Cavaiani_2024_Metaanalysis/R_scripts/data/maps
Spanish_Fork_Lower.jpg,Image of extracted watershed. The file name indicates the name of the creek associated with a particular watershed.,N/A,N/A,/Cavaiani_2024_Metaanalysis/R_scripts/data/maps
Spanish_Fork_Upper.jpg,Image of extracted watershed. The file name indicates the name of the creek associated with a particular watershed.,N/A,N/A,/Cavaiani_2024_Metaanalysis/R_scripts/data/maps
Trout_Creek.jpg,Image of extracted watershed. The file name indicates the name of the creek associated with a particular watershed.,N/A,N/A,/Cavaiani_2024_Metaanalysis/R_scripts/data/maps
US1.jpg,Image of extracted watershed. The file name indicates the name of the creek associated with a particular watershed.,N/A,N/A,/Cavaiani_2024_Metaanalysis/R_scripts/data/maps
US2.jpg,Image of extracted watershed. The file name indicates the name of the creek associated with a particular watershed.,N/A,N/A,/Cavaiani_2024_Metaanalysis/R_scripts/data/maps
Upper_MacDonald_Creek.jpg,Image of extracted watershed. The file name indicates the name of the creek associated with a particular watershed.,N/A,N/A,/Cavaiani_2024_Metaanalysis/R_scripts/data/maps
Wally_Creek.jpg,Image of extracted watershed. The file name indicates the name of the creek associated with a particular watershed.,N/A,N/A,/Cavaiani_2024_Metaanalysis/R_scripts/data/maps
Wash_Branch.jpg,Image of extracted watershed. The file name indicates the name of the creek associated with a particular watershed.,N/A,N/A,/Cavaiani_2024_Metaanalysis/R_scripts/data/maps
Wragg_Fire.jpg,Image of extracted watershed. The file name indicates the name of the creek associated with a particular watershed.,N/A,N/A,/Cavaiani_2024_Metaanalysis/R_scripts/data/maps
getAridity.R,The R code to generate aridity indices.,N/A,N/A,/Cavaiani_2024_Metaanalysis/R_scripts/data/src
getChemistry.R,The R code to generate stream chemistry for each watershed.,N/A,N/A,/Cavaiani_2024_Metaanalysis/R_scripts/data/src
getMaps.R,The R code to generate images of watershed boundaries.,N/A,N/A,/Cavaiani_2024_Metaanalysis/R_scripts/data/src
getNHDcomid.R,The R code that uses the National Hydrography Dataset (NHD) to generate watershed characteristics using common identifiers.,N/A,N/A,/Cavaiani_2024_Metaanalysis/R_scripts/data/src
getNHDxy.R,This function links coordinates to their associated National Hydrography Dataset (NHD) flowline.,N/A,N/A,/Cavaiani_2024_Metaanalysis/R_scripts/data/src
getOmernikSite.R,The R code function to get Environmental Protection Agency (EPA) ecoregions for each sample location.,N/A,N/A,/Cavaiani_2024_Metaanalysis/R_scripts/data/src
getOmernikWs.R,Level III and IV Ecoregions of the Continental United States.,N/A,N/A,/Cavaiani_2024_Metaanalysis/R_scripts/data/src
getPRISM.R,A function to extract a location's 30-year normal mean; maximum; minimum temperature and mean precipitation from Parameter-elevation Regressions on Independent Slopes Model (PRISM).,N/A,N/A,/Cavaiani_2024_Metaanalysis/R_scripts/data/src
getStreamCat.R,This function pulls data from the Environmental Protection Agency's (EPA) StreamCat database to extract wildfire characteristics for each catchment (Cat).,N/A,N/A,/Cavaiani_2024_Metaanalysis/R_scripts/data/src
getWatersheds.R,The R code to generate watershed boundaries.,N/A,N/A,/Cavaiani_2024_Metaanalysis/R_scripts/data/src
sus_mapper.R,The R code to generate suspected watershed boundaries that were not identified correctly.,N/A,N/A,/Cavaiani_2024_Metaanalysis/R_scripts/data/src
ak6913315063620070716_20070620_20080614_burn_bndy.shp,The fire perimeter polygon shapefile for the Anaktuvuk wildfire. Numbers correspond to geographic data for the polygon.,N/A,N/A,/Cavaiani_2024_Metaanalysis/gis_data/Fire_Perimeters/Anaktuvuk_River_2007
ak6913315063620070716_20070620_20080614_mask.shp,The masked raster layer for the shapefile for the Anaktuvuk wildfire. Numbers correspond to geographic data for the polygon.,N/A,N/A,/Cavaiani_2024_Metaanalysis/gis_data/Fire_Perimeters/Anaktuvuk_River_2007
Matt_Fire_1985.shp,Shape file for the Matt wildfire.,N/A,N/A,/Cavaiani_2024_Metaanalysis/gis_data/Fire_Perimeters/Matt_Fire_1985
Northwest_Territories_2013.shp,Shape file for the Northwest Territories wildfire.,N/A,N/A,/Cavaiani_2024_Metaanalysis/gis_data/Fire_Perimeters/Northwest_Territories_2013
CA3888612004020070623_20060812_20080630_metadata.xml,,N/A,N/A,/Cavaiani_2024_Metaanalysis/gis_data/Fire_Perimeters/angora/mtbs/2007/ca3888612004020070623
angora.kmz,,N/A,N/A,/Cavaiani_2024_Metaanalysis/gis_data/Fire_Perimeters/angora/mtbs/2007/ca3888612004020070623
angora_burn_bndy.dbf,,N/A,N/A,/Cavaiani_2024_Metaanalysis/gis_data/Fire_Perimeters/angora/mtbs/2007/ca3888612004020070623
angora_burn_bndy.prj,,N/A,N/A,/Cavaiani_2024_Metaanalysis/gis_data/Fire_Perimeters/angora/mtbs/2007/ca3888612004020070623
angora_burn_bndy.sbn,,N/A,N/A,/Cavaiani_2024_Metaanalysis/gis_data/Fire_Perimeters/angora/mtbs/2007/ca3888612004020070623
angora_burn_bndy.sbx,,N/A,N/A,/Cavaiani_2024_Metaanalysis/gis_data/Fire_Perimeters/angora/mtbs/2007/ca3888612004020070623
angora_burn_bndy.shp,,N/A,N/A,/Cavaiani_2024_Metaanalysis/gis_data/Fire_Perimeters/angora/mtbs/2007/ca3888612004020070623
angora_burn_bndy.shx,,N/A,N/A,/Cavaiani_2024_Metaanalysis/gis_data/Fire_Perimeters/angora/mtbs/2007/ca3888612004020070623
angora_dnbr.aux,,N/A,N/A,/Cavaiani_2024_Metaanalysis/gis_data/Fire_Perimeters/angora/mtbs/2007/ca3888612004020070623
angora_dnbr.rrd,,N/A,N/A,/Cavaiani_2024_Metaanalysis/gis_data/Fire_Perimeters/angora/mtbs/2007/ca3888612004020070623
angora_dnbr.tif,,N/A,N/A,/Cavaiani_2024_Metaanalysis/gis_data/Fire_Perimeters/angora/mtbs/2007/ca3888612004020070623
angora_dnbr6.aux,,N/A,N/A,/Cavaiani_2024_Metaanalysis/gis_data/Fire_Perimeters/angora/mtbs/2007/ca3888612004020070623
angora_dnbr6.rrd,,N/A,N/A,/Cavaiani_2024_Metaanalysis/gis_data/Fire_Perimeters/angora/mtbs/2007/ca3888612004020070623
angora_dnbr6.tif,,N/A,N/A,/Cavaiani_2024_Metaanalysis/gis_data/Fire_Perimeters/angora/mtbs/2007/ca3888612004020070623
angora_map.pdf,,N/A,N/A,/Cavaiani_2024_Metaanalysis/gis_data/Fire_Perimeters/angora/mtbs/2007/ca3888612004020070623
angora_mask.dbf,,N/A,N/A,/Cavaiani_2024_Metaanalysis/gis_data/Fire_Perimeters/angora/mtbs/2007/ca3888612004020070623
angora_mask.prj,,N/A,N/A,/Cavaiani_2024_Metaanalysis/gis_data/Fire_Perimeters/angora/mtbs/2007/ca3888612004020070623
angora_mask.sbn,,N/A,N/A,/Cavaiani_2024_Metaanalysis/gis_data/Fire_Perimeters/angora/mtbs/2007/ca3888612004020070623
angora_mask.sbx,,N/A,N/A,/Cavaiani_2024_Metaanalysis/gis_data/Fire_Perimeters/angora/mtbs/2007/ca3888612004020070623
angora_mask.shp,,N/A,N/A,/Cavaiani_2024_Metaanalysis/gis_data/Fire_Perimeters/angora/mtbs/2007/ca3888612004020070623
angora_mask.shx,,N/A,N/A,/Cavaiani_2024_Metaanalysis/gis_data/Fire_Perimeters/angora/mtbs/2007/ca3888612004020070623
angora_metadata.xml,,N/A,N/A,/Cavaiani_2024_Metaanalysis/gis_data/Fire_Perimeters/angora/mtbs/2007/ca3888612004020070623
angora_post_l5_refl.aux,,N/A,N/A,/Cavaiani_2024_Metaanalysis/gis_data/Fire_Perimeters/angora/mtbs/2007/ca3888612004020070623
angora_post_l5_refl.rrd,,N/A,N/A,/Cavaiani_2024_Metaanalysis/gis_data/Fire_Perimeters/angora/mtbs/2007/ca3888612004020070623
angora_post_l5_refl.tif,,N/A,N/A,/Cavaiani_2024_Metaanalysis/gis_data/Fire_Perimeters/angora/mtbs/2007/ca3888612004020070623
angora_pre_l5_refl.aux,,N/A,N/A,/Cavaiani_2024_Metaanalysis/gis_data/Fire_Perimeters/angora/mtbs/2007/ca3888612004020070623
angora_pre_l5_refl.rrd,,N/A,N/A,/Cavaiani_2024_Metaanalysis/gis_data/Fire_Perimeters/angora/mtbs/2007/ca3888612004020070623
angora_pre_l5_refl.tif,,N/A,N/A,/Cavaiani_2024_Metaanalysis/gis_data/Fire_Perimeters/angora/mtbs/2007/ca3888612004020070623
angora_rdnbr.aux,,N/A,N/A,/Cavaiani_2024_Metaanalysis/gis_data/Fire_Perimeters/angora/mtbs/2007/ca3888612004020070623
angora_rdnbr.rrd,,N/A,N/A,/Cavaiani_2024_Metaanalysis/gis_data/Fire_Perimeters/angora/mtbs/2007/ca3888612004020070623
angora_rdnbr.tif,,N/A,N/A,/Cavaiani_2024_Metaanalysis/gis_data/Fire_Perimeters/angora/mtbs/2007/ca3888612004020070623
ca3888612004020070623_20060812_20080630.kmz,,N/A,N/A,/Cavaiani_2024_Metaanalysis/gis_data/Fire_Perimeters/angora/mtbs/2007/ca3888612004020070623
ca3888612004020070623_20060812_20080630_burn_bndy.dbf,,N/A,N/A,/Cavaiani_2024_Metaanalysis/gis_data/Fire_Perimeters/angora/mtbs/2007/ca3888612004020070623
ca3888612004020070623_20060812_20080630_burn_bndy.prj,,N/A,N/A,/Cavaiani_2024_Metaanalysis/gis_data/Fire_Perimeters/angora/mtbs/2007/ca3888612004020070623
ca3888612004020070623_20060812_20080630_burn_bndy.sbn,,N/A,N/A,/Cavaiani_2024_Metaanalysis/gis_data/Fire_Perimeters/angora/mtbs/2007/ca3888612004020070623
ca3888612004020070623_20060812_20080630_burn_bndy.sbx,,N/A,N/A,/Cavaiani_2024_Metaanalysis/gis_data/Fire_Perimeters/angora/mtbs/2007/ca3888612004020070623
ca3888612004020070623_20060812_20080630_burn_bndy.shp,,N/A,N/A,/Cavaiani_2024_Metaanalysis/gis_data/Fire_Perimeters/angora/mtbs/2007/ca3888612004020070623
ca3888612004020070623_20060812_20080630_burn_bndy.shx,,N/A,N/A,/Cavaiani_2024_Metaanalysis/gis_data/Fire_Perimeters/angora/mtbs/2007/ca3888612004020070623
ca3888612004020070623_20060812_20080630_dnbr.aux,,N/A,N/A,/Cavaiani_2024_Metaanalysis/gis_data/Fire_Perimeters/angora/mtbs/2007/ca3888612004020070623
ca3888612004020070623_20060812_20080630_dnbr.rrd,,N/A,N/A,/Cavaiani_2024_Metaanalysis/gis_data/Fire_Perimeters/angora/mtbs/2007/ca3888612004020070623
ca3888612004020070623_20060812_20080630_dnbr.tif,,N/A,N/A,/Cavaiani_2024_Metaanalysis/gis_data/Fire_Perimeters/angora/mtbs/2007/ca3888612004020070623
ca3888612004020070623_20060812_20080630_dnbr6.aux,,N/A,N/A,/Cavaiani_2024_Metaanalysis/gis_data/Fire_Perimeters/angora/mtbs/2007/ca3888612004020070623
ca3888612004020070623_20060812_20080630_dnbr6.rrd,,N/A,N/A,/Cavaiani_2024_Metaanalysis/gis_data/Fire_Perimeters/angora/mtbs/2007/ca3888612004020070623
ca3888612004020070623_20060812_20080630_dnbr6.tif,,N/A,N/A,/Cavaiani_2024_Metaanalysis/gis_data/Fire_Perimeters/angora/mtbs/2007/ca3888612004020070623
ca3888612004020070623_20060812_20080630_mask.dbf,,N/A,N/A,/Cavaiani_2024_Metaanalysis/gis_data/Fire_Perimeters/angora/mtbs/2007/ca3888612004020070623
ca3888612004020070623_20060812_20080630_mask.prj,,N/A,N/A,/Cavaiani_2024_Metaanalysis/gis_data/Fire_Perimeters/angora/mtbs/2007/ca3888612004020070623
ca3888612004020070623_20060812_20080630_mask.sbn,,N/A,N/A,/Cavaiani_2024_Metaanalysis/gis_data/Fire_Perimeters/angora/mtbs/2007/ca3888612004020070623
ca3888612004020070623_20060812_20080630_mask.sbx,,N/A,N/A,/Cavaiani_2024_Metaanalysis/gis_data/Fire_Perimeters/angora/mtbs/2007/ca3888612004020070623
ca3888612004020070623_20060812_20080630_mask.shp,,N/A,N/A,/Cavaiani_2024_Metaanalysis/gis_data/Fire_Perimeters/angora/mtbs/2007/ca3888612004020070623
ca3888612004020070623_20060812_20080630_mask.shx,,N/A,N/A,/Cavaiani_2024_Metaanalysis/gis_data/Fire_Perimeters/angora/mtbs/2007/ca3888612004020070623
ca3888612004020070623_20060812_20080630_rdnbr.aux,,N/A,N/A,/Cavaiani_2024_Metaanalysis/gis_data/Fire_Perimeters/angora/mtbs/2007/ca3888612004020070623
ca3888612004020070623_20060812_20080630_rdnbr.rrd,,N/A,N/A,/Cavaiani_2024_Metaanalysis/gis_data/Fire_Perimeters/angora/mtbs/2007/ca3888612004020070623
ca3888612004020070623_20060812_20080630_rdnbr.tif,,N/A,N/A,/Cavaiani_2024_Metaanalysis/gis_data/Fire_Perimeters/angora/mtbs/2007/ca3888612004020070623
ca3888612004020070623_20060812_l5_refl.aux,,N/A,N/A,/Cavaiani_2024_Metaanalysis/gis_data/Fire_Perimeters/angora/mtbs/2007/ca3888612004020070623
ca3888612004020070623_20060812_l5_refl.rrd,,N/A,N/A,/Cavaiani_2024_Metaanalysis/gis_data/Fire_Perimeters/angora/mtbs/2007/ca3888612004020070623
ca3888612004020070623_20060812_l5_refl.tif,,N/A,N/A,/Cavaiani_2024_Metaanalysis/gis_data/Fire_Perimeters/angora/mtbs/2007/ca3888612004020070623
ca3888612004020070623_20080630_l5_refl.aux,,N/A,N/A,/Cavaiani_2024_Metaanalysis/gis_data/Fire_Perimeters/angora/mtbs/2007/ca3888612004020070623
ca3888612004020070623_20080630_l5_refl.rrd,,N/A,N/A,/Cavaiani_2024_Metaanalysis/gis_data/Fire_Perimeters/angora/mtbs/2007/ca3888612004020070623
ca3888612004020070623_20080630_l5_refl.tif,,N/A,N/A,/Cavaiani_2024_Metaanalysis/gis_data/Fire_Perimeters/angora/mtbs/2007/ca3888612004020070623
ca3888612004020070623_map.pdf,,N/A,N/A,/Cavaiani_2024_Metaanalysis/gis_data/Fire_Perimeters/angora/mtbs/2007/ca3888612004020070623
CA3858612053820210815_20210805_20220723_metadata.xml,,N/A,N/A,/Cavaiani_2024_Metaanalysis/gis_data/Fire_Perimeters/caldor/mtbs/2021/ca3858612053820210815
ca3858612053820210815_20210805_20220723.kmz,,N/A,N/A,/Cavaiani_2024_Metaanalysis/gis_data/Fire_Perimeters/caldor/mtbs/2021/ca3858612053820210815
ca3858612053820210815_20210805_20220723_burn_bndy.dbf,,N/A,N/A,/Cavaiani_2024_Metaanalysis/gis_data/Fire_Perimeters/caldor/mtbs/2021/ca3858612053820210815
ca3858612053820210815_20210805_20220723_burn_bndy.prj,,N/A,N/A,/Cavaiani_2024_Metaanalysis/gis_data/Fire_Perimeters/caldor/mtbs/2021/ca3858612053820210815
ca3858612053820210815_20210805_20220723_burn_bndy.sbn,,N/A,N/A,/Cavaiani_2024_Metaanalysis/gis_data/Fire_Perimeters/caldor/mtbs/2021/ca3858612053820210815
ca3858612053820210815_20210805_20220723_burn_bndy.sbx,,N/A,N/A,/Cavaiani_2024_Metaanalysis/gis_data/Fire_Perimeters/caldor/mtbs/2021/ca3858612053820210815
ca3858612053820210815_20210805_20220723_burn_bndy.shp,,N/A,N/A,/Cavaiani_2024_Metaanalysis/gis_data/Fire_Perimeters/caldor/mtbs/2021/ca3858612053820210815
ca3858612053820210815_20210805_20220723_burn_bndy.shx,,N/A,N/A,/Cavaiani_2024_Metaanalysis/gis_data/Fire_Perimeters/caldor/mtbs/2021/ca3858612053820210815
ca3858612053820210815_20210805_20220723_dnbr.tif,,N/A,N/A,/Cavaiani_2024_Metaanalysis/gis_data/Fire_Perimeters/caldor/mtbs/2021/ca3858612053820210815
ca3858612053820210815_20210805_20220723_dnbr6.tif,,N/A,N/A,/Cavaiani_2024_Metaanalysis/gis_data/Fire_Perimeters/caldor/mtbs/2021/ca3858612053820210815
ca3858612053820210815_20210805_20220723_mask.dbf,,N/A,N/A,/Cavaiani_2024_Metaanalysis/gis_data/Fire_Perimeters/caldor/mtbs/2021/ca3858612053820210815
ca3858612053820210815_20210805_20220723_mask.prj,,N/A,N/A,/Cavaiani_2024_Metaanalysis/gis_data/Fire_Perimeters/caldor/mtbs/2021/ca3858612053820210815
ca3858612053820210815_20210805_20220723_mask.sbn,,N/A,N/A,/Cavaiani_2024_Metaanalysis/gis_data/Fire_Perimeters/caldor/mtbs/2021/ca3858612053820210815
ca3858612053820210815_20210805_20220723_mask.sbx,,N/A,N/A,/Cavaiani_2024_Metaanalysis/gis_data/Fire_Perimeters/caldor/mtbs/2021/ca3858612053820210815
ca3858612053820210815_20210805_20220723_mask.shp,,N/A,N/A,/Cavaiani_2024_Metaanalysis/gis_data/Fire_Perimeters/caldor/mtbs/2021/ca3858612053820210815
ca3858612053820210815_20210805_20220723_mask.shx,,N/A,N/A,/Cavaiani_2024_Metaanalysis/gis_data/Fire_Perimeters/caldor/mtbs/2021/ca3858612053820210815
ca3858612053820210815_20210805_20220723_rdnbr.tif,,N/A,N/A,/Cavaiani_2024_Metaanalysis/gis_data/Fire_Perimeters/caldor/mtbs/2021/ca3858612053820210815
ca3858612053820210815_20210805_L8_refl.tif,,N/A,N/A,/Cavaiani_2024_Metaanalysis/gis_data/Fire_Perimeters/caldor/mtbs/2021/ca3858612053820210815
ca3858612053820210815_20220723_L8_refl.tif,,N/A,N/A,/Cavaiani_2024_Metaanalysis/gis_data/Fire_Perimeters/caldor/mtbs/2021/ca3858612053820210815
ca3858612053820210815_map.pdf,,N/A,N/A,/Cavaiani_2024_Metaanalysis/gis_data/Fire_Perimeters/caldor/mtbs/2021/ca3858612053820210815
caldor.kmz,,N/A,N/A,/Cavaiani_2024_Metaanalysis/gis_data/Fire_Perimeters/caldor/mtbs/2021/ca3858612053820210815
caldor_burn_bndy.dbf,,N/A,N/A,/Cavaiani_2024_Metaanalysis/gis_data/Fire_Perimeters/caldor/mtbs/2021/ca3858612053820210815
caldor_burn_bndy.prj,,N/A,N/A,/Cavaiani_2024_Metaanalysis/gis_data/Fire_Perimeters/caldor/mtbs/2021/ca3858612053820210815
caldor_burn_bndy.sbn,,N/A,N/A,/Cavaiani_2024_Metaanalysis/gis_data/Fire_Perimeters/caldor/mtbs/2021/ca3858612053820210815
caldor_burn_bndy.sbx,,N/A,N/A,/Cavaiani_2024_Metaanalysis/gis_data/Fire_Perimeters/caldor/mtbs/2021/ca3858612053820210815
caldor_burn_bndy.shp,,N/A,N/A,/Cavaiani_2024_Metaanalysis/gis_data/Fire_Perimeters/caldor/mtbs/2021/ca3858612053820210815
caldor_burn_bndy.shx,,N/A,N/A,/Cavaiani_2024_Metaanalysis/gis_data/Fire_Perimeters/caldor/mtbs/2021/ca3858612053820210815
caldor_dnbr.tif,,N/A,N/A,/Cavaiani_2024_Metaanalysis/gis_data/Fire_Perimeters/caldor/mtbs/2021/ca3858612053820210815
caldor_dnbr6.tif,,N/A,N/A,/Cavaiani_2024_Metaanalysis/gis_data/Fire_Perimeters/caldor/mtbs/2021/ca3858612053820210815
caldor_map.pdf,,N/A,N/A,/Cavaiani_2024_Metaanalysis/gis_data/Fire_Perimeters/caldor/mtbs/2021/ca3858612053820210815
caldor_mask.dbf,,N/A,N/A,/Cavaiani_2024_Metaanalysis/gis_data/Fire_Perimeters/caldor/mtbs/2021/ca3858612053820210815
caldor_mask.prj,,N/A,N/A,/Cavaiani_2024_Metaanalysis/gis_data/Fire_Perimeters/caldor/mtbs/2021/ca3858612053820210815
caldor_mask.sbn,,N/A,N/A,/Cavaiani_2024_Metaanalysis/gis_data/Fire_Perimeters/caldor/mtbs/2021/ca3858612053820210815
caldor_mask.sbx,,N/A,N/A,/Cavaiani_2024_Metaanalysis/gis_data/Fire_Perimeters/caldor/mtbs/2021/ca3858612053820210815
caldor_mask.shp,,N/A,N/A,/Cavaiani_2024_Metaanalysis/gis_data/Fire_Perimeters/caldor/mtbs/2021/ca3858612053820210815
caldor_mask.shx,,N/A,N/A,/Cavaiani_2024_Metaanalysis/gis_data/Fire_Perimeters/caldor/mtbs/2021/ca3858612053820210815
caldor_metadata.xml,,N/A,N/A,/Cavaiani_2024_Metaanalysis/gis_data/Fire_Perimeters/caldor/mtbs/2021/ca3858612053820210815
caldor_post_L8_refl.tif,,N/A,N/A,/Cavaiani_2024_Metaanalysis/gis_data/Fire_Perimeters/caldor/mtbs/2021/ca3858612053820210815
caldor_pre_L8_refl.tif,,N/A,N/A,/Cavaiani_2024_Metaanalysis/gis_data/Fire_Perimeters/caldor/mtbs/2021/ca3858612053820210815
caldor_rdnbr.tif,,N/A,N/A,/Cavaiani_2024_Metaanalysis/gis_data/Fire_Perimeters/caldor/mtbs/2021/ca3858612053820210815
WY4473710995419880709_19860818_19890802_metadata.xml,,N/A,N/A,/Cavaiani_2024_Metaanalysis/gis_data/Fire_Perimeters/clovermist/mtbs/1988/wy4473710995419880709
clovermist.kmz,,N/A,N/A,/Cavaiani_2024_Metaanalysis/gis_data/Fire_Perimeters/clovermist/mtbs/1988/wy4473710995419880709
clovermist_19881010_L5_refl.aux,,N/A,N/A,/Cavaiani_2024_Metaanalysis/gis_data/Fire_Perimeters/clovermist/mtbs/1988/wy4473710995419880709
clovermist_19881010_L5_refl.rrd,,N/A,N/A,/Cavaiani_2024_Metaanalysis/gis_data/Fire_Perimeters/clovermist/mtbs/1988/wy4473710995419880709
clovermist_19881010_L5_refl.tif,,N/A,N/A,/Cavaiani_2024_Metaanalysis/gis_data/Fire_Perimeters/clovermist/mtbs/1988/wy4473710995419880709
clovermist_burn_bndy.dbf,,N/A,N/A,/Cavaiani_2024_Metaanalysis/gis_data/Fire_Perimeters/clovermist/mtbs/1988/wy4473710995419880709
clovermist_burn_bndy.prj,,N/A,N/A,/Cavaiani_2024_Metaanalysis/gis_data/Fire_Perimeters/clovermist/mtbs/1988/wy4473710995419880709
clovermist_burn_bndy.sbn,,N/A,N/A,/Cavaiani_2024_Metaanalysis/gis_data/Fire_Perimeters/clovermist/mtbs/1988/wy4473710995419880709
clovermist_burn_bndy.sbx,,N/A,N/A,/Cavaiani_2024_Metaanalysis/gis_data/Fire_Perimeters/clovermist/mtbs/1988/wy4473710995419880709
clovermist_burn_bndy.shp,,N/A,N/A,/Cavaiani_2024_Metaanalysis/gis_data/Fire_Perimeters/clovermist/mtbs/1988/wy4473710995419880709
clovermist_burn_bndy.shx,,N/A,N/A,/Cavaiani_2024_Metaanalysis/gis_data/Fire_Perimeters/clovermist/mtbs/1988/wy4473710995419880709
clovermist_dnbr.aux,,N/A,N/A,/Cavaiani_2024_Metaanalysis/gis_data/Fire_Perimeters/clovermist/mtbs/1988/wy4473710995419880709
clovermist_dnbr.rrd,,N/A,N/A,/Cavaiani_2024_Metaanalysis/gis_data/Fire_Perimeters/clovermist/mtbs/1988/wy4473710995419880709
clovermist_dnbr.tif,,N/A,N/A,/Cavaiani_2024_Metaanalysis/gis_data/Fire_Perimeters/clovermist/mtbs/1988/wy4473710995419880709
clovermist_dnbr6.aux,,N/A,N/A,/Cavaiani_2024_Metaanalysis/gis_data/Fire_Perimeters/clovermist/mtbs/1988/wy4473710995419880709
clovermist_dnbr6.rrd,,N/A,N/A,/Cavaiani_2024_Metaanalysis/gis_data/Fire_Perimeters/clovermist/mtbs/1988/wy4473710995419880709
clovermist_dnbr6.tif,,N/A,N/A,/Cavaiani_2024_Metaanalysis/gis_data/Fire_Perimeters/clovermist/mtbs/1988/wy4473710995419880709
clovermist_map.pdf,,N/A,N/A,/Cavaiani_2024_Metaanalysis/gis_data/Fire_Perimeters/clovermist/mtbs/1988/wy4473710995419880709
clovermist_mask.dbf,,N/A,N/A,/Cavaiani_2024_Metaanalysis/gis_data/Fire_Perimeters/clovermist/mtbs/1988/wy4473710995419880709
clovermist_mask.prj,,N/A,N/A,/Cavaiani_2024_Metaanalysis/gis_data/Fire_Perimeters/clovermist/mtbs/1988/wy4473710995419880709
clovermist_mask.sbn,,N/A,N/A,/Cavaiani_2024_Metaanalysis/gis_data/Fire_Perimeters/clovermist/mtbs/1988/wy4473710995419880709
clovermist_mask.sbx,,N/A,N/A,/Cavaiani_2024_Metaanalysis/gis_data/Fire_Perimeters/clovermist/mtbs/1988/wy4473710995419880709
clovermist_mask.shp,,N/A,N/A,/Cavaiani_2024_Metaanalysis/gis_data/Fire_Perimeters/clovermist/mtbs/1988/wy4473710995419880709
clovermist_mask.shx,,N/A,N/A,/Cavaiani_2024_Metaanalysis/gis_data/Fire_Perimeters/clovermist/mtbs/1988/wy4473710995419880709
clovermist_metadata.xml,,N/A,N/A,/Cavaiani_2024_Metaanalysis/gis_data/Fire_Perimeters/clovermist/mtbs/1988/wy4473710995419880709
clovermist_post_L4_refl.aux,,N/A,N/A,/Cavaiani_2024_Metaanalysis/gis_data/Fire_Perimeters/clovermist/mtbs/1988/wy4473710995419880709
clovermist_post_L4_refl.rrd,,N/A,N/A,/Cavaiani_2024_Metaanalysis/gis_data/Fire_Perimeters/clovermist/mtbs/1988/wy4473710995419880709
clovermist_post_L4_refl.tif,,N/A,N/A,/Cavaiani_2024_Metaanalysis/gis_data/Fire_Perimeters/clovermist/mtbs/1988/wy4473710995419880709
clovermist_pre_L5_refl.aux,,N/A,N/A,/Cavaiani_2024_Metaanalysis/gis_data/Fire_Perimeters/clovermist/mtbs/1988/wy4473710995419880709
clovermist_pre_L5_refl.rrd,,N/A,N/A,/Cavaiani_2024_Metaanalysis/gis_data/Fire_Perimeters/clovermist/mtbs/1988/wy4473710995419880709
clovermist_pre_L5_refl.tif,,N/A,N/A,/Cavaiani_2024_Metaanalysis/gis_data/Fire_Perimeters/clovermist/mtbs/1988/wy4473710995419880709
clovermist_rdnbr.aux,,N/A,N/A,/Cavaiani_2024_Metaanalysis/gis_data/Fire_Perimeters/clovermist/mtbs/1988/wy4473710995419880709
clovermist_rdnbr.rrd,,N/A,N/A,/Cavaiani_2024_Metaanalysis/gis_data/Fire_Perimeters/clovermist/mtbs/1988/wy4473710995419880709
clovermist_rdnbr.tif,,N/A,N/A,/Cavaiani_2024_Metaanalysis/gis_data/Fire_Perimeters/clovermist/mtbs/1988/wy4473710995419880709
wy4473710995419880709_19860818_19890802.kmz,,N/A,N/A,/Cavaiani_2024_Metaanalysis/gis_data/Fire_Perimeters/clovermist/mtbs/1988/wy4473710995419880709
wy4473710995419880709_19860818_19890802_burn_bndy.dbf,,N/A,N/A,/Cavaiani_2024_Metaanalysis/gis_data/Fire_Perimeters/clovermist/mtbs/1988/wy4473710995419880709
wy4473710995419880709_19860818_19890802_burn_bndy.prj,,N/A,N/A,/Cavaiani_2024_Metaanalysis/gis_data/Fire_Perimeters/clovermist/mtbs/1988/wy4473710995419880709
wy4473710995419880709_19860818_19890802_burn_bndy.sbn,,N/A,N/A,/Cavaiani_2024_Metaanalysis/gis_data/Fire_Perimeters/clovermist/mtbs/1988/wy4473710995419880709
wy4473710995419880709_19860818_19890802_burn_bndy.sbx,,N/A,N/A,/Cavaiani_2024_Metaanalysis/gis_data/Fire_Perimeters/clovermist/mtbs/1988/wy4473710995419880709
wy4473710995419880709_19860818_19890802_burn_bndy.shp,,N/A,N/A,/Cavaiani_2024_Metaanalysis/gis_data/Fire_Perimeters/clovermist/mtbs/1988/wy4473710995419880709
wy4473710995419880709_19860818_19890802_burn_bndy.shx,,N/A,N/A,/Cavaiani_2024_Metaanalysis/gis_data/Fire_Perimeters/clovermist/mtbs/1988/wy4473710995419880709
wy4473710995419880709_19860818_19890802_dnbr.aux,,N/A,N/A,/Cavaiani_2024_Metaanalysis/gis_data/Fire_Perimeters/clovermist/mtbs/1988/wy4473710995419880709
wy4473710995419880709_19860818_19890802_dnbr.rrd,,N/A,N/A,/Cavaiani_2024_Metaanalysis/gis_data/Fire_Perimeters/clovermist/mtbs/1988/wy4473710995419880709
wy4473710995419880709_19860818_19890802_dnbr.tif,,N/A,N/A,/Cavaiani_2024_Metaanalysis/gis_data/Fire_Perimeters/clovermist/mtbs/1988/wy4473710995419880709
wy4473710995419880709_19860818_19890802_dnbr6.aux,,N/A,N/A,/Cavaiani_2024_Metaanalysis/gis_data/Fire_Perimeters/clovermist/mtbs/1988/wy4473710995419880709
wy4473710995419880709_19860818_19890802_dnbr6.rrd,,N/A,N/A,/Cavaiani_2024_Metaanalysis/gis_data/Fire_Perimeters/clovermist/mtbs/1988/wy4473710995419880709
wy4473710995419880709_19860818_19890802_dnbr6.tif,,N/A,N/A,/Cavaiani_2024_Metaanalysis/gis_data/Fire_Perimeters/clovermist/mtbs/1988/wy4473710995419880709
wy4473710995419880709_19860818_19890802_mask.dbf,,N/A,N/A,/Cavaiani_2024_Metaanalysis/gis_data/Fire_Perimeters/clovermist/mtbs/1988/wy4473710995419880709
wy4473710995419880709_19860818_19890802_mask.prj,,N/A,N/A,/Cavaiani_2024_Metaanalysis/gis_data/Fire_Perimeters/clovermist/mtbs/1988/wy4473710995419880709
wy4473710995419880709_19860818_19890802_mask.sbn,,N/A,N/A,/Cavaiani_2024_Metaanalysis/gis_data/Fire_Perimeters/clovermist/mtbs/1988/wy4473710995419880709
wy4473710995419880709_19860818_19890802_mask.sbx,,N/A,N/A,/Cavaiani_2024_Metaanalysis/gis_data/Fire_Perimeters/clovermist/mtbs/1988/wy4473710995419880709
wy4473710995419880709_19860818_19890802_mask.shp,,N/A,N/A,/Cavaiani_2024_Metaanalysis/gis_data/Fire_Perimeters/clovermist/mtbs/1988/wy4473710995419880709
wy4473710995419880709_19860818_19890802_mask.shx,,N/A,N/A,/Cavaiani_2024_Metaanalysis/gis_data/Fire_Perimeters/clovermist/mtbs/1988/wy4473710995419880709
wy4473710995419880709_19860818_19890802_rdnbr.aux,,N/A,N/A,/Cavaiani_2024_Metaanalysis/gis_data/Fire_Perimeters/clovermist/mtbs/1988/wy4473710995419880709
wy4473710995419880709_19860818_19890802_rdnbr.rrd,,N/A,N/A,/Cavaiani_2024_Metaanalysis/gis_data/Fire_Perimeters/clovermist/mtbs/1988/wy4473710995419880709
wy4473710995419880709_19860818_19890802_rdnbr.tif,,N/A,N/A,/Cavaiani_2024_Metaanalysis/gis_data/Fire_Perimeters/clovermist/mtbs/1988/wy4473710995419880709
wy4473710995419880709_19860818_L5_refl.aux,,N/A,N/A,/Cavaiani_2024_Metaanalysis/gis_data/Fire_Perimeters/clovermist/mtbs/1988/wy4473710995419880709
wy4473710995419880709_19860818_L5_refl.rrd,,N/A,N/A,/Cavaiani_2024_Metaanalysis/gis_data/Fire_Perimeters/clovermist/mtbs/1988/wy4473710995419880709
wy4473710995419880709_19860818_L5_refl.tif,,N/A,N/A,/Cavaiani_2024_Metaanalysis/gis_data/Fire_Perimeters/clovermist/mtbs/1988/wy4473710995419880709
wy4473710995419880709_19881010_L5_refl.aux,,N/A,N/A,/Cavaiani_2024_Metaanalysis/gis_data/Fire_Perimeters/clovermist/mtbs/1988/wy4473710995419880709
wy4473710995419880709_19881010_L5_refl.rrd,,N/A,N/A,/Cavaiani_2024_Metaanalysis/gis_data/Fire_Perimeters/clovermist/mtbs/1988/wy4473710995419880709
wy4473710995419880709_19881010_L5_refl.tif,,N/A,N/A,/Cavaiani_2024_Metaanalysis/gis_data/Fire_Perimeters/clovermist/mtbs/1988/wy4473710995419880709
wy4473710995419880709_19890802_L4_refl.aux,,N/A,N/A,/Cavaiani_2024_Metaanalysis/gis_data/Fire_Perimeters/clovermist/mtbs/1988/wy4473710995419880709
wy4473710995419880709_19890802_L4_refl.rrd,,N/A,N/A,/Cavaiani_2024_Metaanalysis/gis_data/Fire_Perimeters/clovermist/mtbs/1988/wy4473710995419880709
wy4473710995419880709_19890802_L4_refl.tif,,N/A,N/A,/Cavaiani_2024_Metaanalysis/gis_data/Fire_Perimeters/clovermist/mtbs/1988/wy4473710995419880709
wy4473710995419880709_map.pdf,,N/A,N/A,/Cavaiani_2024_Metaanalysis/gis_data/Fire_Perimeters/clovermist/mtbs/1988/wy4473710995419880709
CO4005110538520100906_20100621_20110624_metadata.xml,,N/A,N/A,/Cavaiani_2024_Metaanalysis/gis_data/Fire_Perimeters/fourmile_canyon/mtbs/2010/co4005110538520100906
co4005110538520100906_20100621_20110624.kmz,,N/A,N/A,/Cavaiani_2024_Metaanalysis/gis_data/Fire_Perimeters/fourmile_canyon/mtbs/2010/co4005110538520100906
co4005110538520100906_20100621_20110624_burn_bndy.dbf,,N/A,N/A,/Cavaiani_2024_Metaanalysis/gis_data/Fire_Perimeters/fourmile_canyon/mtbs/2010/co4005110538520100906
co4005110538520100906_20100621_20110624_burn_bndy.prj,,N/A,N/A,/Cavaiani_2024_Metaanalysis/gis_data/Fire_Perimeters/fourmile_canyon/mtbs/2010/co4005110538520100906
co4005110538520100906_20100621_20110624_burn_bndy.sbn,,N/A,N/A,/Cavaiani_2024_Metaanalysis/gis_data/Fire_Perimeters/fourmile_canyon/mtbs/2010/co4005110538520100906
co4005110538520100906_20100621_20110624_burn_bndy.sbx,,N/A,N/A,/Cavaiani_2024_Metaanalysis/gis_data/Fire_Perimeters/fourmile_canyon/mtbs/2010/co4005110538520100906
co4005110538520100906_20100621_20110624_burn_bndy.shp,,N/A,N/A,/Cavaiani_2024_Metaanalysis/gis_data/Fire_Perimeters/fourmile_canyon/mtbs/2010/co4005110538520100906
co4005110538520100906_20100621_20110624_burn_bndy.shx,,N/A,N/A,/Cavaiani_2024_Metaanalysis/gis_data/Fire_Perimeters/fourmile_canyon/mtbs/2010/co4005110538520100906
co4005110538520100906_20100621_20110624_dnbr.aux,,N/A,N/A,/Cavaiani_2024_Metaanalysis/gis_data/Fire_Perimeters/fourmile_canyon/mtbs/2010/co4005110538520100906
co4005110538520100906_20100621_20110624_dnbr.rrd,,N/A,N/A,/Cavaiani_2024_Metaanalysis/gis_data/Fire_Perimeters/fourmile_canyon/mtbs/2010/co4005110538520100906
co4005110538520100906_20100621_20110624_dnbr.tif,,N/A,N/A,/Cavaiani_2024_Metaanalysis/gis_data/Fire_Perimeters/fourmile_canyon/mtbs/2010/co4005110538520100906
co4005110538520100906_20100621_20110624_dnbr6.aux,,N/A,N/A,/Cavaiani_2024_Metaanalysis/gis_data/Fire_Perimeters/fourmile_canyon/mtbs/2010/co4005110538520100906
co4005110538520100906_20100621_20110624_dnbr6.rrd,,N/A,N/A,/Cavaiani_2024_Metaanalysis/gis_data/Fire_Perimeters/fourmile_canyon/mtbs/2010/co4005110538520100906
co4005110538520100906_20100621_20110624_dnbr6.tif,,N/A,N/A,/Cavaiani_2024_Metaanalysis/gis_data/Fire_Perimeters/fourmile_canyon/mtbs/2010/co4005110538520100906
co4005110538520100906_20100621_20110624_mask.dbf,,N/A,N/A,/Cavaiani_2024_Metaanalysis/gis_data/Fire_Perimeters/fourmile_canyon/mtbs/2010/co4005110538520100906
co4005110538520100906_20100621_20110624_mask.prj,,N/A,N/A,/Cavaiani_2024_Metaanalysis/gis_data/Fire_Perimeters/fourmile_canyon/mtbs/2010/co4005110538520100906
co4005110538520100906_20100621_20110624_mask.sbn,,N/A,N/A,/Cavaiani_2024_Metaanalysis/gis_data/Fire_Perimeters/fourmile_canyon/mtbs/2010/co4005110538520100906
co4005110538520100906_20100621_20110624_mask.sbx,,N/A,N/A,/Cavaiani_2024_Metaanalysis/gis_data/Fire_Perimeters/fourmile_canyon/mtbs/2010/co4005110538520100906
co4005110538520100906_20100621_20110624_mask.shp,,N/A,N/A,/Cavaiani_2024_Metaanalysis/gis_data/Fire_Perimeters/fourmile_canyon/mtbs/2010/co4005110538520100906
co4005110538520100906_20100621_20110624_mask.shx,,N/A,N/A,/Cavaiani_2024_Metaanalysis/gis_data/Fire_Perimeters/fourmile_canyon/mtbs/2010/co4005110538520100906
co4005110538520100906_20100621_20110624_rdnbr.aux,,N/A,N/A,/Cavaiani_2024_Metaanalysis/gis_data/Fire_Perimeters/fourmile_canyon/mtbs/2010/co4005110538520100906
co4005110538520100906_20100621_20110624_rdnbr.rrd,,N/A,N/A,/Cavaiani_2024_Metaanalysis/gis_data/Fire_Perimeters/fourmile_canyon/mtbs/2010/co4005110538520100906
co4005110538520100906_20100621_20110624_rdnbr.tif,,N/A,N/A,/Cavaiani_2024_Metaanalysis/gis_data/Fire_Perimeters/fourmile_canyon/mtbs/2010/co4005110538520100906
co4005110538520100906_20100621_l5_refl.aux,,N/A,N/A,/Cavaiani_2024_Metaanalysis/gis_data/Fire_Perimeters/fourmile_canyon/mtbs/2010/co4005110538520100906
co4005110538520100906_20100621_l5_refl.rrd,,N/A,N/A,/Cavaiani_2024_Metaanalysis/gis_data/Fire_Perimeters/fourmile_canyon/mtbs/2010/co4005110538520100906
co4005110538520100906_20100621_l5_refl.tif,,N/A,N/A,/Cavaiani_2024_Metaanalysis/gis_data/Fire_Perimeters/fourmile_canyon/mtbs/2010/co4005110538520100906
co4005110538520100906_20100925_l5_refl.aux,,N/A,N/A,/Cavaiani_2024_Metaanalysis/gis_data/Fire_Perimeters/fourmile_canyon/mtbs/2010/co4005110538520100906
co4005110538520100906_20100925_l5_refl.rrd,,N/A,N/A,/Cavaiani_2024_Metaanalysis/gis_data/Fire_Perimeters/fourmile_canyon/mtbs/2010/co4005110538520100906
co4005110538520100906_20100925_l5_refl.tif,,N/A,N/A,/Cavaiani_2024_Metaanalysis/gis_data/Fire_Perimeters/fourmile_canyon/mtbs/2010/co4005110538520100906
co4005110538520100906_20110624_l5_refl.aux,,N/A,N/A,/Cavaiani_2024_Metaanalysis/gis_data/Fire_Perimeters/fourmile_canyon/mtbs/2010/co4005110538520100906
co4005110538520100906_20110624_l5_refl.rrd,,N/A,N/A,/Cavaiani_2024_Metaanalysis/gis_data/Fire_Perimeters/fourmile_canyon/mtbs/2010/co4005110538520100906
co4005110538520100906_20110624_l5_refl.tif,,N/A,N/A,/Cavaiani_2024_Metaanalysis/gis_data/Fire_Perimeters/fourmile_canyon/mtbs/2010/co4005110538520100906
co4005110538520100906_map.pdf,,N/A,N/A,/Cavaiani_2024_Metaanalysis/gis_data/Fire_Perimeters/fourmile_canyon/mtbs/2010/co4005110538520100906
fourmile_canyon.kmz,,N/A,N/A,/Cavaiani_2024_Metaanalysis/gis_data/Fire_Perimeters/fourmile_canyon/mtbs/2010/co4005110538520100906
fourmile_canyon_20100925_l5_refl.aux,,N/A,N/A,/Cavaiani_2024_Metaanalysis/gis_data/Fire_Perimeters/fourmile_canyon/mtbs/2010/co4005110538520100906
fourmile_canyon_20100925_l5_refl.rrd,,N/A,N/A,/Cavaiani_2024_Metaanalysis/gis_data/Fire_Perimeters/fourmile_canyon/mtbs/2010/co4005110538520100906
fourmile_canyon_20100925_l5_refl.tif,,N/A,N/A,/Cavaiani_2024_Metaanalysis/gis_data/Fire_Perimeters/fourmile_canyon/mtbs/2010/co4005110538520100906
fourmile_canyon_burn_bndy.dbf,,N/A,N/A,/Cavaiani_2024_Metaanalysis/gis_data/Fire_Perimeters/fourmile_canyon/mtbs/2010/co4005110538520100906
fourmile_canyon_burn_bndy.prj,,N/A,N/A,/Cavaiani_2024_Metaanalysis/gis_data/Fire_Perimeters/fourmile_canyon/mtbs/2010/co4005110538520100906
fourmile_canyon_burn_bndy.sbn,,N/A,N/A,/Cavaiani_2024_Metaanalysis/gis_data/Fire_Perimeters/fourmile_canyon/mtbs/2010/co4005110538520100906
fourmile_canyon_burn_bndy.sbx,,N/A,N/A,/Cavaiani_2024_Metaanalysis/gis_data/Fire_Perimeters/fourmile_canyon/mtbs/2010/co4005110538520100906
fourmile_canyon_burn_bndy.shp,,N/A,N/A,/Cavaiani_2024_Metaanalysis/gis_data/Fire_Perimeters/fourmile_canyon/mtbs/2010/co4005110538520100906
fourmile_canyon_burn_bndy.shx,,N/A,N/A,/Cavaiani_2024_Metaanalysis/gis_data/Fire_Perimeters/fourmile_canyon/mtbs/2010/co4005110538520100906
fourmile_canyon_dnbr.aux,,N/A,N/A,/Cavaiani_2024_Metaanalysis/gis_data/Fire_Perimeters/fourmile_canyon/mtbs/2010/co4005110538520100906
fourmile_canyon_dnbr.rrd,,N/A,N/A,/Cavaiani_2024_Metaanalysis/gis_data/Fire_Perimeters/fourmile_canyon/mtbs/2010/co4005110538520100906
fourmile_canyon_dnbr.tif,,N/A,N/A,/Cavaiani_2024_Metaanalysis/gis_data/Fire_Perimeters/fourmile_canyon/mtbs/2010/co4005110538520100906
fourmile_canyon_dnbr6.aux,,N/A,N/A,/Cavaiani_2024_Metaanalysis/gis_data/Fire_Perimeters/fourmile_canyon/mtbs/2010/co4005110538520100906
fourmile_canyon_dnbr6.rrd,,N/A,N/A,/Cavaiani_2024_Metaanalysis/gis_data/Fire_Perimeters/fourmile_canyon/mtbs/2010/co4005110538520100906
fourmile_canyon_dnbr6.tif,,N/A,N/A,/Cavaiani_2024_Metaanalysis/gis_data/Fire_Perimeters/fourmile_canyon/mtbs/2010/co4005110538520100906
fourmile_canyon_map.pdf,,N/A,N/A,/Cavaiani_2024_Metaanalysis/gis_data/Fire_Perimeters/fourmile_canyon/mtbs/2010/co4005110538520100906
fourmile_canyon_mask.dbf,,N/A,N/A,/Cavaiani_2024_Metaanalysis/gis_data/Fire_Perimeters/fourmile_canyon/mtbs/2010/co4005110538520100906
fourmile_canyon_mask.prj,,N/A,N/A,/Cavaiani_2024_Metaanalysis/gis_data/Fire_Perimeters/fourmile_canyon/mtbs/2010/co4005110538520100906
fourmile_canyon_mask.sbn,,N/A,N/A,/Cavaiani_2024_Metaanalysis/gis_data/Fire_Perimeters/fourmile_canyon/mtbs/2010/co4005110538520100906
fourmile_canyon_mask.sbx,,N/A,N/A,/Cavaiani_2024_Metaanalysis/gis_data/Fire_Perimeters/fourmile_canyon/mtbs/2010/co4005110538520100906
fourmile_canyon_mask.shp,,N/A,N/A,/Cavaiani_2024_Metaanalysis/gis_data/Fire_Perimeters/fourmile_canyon/mtbs/2010/co4005110538520100906
fourmile_canyon_mask.shx,,N/A,N/A,/Cavaiani_2024_Metaanalysis/gis_data/Fire_Perimeters/fourmile_canyon/mtbs/2010/co4005110538520100906
fourmile_canyon_metadata.xml,,N/A,N/A,/Cavaiani_2024_Metaanalysis/gis_data/Fire_Perimeters/fourmile_canyon/mtbs/2010/co4005110538520100906
fourmile_canyon_post_l5_refl.aux,,N/A,N/A,/Cavaiani_2024_Metaanalysis/gis_data/Fire_Perimeters/fourmile_canyon/mtbs/2010/co4005110538520100906
fourmile_canyon_post_l5_refl.rrd,,N/A,N/A,/Cavaiani_2024_Metaanalysis/gis_data/Fire_Perimeters/fourmile_canyon/mtbs/2010/co4005110538520100906
fourmile_canyon_post_l5_refl.tif,,N/A,N/A,/Cavaiani_2024_Metaanalysis/gis_data/Fire_Perimeters/fourmile_canyon/mtbs/2010/co4005110538520100906
fourmile_canyon_pre_l5_refl.aux,,N/A,N/A,/Cavaiani_2024_Metaanalysis/gis_data/Fire_Perimeters/fourmile_canyon/mtbs/2010/co4005110538520100906
fourmile_canyon_pre_l5_refl.rrd,,N/A,N/A,/Cavaiani_2024_Metaanalysis/gis_data/Fire_Perimeters/fourmile_canyon/mtbs/2010/co4005110538520100906
fourmile_canyon_pre_l5_refl.tif,,N/A,N/A,/Cavaiani_2024_Metaanalysis/gis_data/Fire_Perimeters/fourmile_canyon/mtbs/2010/co4005110538520100906
fourmile_canyon_rdnbr.aux,,N/A,N/A,/Cavaiani_2024_Metaanalysis/gis_data/Fire_Perimeters/fourmile_canyon/mtbs/2010/co4005110538520100906
fourmile_canyon_rdnbr.rrd,,N/A,N/A,/Cavaiani_2024_Metaanalysis/gis_data/Fire_Perimeters/fourmile_canyon/mtbs/2010/co4005110538520100906
fourmile_canyon_rdnbr.tif,,N/A,N/A,/Cavaiani_2024_Metaanalysis/gis_data/Fire_Perimeters/fourmile_canyon/mtbs/2010/co4005110538520100906
CA3448712019620040605_20040425_20050412_metadata.xml,,N/A,N/A,/Cavaiani_2024_Metaanalysis/gis_data/Fire_Perimeters/gaviota/mtbs/2004/ca3448712019620040605
ca3448712019620040605_20040425_20050412.kmz,,N/A,N/A,/Cavaiani_2024_Metaanalysis/gis_data/Fire_Perimeters/gaviota/mtbs/2004/ca3448712019620040605
ca3448712019620040605_20040425_20050412_burn_bndy.dbf,,N/A,N/A,/Cavaiani_2024_Metaanalysis/gis_data/Fire_Perimeters/gaviota/mtbs/2004/ca3448712019620040605
ca3448712019620040605_20040425_20050412_burn_bndy.prj,,N/A,N/A,/Cavaiani_2024_Metaanalysis/gis_data/Fire_Perimeters/gaviota/mtbs/2004/ca3448712019620040605
ca3448712019620040605_20040425_20050412_burn_bndy.sbn,,N/A,N/A,/Cavaiani_2024_Metaanalysis/gis_data/Fire_Perimeters/gaviota/mtbs/2004/ca3448712019620040605
ca3448712019620040605_20040425_20050412_burn_bndy.sbx,,N/A,N/A,/Cavaiani_2024_Metaanalysis/gis_data/Fire_Perimeters/gaviota/mtbs/2004/ca3448712019620040605
ca3448712019620040605_20040425_20050412_burn_bndy.shp,,N/A,N/A,/Cavaiani_2024_Metaanalysis/gis_data/Fire_Perimeters/gaviota/mtbs/2004/ca3448712019620040605
ca3448712019620040605_20040425_20050412_burn_bndy.shx,,N/A,N/A,/Cavaiani_2024_Metaanalysis/gis_data/Fire_Perimeters/gaviota/mtbs/2004/ca3448712019620040605
ca3448712019620040605_20040425_20050412_dnbr.aux,,N/A,N/A,/Cavaiani_2024_Metaanalysis/gis_data/Fire_Perimeters/gaviota/mtbs/2004/ca3448712019620040605
ca3448712019620040605_20040425_20050412_dnbr.tif,,N/A,N/A,/Cavaiani_2024_Metaanalysis/gis_data/Fire_Perimeters/gaviota/mtbs/2004/ca3448712019620040605
ca3448712019620040605_20040425_20050412_dnbr6.aux,,N/A,N/A,/Cavaiani_2024_Metaanalysis/gis_data/Fire_Perimeters/gaviota/mtbs/2004/ca3448712019620040605
ca3448712019620040605_20040425_20050412_dnbr6.rrd,,N/A,N/A,/Cavaiani_2024_Metaanalysis/gis_data/Fire_Perimeters/gaviota/mtbs/2004/ca3448712019620040605
ca3448712019620040605_20040425_20050412_dnbr6.tif,,N/A,N/A,/Cavaiani_2024_Metaanalysis/gis_data/Fire_Perimeters/gaviota/mtbs/2004/ca3448712019620040605
ca3448712019620040605_20040425_20050412_mask.dbf,,N/A,N/A,/Cavaiani_2024_Metaanalysis/gis_data/Fire_Perimeters/gaviota/mtbs/2004/ca3448712019620040605
ca3448712019620040605_20040425_20050412_mask.prj,,N/A,N/A,/Cavaiani_2024_Metaanalysis/gis_data/Fire_Perimeters/gaviota/mtbs/2004/ca3448712019620040605
ca3448712019620040605_20040425_20050412_mask.sbn,,N/A,N/A,/Cavaiani_2024_Metaanalysis/gis_data/Fire_Perimeters/gaviota/mtbs/2004/ca3448712019620040605
ca3448712019620040605_20040425_20050412_mask.sbx,,N/A,N/A,/Cavaiani_2024_Metaanalysis/gis_data/Fire_Perimeters/gaviota/mtbs/2004/ca3448712019620040605
ca3448712019620040605_20040425_20050412_mask.shp,,N/A,N/A,/Cavaiani_2024_Metaanalysis/gis_data/Fire_Perimeters/gaviota/mtbs/2004/ca3448712019620040605
ca3448712019620040605_20040425_20050412_mask.shx,,N/A,N/A,/Cavaiani_2024_Metaanalysis/gis_data/Fire_Perimeters/gaviota/mtbs/2004/ca3448712019620040605
ca3448712019620040605_20040425_20050412_rdnbr.aux,,N/A,N/A,/Cavaiani_2024_Metaanalysis/gis_data/Fire_Perimeters/gaviota/mtbs/2004/ca3448712019620040605
ca3448712019620040605_20040425_20050412_rdnbr.tif,,N/A,N/A,/Cavaiani_2024_Metaanalysis/gis_data/Fire_Perimeters/gaviota/mtbs/2004/ca3448712019620040605
ca3448712019620040605_20040425_l5_refl.aux,,N/A,N/A,/Cavaiani_2024_Metaanalysis/gis_data/Fire_Perimeters/gaviota/mtbs/2004/ca3448712019620040605
ca3448712019620040605_20040425_l5_refl.tif,,N/A,N/A,/Cavaiani_2024_Metaanalysis/gis_data/Fire_Perimeters/gaviota/mtbs/2004/ca3448712019620040605
ca3448712019620040605_20050412_l5_refl.aux,,N/A,N/A,/Cavaiani_2024_Metaanalysis/gis_data/Fire_Perimeters/gaviota/mtbs/2004/ca3448712019620040605
ca3448712019620040605_20050412_l5_refl.tif,,N/A,N/A,/Cavaiani_2024_Metaanalysis/gis_data/Fire_Perimeters/gaviota/mtbs/2004/ca3448712019620040605
ca3448712019620040605_map.pdf,,N/A,N/A,/Cavaiani_2024_Metaanalysis/gis_data/Fire_Perimeters/gaviota/mtbs/2004/ca3448712019620040605
gaviota.kmz,,N/A,N/A,/Cavaiani_2024_Metaanalysis/gis_data/Fire_Perimeters/gaviota/mtbs/2004/ca3448712019620040605
gaviota_burn_bndy.dbf,,N/A,N/A,/Cavaiani_2024_Metaanalysis/gis_data/Fire_Perimeters/gaviota/mtbs/2004/ca3448712019620040605
gaviota_burn_bndy.prj,,N/A,N/A,/Cavaiani_2024_Metaanalysis/gis_data/Fire_Perimeters/gaviota/mtbs/2004/ca3448712019620040605
gaviota_burn_bndy.sbn,,N/A,N/A,/Cavaiani_2024_Metaanalysis/gis_data/Fire_Perimeters/gaviota/mtbs/2004/ca3448712019620040605
gaviota_burn_bndy.sbx,,N/A,N/A,/Cavaiani_2024_Metaanalysis/gis_data/Fire_Perimeters/gaviota/mtbs/2004/ca3448712019620040605
gaviota_burn_bndy.shp,,N/A,N/A,/Cavaiani_2024_Metaanalysis/gis_data/Fire_Perimeters/gaviota/mtbs/2004/ca3448712019620040605
gaviota_burn_bndy.shx,,N/A,N/A,/Cavaiani_2024_Metaanalysis/gis_data/Fire_Perimeters/gaviota/mtbs/2004/ca3448712019620040605
gaviota_dnbr.aux,,N/A,N/A,/Cavaiani_2024_Metaanalysis/gis_data/Fire_Perimeters/gaviota/mtbs/2004/ca3448712019620040605
gaviota_dnbr.tif,,N/A,N/A,/Cavaiani_2024_Metaanalysis/gis_data/Fire_Perimeters/gaviota/mtbs/2004/ca3448712019620040605
gaviota_dnbr6.aux,,N/A,N/A,/Cavaiani_2024_Metaanalysis/gis_data/Fire_Perimeters/gaviota/mtbs/2004/ca3448712019620040605
gaviota_dnbr6.rrd,,N/A,N/A,/Cavaiani_2024_Metaanalysis/gis_data/Fire_Perimeters/gaviota/mtbs/2004/ca3448712019620040605
gaviota_dnbr6.tif,,N/A,N/A,/Cavaiani_2024_Metaanalysis/gis_data/Fire_Perimeters/gaviota/mtbs/2004/ca3448712019620040605
gaviota_map.pdf,,N/A,N/A,/Cavaiani_2024_Metaanalysis/gis_data/Fire_Perimeters/gaviota/mtbs/2004/ca3448712019620040605
gaviota_mask.dbf,,N/A,N/A,/Cavaiani_2024_Metaanalysis/gis_data/Fire_Perimeters/gaviota/mtbs/2004/ca3448712019620040605
gaviota_mask.prj,,N/A,N/A,/Cavaiani_2024_Metaanalysis/gis_data/Fire_Perimeters/gaviota/mtbs/2004/ca3448712019620040605
gaviota_mask.sbn,,N/A,N/A,/Cavaiani_2024_Metaanalysis/gis_data/Fire_Perimeters/gaviota/mtbs/2004/ca3448712019620040605
gaviota_mask.sbx,,N/A,N/A,/Cavaiani_2024_Metaanalysis/gis_data/Fire_Perimeters/gaviota/mtbs/2004/ca3448712019620040605
gaviota_mask.shp,,N/A,N/A,/Cavaiani_2024_Metaanalysis/gis_data/Fire_Perimeters/gaviota/mtbs/2004/ca3448712019620040605
gaviota_mask.shx,,N/A,N/A,/Cavaiani_2024_Metaanalysis/gis_data/Fire_Perimeters/gaviota/mtbs/2004/ca3448712019620040605
gaviota_metadata.xml,,N/A,N/A,/Cavaiani_2024_Metaanalysis/gis_data/Fire_Perimeters/gaviota/mtbs/2004/ca3448712019620040605
gaviota_post_l5_refl.aux,,N/A,N/A,/Cavaiani_2024_Metaanalysis/gis_data/Fire_Perimeters/gaviota/mtbs/2004/ca3448712019620040605
gaviota_post_l5_refl.tif,,N/A,N/A,/Cavaiani_2024_Metaanalysis/gis_data/Fire_Perimeters/gaviota/mtbs/2004/ca3448712019620040605
gaviota_pre_l5_refl.aux,,N/A,N/A,/Cavaiani_2024_Metaanalysis/gis_data/Fire_Perimeters/gaviota/mtbs/2004/ca3448712019620040605
gaviota_pre_l5_refl.tif,,N/A,N/A,/Cavaiani_2024_Metaanalysis/gis_data/Fire_Perimeters/gaviota/mtbs/2004/ca3448712019620040605
gaviota_rdnbr.aux,,N/A,N/A,/Cavaiani_2024_Metaanalysis/gis_data/Fire_Perimeters/gaviota/mtbs/2004/ca3448712019620040605
gaviota_rdnbr.tif,,N/A,N/A,/Cavaiani_2024_Metaanalysis/gis_data/Fire_Perimeters/gaviota/mtbs/2004/ca3448712019620040605
CO3922010528720020608_20010824_20030814_metadata.xml,,N/A,N/A,/Cavaiani_2024_Metaanalysis/gis_data/Fire_Perimeters/hayman/mtbs/2002/co3922010528720020608
co3922010528720020608_20010824_20030814.kmz,,N/A,N/A,/Cavaiani_2024_Metaanalysis/gis_data/Fire_Perimeters/hayman/mtbs/2002/co3922010528720020608
co3922010528720020608_20010824_20030814_burn_bndy.dbf,,N/A,N/A,/Cavaiani_2024_Metaanalysis/gis_data/Fire_Perimeters/hayman/mtbs/2002/co3922010528720020608
co3922010528720020608_20010824_20030814_burn_bndy.prj,,N/A,N/A,/Cavaiani_2024_Metaanalysis/gis_data/Fire_Perimeters/hayman/mtbs/2002/co3922010528720020608
co3922010528720020608_20010824_20030814_burn_bndy.sbn,,N/A,N/A,/Cavaiani_2024_Metaanalysis/gis_data/Fire_Perimeters/hayman/mtbs/2002/co3922010528720020608
co3922010528720020608_20010824_20030814_burn_bndy.sbx,,N/A,N/A,/Cavaiani_2024_Metaanalysis/gis_data/Fire_Perimeters/hayman/mtbs/2002/co3922010528720020608
co3922010528720020608_20010824_20030814_burn_bndy.shp,,N/A,N/A,/Cavaiani_2024_Metaanalysis/gis_data/Fire_Perimeters/hayman/mtbs/2002/co3922010528720020608
co3922010528720020608_20010824_20030814_burn_bndy.shx,,N/A,N/A,/Cavaiani_2024_Metaanalysis/gis_data/Fire_Perimeters/hayman/mtbs/2002/co3922010528720020608
co3922010528720020608_20010824_20030814_dnbr.aux,,N/A,N/A,/Cavaiani_2024_Metaanalysis/gis_data/Fire_Perimeters/hayman/mtbs/2002/co3922010528720020608
co3922010528720020608_20010824_20030814_dnbr.rrd,,N/A,N/A,/Cavaiani_2024_Metaanalysis/gis_data/Fire_Perimeters/hayman/mtbs/2002/co3922010528720020608
co3922010528720020608_20010824_20030814_dnbr.tif,,N/A,N/A,/Cavaiani_2024_Metaanalysis/gis_data/Fire_Perimeters/hayman/mtbs/2002/co3922010528720020608
co3922010528720020608_20010824_20030814_dnbr6.aux,,N/A,N/A,/Cavaiani_2024_Metaanalysis/gis_data/Fire_Perimeters/hayman/mtbs/2002/co3922010528720020608
co3922010528720020608_20010824_20030814_dnbr6.rrd,,N/A,N/A,/Cavaiani_2024_Metaanalysis/gis_data/Fire_Perimeters/hayman/mtbs/2002/co3922010528720020608
co3922010528720020608_20010824_20030814_dnbr6.tif,,N/A,N/A,/Cavaiani_2024_Metaanalysis/gis_data/Fire_Perimeters/hayman/mtbs/2002/co3922010528720020608
co3922010528720020608_20010824_20030814_mask.dbf,,N/A,N/A,/Cavaiani_2024_Metaanalysis/gis_data/Fire_Perimeters/hayman/mtbs/2002/co3922010528720020608
co3922010528720020608_20010824_20030814_mask.prj,,N/A,N/A,/Cavaiani_2024_Metaanalysis/gis_data/Fire_Perimeters/hayman/mtbs/2002/co3922010528720020608
co3922010528720020608_20010824_20030814_mask.sbn,,N/A,N/A,/Cavaiani_2024_Metaanalysis/gis_data/Fire_Perimeters/hayman/mtbs/2002/co3922010528720020608
co3922010528720020608_20010824_20030814_mask.sbx,,N/A,N/A,/Cavaiani_2024_Metaanalysis/gis_data/Fire_Perimeters/hayman/mtbs/2002/co3922010528720020608
co3922010528720020608_20010824_20030814_mask.shp,,N/A,N/A,/Cavaiani_2024_Metaanalysis/gis_data/Fire_Perimeters/hayman/mtbs/2002/co3922010528720020608
co3922010528720020608_20010824_20030814_mask.shx,,N/A,N/A,/Cavaiani_2024_Metaanalysis/gis_data/Fire_Perimeters/hayman/mtbs/2002/co3922010528720020608
co3922010528720020608_20010824_20030814_rdnbr.aux,,N/A,N/A,/Cavaiani_2024_Metaanalysis/gis_data/Fire_Perimeters/hayman/mtbs/2002/co3922010528720020608
co3922010528720020608_20010824_20030814_rdnbr.rrd,,N/A,N/A,/Cavaiani_2024_Metaanalysis/gis_data/Fire_Perimeters/hayman/mtbs/2002/co3922010528720020608
co3922010528720020608_20010824_20030814_rdnbr.tif,,N/A,N/A,/Cavaiani_2024_Metaanalysis/gis_data/Fire_Perimeters/hayman/mtbs/2002/co3922010528720020608
co3922010528720020608_20010824_l5_refl.aux,,N/A,N/A,/Cavaiani_2024_Metaanalysis/gis_data/Fire_Perimeters/hayman/mtbs/2002/co3922010528720020608
co3922010528720020608_20010824_l5_refl.rrd,,N/A,N/A,/Cavaiani_2024_Metaanalysis/gis_data/Fire_Perimeters/hayman/mtbs/2002/co3922010528720020608
co3922010528720020608_20010824_l5_refl.tif,,N/A,N/A,/Cavaiani_2024_Metaanalysis/gis_data/Fire_Perimeters/hayman/mtbs/2002/co3922010528720020608
co3922010528720020608_20030814_l5_refl.aux,,N/A,N/A,/Cavaiani_2024_Metaanalysis/gis_data/Fire_Perimeters/hayman/mtbs/2002/co3922010528720020608
co3922010528720020608_20030814_l5_refl.rrd,,N/A,N/A,/Cavaiani_2024_Metaanalysis/gis_data/Fire_Perimeters/hayman/mtbs/2002/co3922010528720020608
co3922010528720020608_20030814_l5_refl.tif,,N/A,N/A,/Cavaiani_2024_Metaanalysis/gis_data/Fire_Perimeters/hayman/mtbs/2002/co3922010528720020608
co3922010528720020608_map.pdf,,N/A,N/A,/Cavaiani_2024_Metaanalysis/gis_data/Fire_Perimeters/hayman/mtbs/2002/co3922010528720020608
hayman.kmz,,N/A,N/A,/Cavaiani_2024_Metaanalysis/gis_data/Fire_Perimeters/hayman/mtbs/2002/co3922010528720020608
hayman_burn_bndy.dbf,,N/A,N/A,/Cavaiani_2024_Metaanalysis/gis_data/Fire_Perimeters/hayman/mtbs/2002/co3922010528720020608
hayman_burn_bndy.prj,,N/A,N/A,/Cavaiani_2024_Metaanalysis/gis_data/Fire_Perimeters/hayman/mtbs/2002/co3922010528720020608
hayman_burn_bndy.sbn,,N/A,N/A,/Cavaiani_2024_Metaanalysis/gis_data/Fire_Perimeters/hayman/mtbs/2002/co3922010528720020608
hayman_burn_bndy.sbx,,N/A,N/A,/Cavaiani_2024_Metaanalysis/gis_data/Fire_Perimeters/hayman/mtbs/2002/co3922010528720020608
hayman_burn_bndy.shp,,N/A,N/A,/Cavaiani_2024_Metaanalysis/gis_data/Fire_Perimeters/hayman/mtbs/2002/co3922010528720020608
hayman_burn_bndy.shx,,N/A,N/A,/Cavaiani_2024_Metaanalysis/gis_data/Fire_Perimeters/hayman/mtbs/2002/co3922010528720020608
hayman_dnbr.aux,,N/A,N/A,/Cavaiani_2024_Metaanalysis/gis_data/Fire_Perimeters/hayman/mtbs/2002/co3922010528720020608
hayman_dnbr.rrd,,N/A,N/A,/Cavaiani_2024_Metaanalysis/gis_data/Fire_Perimeters/hayman/mtbs/2002/co3922010528720020608
hayman_dnbr.tif,,N/A,N/A,/Cavaiani_2024_Metaanalysis/gis_data/Fire_Perimeters/hayman/mtbs/2002/co3922010528720020608
hayman_dnbr6.aux,,N/A,N/A,/Cavaiani_2024_Metaanalysis/gis_data/Fire_Perimeters/hayman/mtbs/2002/co3922010528720020608
hayman_dnbr6.rrd,,N/A,N/A,/Cavaiani_2024_Metaanalysis/gis_data/Fire_Perimeters/hayman/mtbs/2002/co3922010528720020608
hayman_dnbr6.tif,,N/A,N/A,/Cavaiani_2024_Metaanalysis/gis_data/Fire_Perimeters/hayman/mtbs/2002/co3922010528720020608
hayman_map.pdf,,N/A,N/A,/Cavaiani_2024_Metaanalysis/gis_data/Fire_Perimeters/hayman/mtbs/2002/co3922010528720020608
hayman_mask.dbf,,N/A,N/A,/Cavaiani_2024_Metaanalysis/gis_data/Fire_Perimeters/hayman/mtbs/2002/co3922010528720020608
hayman_mask.prj,,N/A,N/A,/Cavaiani_2024_Metaanalysis/gis_data/Fire_Perimeters/hayman/mtbs/2002/co3922010528720020608
hayman_mask.sbn,,N/A,N/A,/Cavaiani_2024_Metaanalysis/gis_data/Fire_Perimeters/hayman/mtbs/2002/co3922010528720020608
hayman_mask.sbx,,N/A,N/A,/Cavaiani_2024_Metaanalysis/gis_data/Fire_Perimeters/hayman/mtbs/2002/co3922010528720020608
hayman_mask.shp,,N/A,N/A,/Cavaiani_2024_Metaanalysis/gis_data/Fire_Perimeters/hayman/mtbs/2002/co3922010528720020608
hayman_mask.shx,,N/A,N/A,/Cavaiani_2024_Metaanalysis/gis_data/Fire_Perimeters/hayman/mtbs/2002/co3922010528720020608
hayman_metadata.xml,,N/A,N/A,/Cavaiani_2024_Metaanalysis/gis_data/Fire_Perimeters/hayman/mtbs/2002/co3922010528720020608
hayman_post_l5_refl.aux,,N/A,N/A,/Cavaiani_2024_Metaanalysis/gis_data/Fire_Perimeters/hayman/mtbs/2002/co3922010528720020608
hayman_post_l5_refl.rrd,,N/A,N/A,/Cavaiani_2024_Metaanalysis/gis_data/Fire_Perimeters/hayman/mtbs/2002/co3922010528720020608
hayman_post_l5_refl.tif,,N/A,N/A,/Cavaiani_2024_Metaanalysis/gis_data/Fire_Perimeters/hayman/mtbs/2002/co3922010528720020608
hayman_pre_l5_refl.aux,,N/A,N/A,/Cavaiani_2024_Metaanalysis/gis_data/Fire_Perimeters/hayman/mtbs/2002/co3922010528720020608
hayman_pre_l5_refl.rrd,,N/A,N/A,/Cavaiani_2024_Metaanalysis/gis_data/Fire_Perimeters/hayman/mtbs/2002/co3922010528720020608
hayman_pre_l5_refl.tif,,N/A,N/A,/Cavaiani_2024_Metaanalysis/gis_data/Fire_Perimeters/hayman/mtbs/2002/co3922010528720020608
hayman_rdnbr.aux,,N/A,N/A,/Cavaiani_2024_Metaanalysis/gis_data/Fire_Perimeters/hayman/mtbs/2002/co3922010528720020608
hayman_rdnbr.rrd,,N/A,N/A,/Cavaiani_2024_Metaanalysis/gis_data/Fire_Perimeters/hayman/mtbs/2002/co3922010528720020608
hayman_rdnbr.tif,,N/A,N/A,/Cavaiani_2024_Metaanalysis/gis_data/Fire_Perimeters/hayman/mtbs/2002/co3922010528720020608
co4068910531320120514_20110603_20120526_ba4class_alb.aux,,N/A,N/A,/Cavaiani_2024_Metaanalysis/gis_data/Fire_Perimeters/hewlett/mtbs/2012/co4068910531320120514
co4068910531320120514_20110603_20120526_ba4class_alb.tif,,N/A,N/A,/Cavaiani_2024_Metaanalysis/gis_data/Fire_Perimeters/hewlett/mtbs/2012/co4068910531320120514
co4068910531320120514_20110603_20120526_ba7class_alb.aux,,N/A,N/A,/Cavaiani_2024_Metaanalysis/gis_data/Fire_Perimeters/hewlett/mtbs/2012/co4068910531320120514
co4068910531320120514_20110603_20120526_ba7class_alb.tif,,N/A,N/A,/Cavaiani_2024_Metaanalysis/gis_data/Fire_Perimeters/hewlett/mtbs/2012/co4068910531320120514
co4068910531320120514_20110603_20120526_ba_alb.aux,,N/A,N/A,/Cavaiani_2024_Metaanalysis/gis_data/Fire_Perimeters/hewlett/mtbs/2012/co4068910531320120514
co4068910531320120514_20110603_20120526_ba_alb.tif,,N/A,N/A,/Cavaiani_2024_Metaanalysis/gis_data/Fire_Perimeters/hewlett/mtbs/2012/co4068910531320120514
co4068910531320120514_20110603_20120526_cbi_alb.aux,,N/A,N/A,/Cavaiani_2024_Metaanalysis/gis_data/Fire_Perimeters/hewlett/mtbs/2012/co4068910531320120514
co4068910531320120514_20110603_20120526_cbi_alb.tif,,N/A,N/A,/Cavaiani_2024_Metaanalysis/gis_data/Fire_Perimeters/hewlett/mtbs/2012/co4068910531320120514
co4068910531320120514_20110603_20120526_cbiclass_alb.aux,,N/A,N/A,/Cavaiani_2024_Metaanalysis/gis_data/Fire_Perimeters/hewlett/mtbs/2012/co4068910531320120514
co4068910531320120514_20110603_20120526_cbiclass_alb.tif,,N/A,N/A,/Cavaiani_2024_Metaanalysis/gis_data/Fire_Perimeters/hewlett/mtbs/2012/co4068910531320120514
co4068910531320120514_20110603_20120526_cc5class_alb.aux,,N/A,N/A,/Cavaiani_2024_Metaanalysis/gis_data/Fire_Perimeters/hewlett/mtbs/2012/co4068910531320120514
co4068910531320120514_20110603_20120526_cc5class_alb.tif,,N/A,N/A,/Cavaiani_2024_Metaanalysis/gis_data/Fire_Perimeters/hewlett/mtbs/2012/co4068910531320120514
co4068910531320120514_20110603_20120526_cc_alb.aux,,N/A,N/A,/Cavaiani_2024_Metaanalysis/gis_data/Fire_Perimeters/hewlett/mtbs/2012/co4068910531320120514
co4068910531320120514_20110603_20120526_cc_alb.tif,,N/A,N/A,/Cavaiani_2024_Metaanalysis/gis_data/Fire_Perimeters/hewlett/mtbs/2012/co4068910531320120514
co4068910531320120514_20110603_20120526_dndvi_alb.aux,,N/A,N/A,/Cavaiani_2024_Metaanalysis/gis_data/Fire_Perimeters/hewlett/mtbs/2012/co4068910531320120514
co4068910531320120514_20110603_20120526_dndvi_alb.tif,,N/A,N/A,/Cavaiani_2024_Metaanalysis/gis_data/Fire_Perimeters/hewlett/mtbs/2012/co4068910531320120514
co4068910531320120514_20110603_20120526_ravg_map.pdf,,N/A,N/A,/Cavaiani_2024_Metaanalysis/gis_data/Fire_Perimeters/hewlett/mtbs/2012/co4068910531320120514
co4068910531320120514_20110603_20120526_ravg_metadata.txt,,N/A,N/A,/Cavaiani_2024_Metaanalysis/gis_data/Fire_Perimeters/hewlett/mtbs/2012/co4068910531320120514
co4068910531320120514_20110603_20120526_rdndvi_alb.aux,,N/A,N/A,/Cavaiani_2024_Metaanalysis/gis_data/Fire_Perimeters/hewlett/mtbs/2012/co4068910531320120514
co4068910531320120514_20110603_20120526_rdndvi_alb.tif,,N/A,N/A,/Cavaiani_2024_Metaanalysis/gis_data/Fire_Perimeters/hewlett/mtbs/2012/co4068910531320120514
co4068910531320120514_20120526_burn_bndy_alb.dbf,,N/A,N/A,/Cavaiani_2024_Metaanalysis/gis_data/Fire_Perimeters/hewlett/mtbs/2012/co4068910531320120514
co4068910531320120514_20120526_burn_bndy_alb.prj,,N/A,N/A,/Cavaiani_2024_Metaanalysis/gis_data/Fire_Perimeters/hewlett/mtbs/2012/co4068910531320120514
co4068910531320120514_20120526_burn_bndy_alb.sbn,,N/A,N/A,/Cavaiani_2024_Metaanalysis/gis_data/Fire_Perimeters/hewlett/mtbs/2012/co4068910531320120514
co4068910531320120514_20120526_burn_bndy_alb.sbx,,N/A,N/A,/Cavaiani_2024_Metaanalysis/gis_data/Fire_Perimeters/hewlett/mtbs/2012/co4068910531320120514
co4068910531320120514_20120526_burn_bndy_alb.shp,,N/A,N/A,/Cavaiani_2024_Metaanalysis/gis_data/Fire_Perimeters/hewlett/mtbs/2012/co4068910531320120514
co4068910531320120514_20120526_burn_bndy_alb.shx,,N/A,N/A,/Cavaiani_2024_Metaanalysis/gis_data/Fire_Perimeters/hewlett/mtbs/2012/co4068910531320120514
CO4058910540420120609_20110912_20130901_metadata.xml,,N/A,N/A,/Cavaiani_2024_Metaanalysis/gis_data/Fire_Perimeters/high_park/mtbs/2012/co4058910540420120609
co4058910540420120609_20110912_20130901.kmz,,N/A,N/A,/Cavaiani_2024_Metaanalysis/gis_data/Fire_Perimeters/high_park/mtbs/2012/co4058910540420120609
co4058910540420120609_20110912_20130901_burn_bndy.dbf,,N/A,N/A,/Cavaiani_2024_Metaanalysis/gis_data/Fire_Perimeters/high_park/mtbs/2012/co4058910540420120609
co4058910540420120609_20110912_20130901_burn_bndy.prj,,N/A,N/A,/Cavaiani_2024_Metaanalysis/gis_data/Fire_Perimeters/high_park/mtbs/2012/co4058910540420120609
co4058910540420120609_20110912_20130901_burn_bndy.sbn,,N/A,N/A,/Cavaiani_2024_Metaanalysis/gis_data/Fire_Perimeters/high_park/mtbs/2012/co4058910540420120609
co4058910540420120609_20110912_20130901_burn_bndy.sbx,,N/A,N/A,/Cavaiani_2024_Metaanalysis/gis_data/Fire_Perimeters/high_park/mtbs/2012/co4058910540420120609
co4058910540420120609_20110912_20130901_burn_bndy.shp,,N/A,N/A,/Cavaiani_2024_Metaanalysis/gis_data/Fire_Perimeters/high_park/mtbs/2012/co4058910540420120609
co4058910540420120609_20110912_20130901_burn_bndy.shx,,N/A,N/A,/Cavaiani_2024_Metaanalysis/gis_data/Fire_Perimeters/high_park/mtbs/2012/co4058910540420120609
co4058910540420120609_20110912_20130901_dnbr.aux,,N/A,N/A,/Cavaiani_2024_Metaanalysis/gis_data/Fire_Perimeters/high_park/mtbs/2012/co4058910540420120609
co4058910540420120609_20110912_20130901_dnbr.rrd,,N/A,N/A,/Cavaiani_2024_Metaanalysis/gis_data/Fire_Perimeters/high_park/mtbs/2012/co4058910540420120609
co4058910540420120609_20110912_20130901_dnbr.tif,,N/A,N/A,/Cavaiani_2024_Metaanalysis/gis_data/Fire_Perimeters/high_park/mtbs/2012/co4058910540420120609
co4058910540420120609_20110912_20130901_dnbr6.aux,,N/A,N/A,/Cavaiani_2024_Metaanalysis/gis_data/Fire_Perimeters/high_park/mtbs/2012/co4058910540420120609
co4058910540420120609_20110912_20130901_dnbr6.rrd,,N/A,N/A,/Cavaiani_2024_Metaanalysis/gis_data/Fire_Perimeters/high_park/mtbs/2012/co4058910540420120609
co4058910540420120609_20110912_20130901_dnbr6.tif,,N/A,N/A,/Cavaiani_2024_Metaanalysis/gis_data/Fire_Perimeters/high_park/mtbs/2012/co4058910540420120609
co4058910540420120609_20110912_20130901_mask.dbf,,N/A,N/A,/Cavaiani_2024_Metaanalysis/gis_data/Fire_Perimeters/high_park/mtbs/2012/co4058910540420120609
co4058910540420120609_20110912_20130901_mask.prj,,N/A,N/A,/Cavaiani_2024_Metaanalysis/gis_data/Fire_Perimeters/high_park/mtbs/2012/co4058910540420120609
co4058910540420120609_20110912_20130901_mask.sbn,,N/A,N/A,/Cavaiani_2024_Metaanalysis/gis_data/Fire_Perimeters/high_park/mtbs/2012/co4058910540420120609
co4058910540420120609_20110912_20130901_mask.sbx,,N/A,N/A,/Cavaiani_2024_Metaanalysis/gis_data/Fire_Perimeters/high_park/mtbs/2012/co4058910540420120609
co4058910540420120609_20110912_20130901_mask.shp,,N/A,N/A,/Cavaiani_2024_Metaanalysis/gis_data/Fire_Perimeters/high_park/mtbs/2012/co4058910540420120609
co4058910540420120609_20110912_20130901_mask.shx,,N/A,N/A,/Cavaiani_2024_Metaanalysis/gis_data/Fire_Perimeters/high_park/mtbs/2012/co4058910540420120609
co4058910540420120609_20110912_20130901_rdnbr.aux,,N/A,N/A,/Cavaiani_2024_Metaanalysis/gis_data/Fire_Perimeters/high_park/mtbs/2012/co4058910540420120609
co4058910540420120609_20110912_20130901_rdnbr.rrd,,N/A,N/A,/Cavaiani_2024_Metaanalysis/gis_data/Fire_Perimeters/high_park/mtbs/2012/co4058910540420120609
co4058910540420120609_20110912_20130901_rdnbr.tif,,N/A,N/A,/Cavaiani_2024_Metaanalysis/gis_data/Fire_Perimeters/high_park/mtbs/2012/co4058910540420120609
co4058910540420120609_20110912_l5_refl.aux,,N/A,N/A,/Cavaiani_2024_Metaanalysis/gis_data/Fire_Perimeters/high_park/mtbs/2012/co4058910540420120609
co4058910540420120609_20110912_l5_refl.rrd,,N/A,N/A,/Cavaiani_2024_Metaanalysis/gis_data/Fire_Perimeters/high_park/mtbs/2012/co4058910540420120609
co4058910540420120609_20110912_l5_refl.tif,,N/A,N/A,/Cavaiani_2024_Metaanalysis/gis_data/Fire_Perimeters/high_park/mtbs/2012/co4058910540420120609
co4058910540420120609_20121008_l7_refl.aux,,N/A,N/A,/Cavaiani_2024_Metaanalysis/gis_data/Fire_Perimeters/high_park/mtbs/2012/co4058910540420120609
co4058910540420120609_20121008_l7_refl.rrd,,N/A,N/A,/Cavaiani_2024_Metaanalysis/gis_data/Fire_Perimeters/high_park/mtbs/2012/co4058910540420120609
co4058910540420120609_20121008_l7_refl.tif,,N/A,N/A,/Cavaiani_2024_Metaanalysis/gis_data/Fire_Perimeters/high_park/mtbs/2012/co4058910540420120609
co4058910540420120609_20130901_l8_refl.aux,,N/A,N/A,/Cavaiani_2024_Metaanalysis/gis_data/Fire_Perimeters/high_park/mtbs/2012/co4058910540420120609
co4058910540420120609_20130901_l8_refl.rrd,,N/A,N/A,/Cavaiani_2024_Metaanalysis/gis_data/Fire_Perimeters/high_park/mtbs/2012/co4058910540420120609
co4058910540420120609_20130901_l8_refl.tif,,N/A,N/A,/Cavaiani_2024_Metaanalysis/gis_data/Fire_Perimeters/high_park/mtbs/2012/co4058910540420120609
co4058910540420120609_map.pdf,,N/A,N/A,/Cavaiani_2024_Metaanalysis/gis_data/Fire_Perimeters/high_park/mtbs/2012/co4058910540420120609
high_park.kmz,,N/A,N/A,/Cavaiani_2024_Metaanalysis/gis_data/Fire_Perimeters/high_park/mtbs/2012/co4058910540420120609
high_park_20121008_l7_refl.aux,,N/A,N/A,/Cavaiani_2024_Metaanalysis/gis_data/Fire_Perimeters/high_park/mtbs/2012/co4058910540420120609
high_park_20121008_l7_refl.rrd,,N/A,N/A,/Cavaiani_2024_Metaanalysis/gis_data/Fire_Perimeters/high_park/mtbs/2012/co4058910540420120609
high_park_20121008_l7_refl.tif,,N/A,N/A,/Cavaiani_2024_Metaanalysis/gis_data/Fire_Perimeters/high_park/mtbs/2012/co4058910540420120609
high_park_burn_bndy.dbf,,N/A,N/A,/Cavaiani_2024_Metaanalysis/gis_data/Fire_Perimeters/high_park/mtbs/2012/co4058910540420120609
high_park_burn_bndy.prj,,N/A,N/A,/Cavaiani_2024_Metaanalysis/gis_data/Fire_Perimeters/high_park/mtbs/2012/co4058910540420120609
high_park_burn_bndy.sbn,,N/A,N/A,/Cavaiani_2024_Metaanalysis/gis_data/Fire_Perimeters/high_park/mtbs/2012/co4058910540420120609
high_park_burn_bndy.sbx,,N/A,N/A,/Cavaiani_2024_Metaanalysis/gis_data/Fire_Perimeters/high_park/mtbs/2012/co4058910540420120609
high_park_burn_bndy.shp,,N/A,N/A,/Cavaiani_2024_Metaanalysis/gis_data/Fire_Perimeters/high_park/mtbs/2012/co4058910540420120609
high_park_burn_bndy.shx,,N/A,N/A,/Cavaiani_2024_Metaanalysis/gis_data/Fire_Perimeters/high_park/mtbs/2012/co4058910540420120609
high_park_dnbr.aux,,N/A,N/A,/Cavaiani_2024_Metaanalysis/gis_data/Fire_Perimeters/high_park/mtbs/2012/co4058910540420120609
high_park_dnbr.rrd,,N/A,N/A,/Cavaiani_2024_Metaanalysis/gis_data/Fire_Perimeters/high_park/mtbs/2012/co4058910540420120609
high_park_dnbr.tif,,N/A,N/A,/Cavaiani_2024_Metaanalysis/gis_data/Fire_Perimeters/high_park/mtbs/2012/co4058910540420120609
high_park_dnbr6.aux,,N/A,N/A,/Cavaiani_2024_Metaanalysis/gis_data/Fire_Perimeters/high_park/mtbs/2012/co4058910540420120609
high_park_dnbr6.rrd,,N/A,N/A,/Cavaiani_2024_Metaanalysis/gis_data/Fire_Perimeters/high_park/mtbs/2012/co4058910540420120609
high_park_dnbr6.tif,,N/A,N/A,/Cavaiani_2024_Metaanalysis/gis_data/Fire_Perimeters/high_park/mtbs/2012/co4058910540420120609
high_park_map.pdf,,N/A,N/A,/Cavaiani_2024_Metaanalysis/gis_data/Fire_Perimeters/high_park/mtbs/2012/co4058910540420120609
high_park_mask.dbf,,N/A,N/A,/Cavaiani_2024_Metaanalysis/gis_data/Fire_Perimeters/high_park/mtbs/2012/co4058910540420120609
high_park_mask.prj,,N/A,N/A,/Cavaiani_2024_Metaanalysis/gis_data/Fire_Perimeters/high_park/mtbs/2012/co4058910540420120609
high_park_mask.sbn,,N/A,N/A,/Cavaiani_2024_Metaanalysis/gis_data/Fire_Perimeters/high_park/mtbs/2012/co4058910540420120609
high_park_mask.sbx,,N/A,N/A,/Cavaiani_2024_Metaanalysis/gis_data/Fire_Perimeters/high_park/mtbs/2012/co4058910540420120609
high_park_mask.shp,,N/A,N/A,/Cavaiani_2024_Metaanalysis/gis_data/Fire_Perimeters/high_park/mtbs/2012/co4058910540420120609
high_park_mask.shx,,N/A,N/A,/Cavaiani_2024_Metaanalysis/gis_data/Fire_Perimeters/high_park/mtbs/2012/co4058910540420120609
high_park_metadata.xml,,N/A,N/A,/Cavaiani_2024_Metaanalysis/gis_data/Fire_Perimeters/high_park/mtbs/2012/co4058910540420120609
high_park_post_l8_refl.aux,,N/A,N/A,/Cavaiani_2024_Metaanalysis/gis_data/Fire_Perimeters/high_park/mtbs/2012/co4058910540420120609
high_park_post_l8_refl.rrd,,N/A,N/A,/Cavaiani_2024_Metaanalysis/gis_data/Fire_Perimeters/high_park/mtbs/2012/co4058910540420120609
high_park_post_l8_refl.tif,,N/A,N/A,/Cavaiani_2024_Metaanalysis/gis_data/Fire_Perimeters/high_park/mtbs/2012/co4058910540420120609
high_park_pre_l5_refl.aux,,N/A,N/A,/Cavaiani_2024_Metaanalysis/gis_data/Fire_Perimeters/high_park/mtbs/2012/co4058910540420120609
high_park_pre_l5_refl.rrd,,N/A,N/A,/Cavaiani_2024_Metaanalysis/gis_data/Fire_Perimeters/high_park/mtbs/2012/co4058910540420120609
high_park_pre_l5_refl.tif,,N/A,N/A,/Cavaiani_2024_Metaanalysis/gis_data/Fire_Perimeters/high_park/mtbs/2012/co4058910540420120609
high_park_rdnbr.aux,,N/A,N/A,/Cavaiani_2024_Metaanalysis/gis_data/Fire_Perimeters/high_park/mtbs/2012/co4058910540420120609
high_park_rdnbr.rrd,,N/A,N/A,/Cavaiani_2024_Metaanalysis/gis_data/Fire_Perimeters/high_park/mtbs/2012/co4058910540420120609
high_park_rdnbr.tif,,N/A,N/A,/Cavaiani_2024_Metaanalysis/gis_data/Fire_Perimeters/high_park/mtbs/2012/co4058910540420120609
CA3900612074520220907_20220707_20230718_metadata.xml,,N/A,N/A,/Cavaiani_2024_Metaanalysis/gis_data/Fire_Perimeters/mosquito/mtbs/2022/ca3900612074520220907
ca3900612074520220907_20220707_20230718.kmz,,N/A,N/A,/Cavaiani_2024_Metaanalysis/gis_data/Fire_Perimeters/mosquito/mtbs/2022/ca3900612074520220907
ca3900612074520220907_20220707_20230718_burn_bndy.dbf,,N/A,N/A,/Cavaiani_2024_Metaanalysis/gis_data/Fire_Perimeters/mosquito/mtbs/2022/ca3900612074520220907
ca3900612074520220907_20220707_20230718_burn_bndy.prj,,N/A,N/A,/Cavaiani_2024_Metaanalysis/gis_data/Fire_Perimeters/mosquito/mtbs/2022/ca3900612074520220907
ca3900612074520220907_20220707_20230718_burn_bndy.sbn,,N/A,N/A,/Cavaiani_2024_Metaanalysis/gis_data/Fire_Perimeters/mosquito/mtbs/2022/ca3900612074520220907
ca3900612074520220907_20220707_20230718_burn_bndy.sbx,,N/A,N/A,/Cavaiani_2024_Metaanalysis/gis_data/Fire_Perimeters/mosquito/mtbs/2022/ca3900612074520220907
ca3900612074520220907_20220707_20230718_burn_bndy.shp,,N/A,N/A,/Cavaiani_2024_Metaanalysis/gis_data/Fire_Perimeters/mosquito/mtbs/2022/ca3900612074520220907
ca3900612074520220907_20220707_20230718_burn_bndy.shx,,N/A,N/A,/Cavaiani_2024_Metaanalysis/gis_data/Fire_Perimeters/mosquito/mtbs/2022/ca3900612074520220907
ca3900612074520220907_20220707_20230718_dnbr.tif,,N/A,N/A,/Cavaiani_2024_Metaanalysis/gis_data/Fire_Perimeters/mosquito/mtbs/2022/ca3900612074520220907
ca3900612074520220907_20220707_20230718_dnbr6.tif,,N/A,N/A,/Cavaiani_2024_Metaanalysis/gis_data/Fire_Perimeters/mosquito/mtbs/2022/ca3900612074520220907
ca3900612074520220907_20220707_20230718_mask.dbf,,N/A,N/A,/Cavaiani_2024_Metaanalysis/gis_data/Fire_Perimeters/mosquito/mtbs/2022/ca3900612074520220907
ca3900612074520220907_20220707_20230718_mask.prj,,N/A,N/A,/Cavaiani_2024_Metaanalysis/gis_data/Fire_Perimeters/mosquito/mtbs/2022/ca3900612074520220907
ca3900612074520220907_20220707_20230718_mask.sbn,,N/A,N/A,/Cavaiani_2024_Metaanalysis/gis_data/Fire_Perimeters/mosquito/mtbs/2022/ca3900612074520220907
ca3900612074520220907_20220707_20230718_mask.sbx,,N/A,N/A,/Cavaiani_2024_Metaanalysis/gis_data/Fire_Perimeters/mosquito/mtbs/2022/ca3900612074520220907
ca3900612074520220907_20220707_20230718_mask.shp,,N/A,N/A,/Cavaiani_2024_Metaanalysis/gis_data/Fire_Perimeters/mosquito/mtbs/2022/ca3900612074520220907
ca3900612074520220907_20220707_20230718_mask.shx,,N/A,N/A,/Cavaiani_2024_Metaanalysis/gis_data/Fire_Perimeters/mosquito/mtbs/2022/ca3900612074520220907
ca3900612074520220907_20220707_20230718_rdnbr.tif,,N/A,N/A,/Cavaiani_2024_Metaanalysis/gis_data/Fire_Perimeters/mosquito/mtbs/2022/ca3900612074520220907
ca3900612074520220907_20220707_L8_refl.tif,,N/A,N/A,/Cavaiani_2024_Metaanalysis/gis_data/Fire_Perimeters/mosquito/mtbs/2022/ca3900612074520220907
ca3900612074520220907_20230718_L9_refl.tif,,N/A,N/A,/Cavaiani_2024_Metaanalysis/gis_data/Fire_Perimeters/mosquito/mtbs/2022/ca3900612074520220907
ca3900612074520220907_map.pdf,,N/A,N/A,/Cavaiani_2024_Metaanalysis/gis_data/Fire_Perimeters/mosquito/mtbs/2022/ca3900612074520220907
mosquito.kmz,,N/A,N/A,/Cavaiani_2024_Metaanalysis/gis_data/Fire_Perimeters/mosquito/mtbs/2022/ca3900612074520220907
mosquito_burn_bndy.dbf,,N/A,N/A,/Cavaiani_2024_Metaanalysis/gis_data/Fire_Perimeters/mosquito/mtbs/2022/ca3900612074520220907
mosquito_burn_bndy.prj,,N/A,N/A,/Cavaiani_2024_Metaanalysis/gis_data/Fire_Perimeters/mosquito/mtbs/2022/ca3900612074520220907
mosquito_burn_bndy.sbn,,N/A,N/A,/Cavaiani_2024_Metaanalysis/gis_data/Fire_Perimeters/mosquito/mtbs/2022/ca3900612074520220907
mosquito_burn_bndy.sbx,,N/A,N/A,/Cavaiani_2024_Metaanalysis/gis_data/Fire_Perimeters/mosquito/mtbs/2022/ca3900612074520220907
mosquito_burn_bndy.shp,,N/A,N/A,/Cavaiani_2024_Metaanalysis/gis_data/Fire_Perimeters/mosquito/mtbs/2022/ca3900612074520220907
mosquito_burn_bndy.shx,,N/A,N/A,/Cavaiani_2024_Metaanalysis/gis_data/Fire_Perimeters/mosquito/mtbs/2022/ca3900612074520220907
mosquito_dnbr.tif,,N/A,N/A,/Cavaiani_2024_Metaanalysis/gis_data/Fire_Perimeters/mosquito/mtbs/2022/ca3900612074520220907
mosquito_dnbr6.tif,,N/A,N/A,/Cavaiani_2024_Metaanalysis/gis_data/Fire_Perimeters/mosquito/mtbs/2022/ca3900612074520220907
mosquito_map.pdf,,N/A,N/A,/Cavaiani_2024_Metaanalysis/gis_data/Fire_Perimeters/mosquito/mtbs/2022/ca3900612074520220907
mosquito_mask.dbf,,N/A,N/A,/Cavaiani_2024_Metaanalysis/gis_data/Fire_Perimeters/mosquito/mtbs/2022/ca3900612074520220907
mosquito_mask.prj,,N/A,N/A,/Cavaiani_2024_Metaanalysis/gis_data/Fire_Perimeters/mosquito/mtbs/2022/ca3900612074520220907
mosquito_mask.sbn,,N/A,N/A,/Cavaiani_2024_Metaanalysis/gis_data/Fire_Perimeters/mosquito/mtbs/2022/ca3900612074520220907
mosquito_mask.sbx,,N/A,N/A,/Cavaiani_2024_Metaanalysis/gis_data/Fire_Perimeters/mosquito/mtbs/2022/ca3900612074520220907
mosquito_mask.shp,,N/A,N/A,/Cavaiani_2024_Metaanalysis/gis_data/Fire_Perimeters/mosquito/mtbs/2022/ca3900612074520220907
mosquito_mask.shx,,N/A,N/A,/Cavaiani_2024_Metaanalysis/gis_data/Fire_Perimeters/mosquito/mtbs/2022/ca3900612074520220907
mosquito_metadata.xml,,N/A,N/A,/Cavaiani_2024_Metaanalysis/gis_data/Fire_Perimeters/mosquito/mtbs/2022/ca3900612074520220907
mosquito_post_L9_refl.tif,,N/A,N/A,/Cavaiani_2024_Metaanalysis/gis_data/Fire_Perimeters/mosquito/mtbs/2022/ca3900612074520220907
mosquito_pre_L8_refl.tif,,N/A,N/A,/Cavaiani_2024_Metaanalysis/gis_data/Fire_Perimeters/mosquito/mtbs/2022/ca3900612074520220907
mosquito_rdnbr.tif,,N/A,N/A,/Cavaiani_2024_Metaanalysis/gis_data/Fire_Perimeters/mosquito/mtbs/2022/ca3900612074520220907
UT3980611166020180906_20180607_20190626_metadata.xml,,N/A,N/A,/Cavaiani_2024_Metaanalysis/gis_data/Fire_Perimeters/pole_creek/mtbs/2018/ut3980611166020180906
pole_creek.kmz,,N/A,N/A,/Cavaiani_2024_Metaanalysis/gis_data/Fire_Perimeters/pole_creek/mtbs/2018/ut3980611166020180906
pole_creek_burn_bndy.dbf,,N/A,N/A,/Cavaiani_2024_Metaanalysis/gis_data/Fire_Perimeters/pole_creek/mtbs/2018/ut3980611166020180906
pole_creek_burn_bndy.prj,,N/A,N/A,/Cavaiani_2024_Metaanalysis/gis_data/Fire_Perimeters/pole_creek/mtbs/2018/ut3980611166020180906
pole_creek_burn_bndy.sbn,,N/A,N/A,/Cavaiani_2024_Metaanalysis/gis_data/Fire_Perimeters/pole_creek/mtbs/2018/ut3980611166020180906
pole_creek_burn_bndy.sbx,,N/A,N/A,/Cavaiani_2024_Metaanalysis/gis_data/Fire_Perimeters/pole_creek/mtbs/2018/ut3980611166020180906
pole_creek_burn_bndy.shp,,N/A,N/A,/Cavaiani_2024_Metaanalysis/gis_data/Fire_Perimeters/pole_creek/mtbs/2018/ut3980611166020180906
pole_creek_burn_bndy.shx,,N/A,N/A,/Cavaiani_2024_Metaanalysis/gis_data/Fire_Perimeters/pole_creek/mtbs/2018/ut3980611166020180906
pole_creek_dnbr.aux,,N/A,N/A,/Cavaiani_2024_Metaanalysis/gis_data/Fire_Perimeters/pole_creek/mtbs/2018/ut3980611166020180906
pole_creek_dnbr.rrd,,N/A,N/A,/Cavaiani_2024_Metaanalysis/gis_data/Fire_Perimeters/pole_creek/mtbs/2018/ut3980611166020180906
pole_creek_dnbr.tif,,N/A,N/A,/Cavaiani_2024_Metaanalysis/gis_data/Fire_Perimeters/pole_creek/mtbs/2018/ut3980611166020180906
pole_creek_dnbr6.aux,,N/A,N/A,/Cavaiani_2024_Metaanalysis/gis_data/Fire_Perimeters/pole_creek/mtbs/2018/ut3980611166020180906
pole_creek_dnbr6.rrd,,N/A,N/A,/Cavaiani_2024_Metaanalysis/gis_data/Fire_Perimeters/pole_creek/mtbs/2018/ut3980611166020180906
pole_creek_dnbr6.tif,,N/A,N/A,/Cavaiani_2024_Metaanalysis/gis_data/Fire_Perimeters/pole_creek/mtbs/2018/ut3980611166020180906
pole_creek_map.pdf,,N/A,N/A,/Cavaiani_2024_Metaanalysis/gis_data/Fire_Perimeters/pole_creek/mtbs/2018/ut3980611166020180906
pole_creek_mask.dbf,,N/A,N/A,/Cavaiani_2024_Metaanalysis/gis_data/Fire_Perimeters/pole_creek/mtbs/2018/ut3980611166020180906
pole_creek_mask.prj,,N/A,N/A,/Cavaiani_2024_Metaanalysis/gis_data/Fire_Perimeters/pole_creek/mtbs/2018/ut3980611166020180906
pole_creek_mask.sbn,,N/A,N/A,/Cavaiani_2024_Metaanalysis/gis_data/Fire_Perimeters/pole_creek/mtbs/2018/ut3980611166020180906
pole_creek_mask.sbx,,N/A,N/A,/Cavaiani_2024_Metaanalysis/gis_data/Fire_Perimeters/pole_creek/mtbs/2018/ut3980611166020180906
pole_creek_mask.shp,,N/A,N/A,/Cavaiani_2024_Metaanalysis/gis_data/Fire_Perimeters/pole_creek/mtbs/2018/ut3980611166020180906
pole_creek_mask.shx,,N/A,N/A,/Cavaiani_2024_Metaanalysis/gis_data/Fire_Perimeters/pole_creek/mtbs/2018/ut3980611166020180906
pole_creek_metadata.xml,,N/A,N/A,/Cavaiani_2024_Metaanalysis/gis_data/Fire_Perimeters/pole_creek/mtbs/2018/ut3980611166020180906
pole_creek_post_L8_refl.aux,,N/A,N/A,/Cavaiani_2024_Metaanalysis/gis_data/Fire_Perimeters/pole_creek/mtbs/2018/ut3980611166020180906
pole_creek_post_L8_refl.rrd,,N/A,N/A,/Cavaiani_2024_Metaanalysis/gis_data/Fire_Perimeters/pole_creek/mtbs/2018/ut3980611166020180906
pole_creek_post_L8_refl.tif,,N/A,N/A,/Cavaiani_2024_Metaanalysis/gis_data/Fire_Perimeters/pole_creek/mtbs/2018/ut3980611166020180906
pole_creek_pre_L8_refl.aux,,N/A,N/A,/Cavaiani_2024_Metaanalysis/gis_data/Fire_Perimeters/pole_creek/mtbs/2018/ut3980611166020180906
pole_creek_pre_L8_refl.rrd,,N/A,N/A,/Cavaiani_2024_Metaanalysis/gis_data/Fire_Perimeters/pole_creek/mtbs/2018/ut3980611166020180906
pole_creek_pre_L8_refl.tif,,N/A,N/A,/Cavaiani_2024_Metaanalysis/gis_data/Fire_Perimeters/pole_creek/mtbs/2018/ut3980611166020180906
pole_creek_rdnbr.aux,,N/A,N/A,/Cavaiani_2024_Metaanalysis/gis_data/Fire_Perimeters/pole_creek/mtbs/2018/ut3980611166020180906
pole_creek_rdnbr.rrd,,N/A,N/A,/Cavaiani_2024_Metaanalysis/gis_data/Fire_Perimeters/pole_creek/mtbs/2018/ut3980611166020180906
pole_creek_rdnbr.tif,,N/A,N/A,/Cavaiani_2024_Metaanalysis/gis_data/Fire_Perimeters/pole_creek/mtbs/2018/ut3980611166020180906
ut3980611166020180906_20180607_20190626.kmz,,N/A,N/A,/Cavaiani_2024_Metaanalysis/gis_data/Fire_Perimeters/pole_creek/mtbs/2018/ut3980611166020180906
ut3980611166020180906_20180607_20190626_burn_bndy.dbf,,N/A,N/A,/Cavaiani_2024_Metaanalysis/gis_data/Fire_Perimeters/pole_creek/mtbs/2018/ut3980611166020180906
ut3980611166020180906_20180607_20190626_burn_bndy.prj,,N/A,N/A,/Cavaiani_2024_Metaanalysis/gis_data/Fire_Perimeters/pole_creek/mtbs/2018/ut3980611166020180906
ut3980611166020180906_20180607_20190626_burn_bndy.sbn,,N/A,N/A,/Cavaiani_2024_Metaanalysis/gis_data/Fire_Perimeters/pole_creek/mtbs/2018/ut3980611166020180906
ut3980611166020180906_20180607_20190626_burn_bndy.sbx,,N/A,N/A,/Cavaiani_2024_Metaanalysis/gis_data/Fire_Perimeters/pole_creek/mtbs/2018/ut3980611166020180906
ut3980611166020180906_20180607_20190626_burn_bndy.shp,,N/A,N/A,/Cavaiani_2024_Metaanalysis/gis_data/Fire_Perimeters/pole_creek/mtbs/2018/ut3980611166020180906
ut3980611166020180906_20180607_20190626_burn_bndy.shx,,N/A,N/A,/Cavaiani_2024_Metaanalysis/gis_data/Fire_Perimeters/pole_creek/mtbs/2018/ut3980611166020180906
ut3980611166020180906_20180607_20190626_dnbr.aux,,N/A,N/A,/Cavaiani_2024_Metaanalysis/gis_data/Fire_Perimeters/pole_creek/mtbs/2018/ut3980611166020180906
ut3980611166020180906_20180607_20190626_dnbr.rrd,,N/A,N/A,/Cavaiani_2024_Metaanalysis/gis_data/Fire_Perimeters/pole_creek/mtbs/2018/ut3980611166020180906
ut3980611166020180906_20180607_20190626_dnbr.tif,,N/A,N/A,/Cavaiani_2024_Metaanalysis/gis_data/Fire_Perimeters/pole_creek/mtbs/2018/ut3980611166020180906
ut3980611166020180906_20180607_20190626_dnbr6.aux,,N/A,N/A,/Cavaiani_2024_Metaanalysis/gis_data/Fire_Perimeters/pole_creek/mtbs/2018/ut3980611166020180906
ut3980611166020180906_20180607_20190626_dnbr6.rrd,,N/A,N/A,/Cavaiani_2024_Metaanalysis/gis_data/Fire_Perimeters/pole_creek/mtbs/2018/ut3980611166020180906
ut3980611166020180906_20180607_20190626_dnbr6.tif,,N/A,N/A,/Cavaiani_2024_Metaanalysis/gis_data/Fire_Perimeters/pole_creek/mtbs/2018/ut3980611166020180906
ut3980611166020180906_20180607_20190626_mask.dbf,,N/A,N/A,/Cavaiani_2024_Metaanalysis/gis_data/Fire_Perimeters/pole_creek/mtbs/2018/ut3980611166020180906
ut3980611166020180906_20180607_20190626_mask.prj,,N/A,N/A,/Cavaiani_2024_Metaanalysis/gis_data/Fire_Perimeters/pole_creek/mtbs/2018/ut3980611166020180906
ut3980611166020180906_20180607_20190626_mask.sbn,,N/A,N/A,/Cavaiani_2024_Metaanalysis/gis_data/Fire_Perimeters/pole_creek/mtbs/2018/ut3980611166020180906
ut3980611166020180906_20180607_20190626_mask.sbx,,N/A,N/A,/Cavaiani_2024_Metaanalysis/gis_data/Fire_Perimeters/pole_creek/mtbs/2018/ut3980611166020180906
ut3980611166020180906_20180607_20190626_mask.shp,,N/A,N/A,/Cavaiani_2024_Metaanalysis/gis_data/Fire_Perimeters/pole_creek/mtbs/2018/ut3980611166020180906
ut3980611166020180906_20180607_20190626_mask.shx,,N/A,N/A,/Cavaiani_2024_Metaanalysis/gis_data/Fire_Perimeters/pole_creek/mtbs/2018/ut3980611166020180906
ut3980611166020180906_20180607_20190626_rdnbr.aux,,N/A,N/A,/Cavaiani_2024_Metaanalysis/gis_data/Fire_Perimeters/pole_creek/mtbs/2018/ut3980611166020180906
ut3980611166020180906_20180607_20190626_rdnbr.rrd,,N/A,N/A,/Cavaiani_2024_Metaanalysis/gis_data/Fire_Perimeters/pole_creek/mtbs/2018/ut3980611166020180906
ut3980611166020180906_20180607_20190626_rdnbr.tif,,N/A,N/A,/Cavaiani_2024_Metaanalysis/gis_data/Fire_Perimeters/pole_creek/mtbs/2018/ut3980611166020180906
ut3980611166020180906_20180607_L8_refl.aux,,N/A,N/A,/Cavaiani_2024_Metaanalysis/gis_data/Fire_Perimeters/pole_creek/mtbs/2018/ut3980611166020180906
ut3980611166020180906_20180607_L8_refl.rrd,,N/A,N/A,/Cavaiani_2024_Metaanalysis/gis_data/Fire_Perimeters/pole_creek/mtbs/2018/ut3980611166020180906
ut3980611166020180906_20180607_L8_refl.tif,,N/A,N/A,/Cavaiani_2024_Metaanalysis/gis_data/Fire_Perimeters/pole_creek/mtbs/2018/ut3980611166020180906
ut3980611166020180906_20190626_L8_refl.aux,,N/A,N/A,/Cavaiani_2024_Metaanalysis/gis_data/Fire_Perimeters/pole_creek/mtbs/2018/ut3980611166020180906
ut3980611166020180906_20190626_L8_refl.rrd,,N/A,N/A,/Cavaiani_2024_Metaanalysis/gis_data/Fire_Perimeters/pole_creek/mtbs/2018/ut3980611166020180906
ut3980611166020180906_20190626_L8_refl.tif,,N/A,N/A,/Cavaiani_2024_Metaanalysis/gis_data/Fire_Perimeters/pole_creek/mtbs/2018/ut3980611166020180906
ut3980611166020180906_map.pdf,,N/A,N/A,/Cavaiani_2024_Metaanalysis/gis_data/Fire_Perimeters/pole_creek/mtbs/2018/ut3980611166020180906
bald_mountain.kmz,,N/A,N/A,/Cavaiani_2024_Metaanalysis/gis_data/Fire_Perimeters/pole_creek/mtbs/2018/ut3987211174320180824
bald_mountain_L8_refl.aux,,N/A,N/A,/Cavaiani_2024_Metaanalysis/gis_data/Fire_Perimeters/pole_creek/mtbs/2018/ut3987211174320180824
bald_mountain_L8_refl.rrd,,N/A,N/A,/Cavaiani_2024_Metaanalysis/gis_data/Fire_Perimeters/pole_creek/mtbs/2018/ut3987211174320180824
bald_mountain_L8_refl.tif,,N/A,N/A,/Cavaiani_2024_Metaanalysis/gis_data/Fire_Perimeters/pole_creek/mtbs/2018/ut3987211174320180824
bald_mountain_burn_bndy.dbf,,N/A,N/A,/Cavaiani_2024_Metaanalysis/gis_data/Fire_Perimeters/pole_creek/mtbs/2018/ut3987211174320180824
bald_mountain_burn_bndy.prj,,N/A,N/A,/Cavaiani_2024_Metaanalysis/gis_data/Fire_Perimeters/pole_creek/mtbs/2018/ut3987211174320180824
bald_mountain_burn_bndy.sbn,,N/A,N/A,/Cavaiani_2024_Metaanalysis/gis_data/Fire_Perimeters/pole_creek/mtbs/2018/ut3987211174320180824
bald_mountain_burn_bndy.sbx,,N/A,N/A,/Cavaiani_2024_Metaanalysis/gis_data/Fire_Perimeters/pole_creek/mtbs/2018/ut3987211174320180824
bald_mountain_burn_bndy.shp,,N/A,N/A,/Cavaiani_2024_Metaanalysis/gis_data/Fire_Perimeters/pole_creek/mtbs/2018/ut3987211174320180824
bald_mountain_burn_bndy.shx,,N/A,N/A,/Cavaiani_2024_Metaanalysis/gis_data/Fire_Perimeters/pole_creek/mtbs/2018/ut3987211174320180824
bald_mountain_dnbr.aux,,N/A,N/A,/Cavaiani_2024_Metaanalysis/gis_data/Fire_Perimeters/pole_creek/mtbs/2018/ut3987211174320180824
bald_mountain_dnbr.rrd,,N/A,N/A,/Cavaiani_2024_Metaanalysis/gis_data/Fire_Perimeters/pole_creek/mtbs/2018/ut3987211174320180824
bald_mountain_dnbr.tif,,N/A,N/A,/Cavaiani_2024_Metaanalysis/gis_data/Fire_Perimeters/pole_creek/mtbs/2018/ut3987211174320180824
bald_mountain_dnbr6.aux,,N/A,N/A,/Cavaiani_2024_Metaanalysis/gis_data/Fire_Perimeters/pole_creek/mtbs/2018/ut3987211174320180824
bald_mountain_dnbr6.rrd,,N/A,N/A,/Cavaiani_2024_Metaanalysis/gis_data/Fire_Perimeters/pole_creek/mtbs/2018/ut3987211174320180824
bald_mountain_dnbr6.tif,,N/A,N/A,/Cavaiani_2024_Metaanalysis/gis_data/Fire_Perimeters/pole_creek/mtbs/2018/ut3987211174320180824
bald_mountain_map.pdf,,N/A,N/A,/Cavaiani_2024_Metaanalysis/gis_data/Fire_Perimeters/pole_creek/mtbs/2018/ut3987211174320180824
bald_mountain_mask.dbf,,N/A,N/A,/Cavaiani_2024_Metaanalysis/gis_data/Fire_Perimeters/pole_creek/mtbs/2018/ut3987211174320180824
bald_mountain_mask.prj,,N/A,N/A,/Cavaiani_2024_Metaanalysis/gis_data/Fire_Perimeters/pole_creek/mtbs/2018/ut3987211174320180824
bald_mountain_mask.sbn,,N/A,N/A,/Cavaiani_2024_Metaanalysis/gis_data/Fire_Perimeters/pole_creek/mtbs/2018/ut3987211174320180824
bald_mountain_mask.sbx,,N/A,N/A,/Cavaiani_2024_Metaanalysis/gis_data/Fire_Perimeters/pole_creek/mtbs/2018/ut3987211174320180824
bald_mountain_mask.shp,,N/A,N/A,/Cavaiani_2024_Metaanalysis/gis_data/Fire_Perimeters/pole_creek/mtbs/2018/ut3987211174320180824
bald_mountain_mask.shx,,N/A,N/A,/Cavaiani_2024_Metaanalysis/gis_data/Fire_Perimeters/pole_creek/mtbs/2018/ut3987211174320180824
bald_mountain_metadata.xml,,N/A,N/A,/Cavaiani_2024_Metaanalysis/gis_data/Fire_Perimeters/pole_creek/mtbs/2018/ut3987211174320180824
bald_mountain_rdnbr.aux,,N/A,N/A,/Cavaiani_2024_Metaanalysis/gis_data/Fire_Perimeters/pole_creek/mtbs/2018/ut3987211174320180824
bald_mountain_rdnbr.rrd,,N/A,N/A,/Cavaiani_2024_Metaanalysis/gis_data/Fire_Perimeters/pole_creek/mtbs/2018/ut3987211174320180824
bald_mountain_rdnbr.tif,,N/A,N/A,/Cavaiani_2024_Metaanalysis/gis_data/Fire_Perimeters/pole_creek/mtbs/2018/ut3987211174320180824
ut3987211174320180824_20190626_L8_refl.aux,,N/A,N/A,/Cavaiani_2024_Metaanalysis/gis_data/Fire_Perimeters/pole_creek/mtbs/2018/ut3987211174320180824
ut3987211174320180824_20190626_L8_refl.rrd,,N/A,N/A,/Cavaiani_2024_Metaanalysis/gis_data/Fire_Perimeters/pole_creek/mtbs/2018/ut3987211174320180824
ut3987211174320180824_20190626_L8_refl.tif,,N/A,N/A,/Cavaiani_2024_Metaanalysis/gis_data/Fire_Perimeters/pole_creek/mtbs/2018/ut3987211174320180824
coal_hollow.kmz,,N/A,N/A,/Cavaiani_2024_Metaanalysis/gis_data/Fire_Perimeters/pole_creek/mtbs/2018/ut3995111140220180804
coal_hollow_burn_bndy.dbf,,N/A,N/A,/Cavaiani_2024_Metaanalysis/gis_data/Fire_Perimeters/pole_creek/mtbs/2018/ut3995111140220180804
coal_hollow_burn_bndy.prj,,N/A,N/A,/Cavaiani_2024_Metaanalysis/gis_data/Fire_Perimeters/pole_creek/mtbs/2018/ut3995111140220180804
coal_hollow_burn_bndy.sbn,,N/A,N/A,/Cavaiani_2024_Metaanalysis/gis_data/Fire_Perimeters/pole_creek/mtbs/2018/ut3995111140220180804
coal_hollow_burn_bndy.sbx,,N/A,N/A,/Cavaiani_2024_Metaanalysis/gis_data/Fire_Perimeters/pole_creek/mtbs/2018/ut3995111140220180804
coal_hollow_burn_bndy.shp,,N/A,N/A,/Cavaiani_2024_Metaanalysis/gis_data/Fire_Perimeters/pole_creek/mtbs/2018/ut3995111140220180804
coal_hollow_burn_bndy.shx,,N/A,N/A,/Cavaiani_2024_Metaanalysis/gis_data/Fire_Perimeters/pole_creek/mtbs/2018/ut3995111140220180804
coal_hollow_dnbr.aux,,N/A,N/A,/Cavaiani_2024_Metaanalysis/gis_data/Fire_Perimeters/pole_creek/mtbs/2018/ut3995111140220180804
coal_hollow_dnbr.rrd,,N/A,N/A,/Cavaiani_2024_Metaanalysis/gis_data/Fire_Perimeters/pole_creek/mtbs/2018/ut3995111140220180804
coal_hollow_dnbr.tif,,N/A,N/A,/Cavaiani_2024_Metaanalysis/gis_data/Fire_Perimeters/pole_creek/mtbs/2018/ut3995111140220180804
coal_hollow_dnbr6.aux,,N/A,N/A,/Cavaiani_2024_Metaanalysis/gis_data/Fire_Perimeters/pole_creek/mtbs/2018/ut3995111140220180804
coal_hollow_dnbr6.rrd,,N/A,N/A,/Cavaiani_2024_Metaanalysis/gis_data/Fire_Perimeters/pole_creek/mtbs/2018/ut3995111140220180804
coal_hollow_dnbr6.tif,,N/A,N/A,/Cavaiani_2024_Metaanalysis/gis_data/Fire_Perimeters/pole_creek/mtbs/2018/ut3995111140220180804
coal_hollow_map.pdf,,N/A,N/A,/Cavaiani_2024_Metaanalysis/gis_data/Fire_Perimeters/pole_creek/mtbs/2018/ut3995111140220180804
coal_hollow_mask.dbf,,N/A,N/A,/Cavaiani_2024_Metaanalysis/gis_data/Fire_Perimeters/pole_creek/mtbs/2018/ut3995111140220180804
coal_hollow_mask.prj,,N/A,N/A,/Cavaiani_2024_Metaanalysis/gis_data/Fire_Perimeters/pole_creek/mtbs/2018/ut3995111140220180804
coal_hollow_mask.sbn,,N/A,N/A,/Cavaiani_2024_Metaanalysis/gis_data/Fire_Perimeters/pole_creek/mtbs/2018/ut3995111140220180804
coal_hollow_mask.sbx,,N/A,N/A,/Cavaiani_2024_Metaanalysis/gis_data/Fire_Perimeters/pole_creek/mtbs/2018/ut3995111140220180804
coal_hollow_mask.shp,,N/A,N/A,/Cavaiani_2024_Metaanalysis/gis_data/Fire_Perimeters/pole_creek/mtbs/2018/ut3995111140220180804
coal_hollow_mask.shx,,N/A,N/A,/Cavaiani_2024_Metaanalysis/gis_data/Fire_Perimeters/pole_creek/mtbs/2018/ut3995111140220180804
coal_hollow_metadata.xml,,N/A,N/A,/Cavaiani_2024_Metaanalysis/gis_data/Fire_Perimeters/pole_creek/mtbs/2018/ut3995111140220180804
coal_hollow_rdnbr.aux,,N/A,N/A,/Cavaiani_2024_Metaanalysis/gis_data/Fire_Perimeters/pole_creek/mtbs/2018/ut3995111140220180804
coal_hollow_rdnbr.rrd,,N/A,N/A,/Cavaiani_2024_Metaanalysis/gis_data/Fire_Perimeters/pole_creek/mtbs/2018/ut3995111140220180804
coal_hollow_rdnbr.tif,,N/A,N/A,/Cavaiani_2024_Metaanalysis/gis_data/Fire_Perimeters/pole_creek/mtbs/2018/ut3995111140220180804
ut3995111140220180804_20160626_L8_refl.aux,,N/A,N/A,/Cavaiani_2024_Metaanalysis/gis_data/Fire_Perimeters/pole_creek/mtbs/2018/ut3995111140220180804
ut3995111140220180804_20160626_L8_refl.rrd,,N/A,N/A,/Cavaiani_2024_Metaanalysis/gis_data/Fire_Perimeters/pole_creek/mtbs/2018/ut3995111140220180804
ut3995111140220180804_20160626_L8_refl.tif,,N/A,N/A,/Cavaiani_2024_Metaanalysis/gis_data/Fire_Perimeters/pole_creek/mtbs/2018/ut3995111140220180804
ut3995111140220180804_20190619_L8_refl.aux,,N/A,N/A,/Cavaiani_2024_Metaanalysis/gis_data/Fire_Perimeters/pole_creek/mtbs/2018/ut3995111140220180804
ut3995111140220180804_20190619_L8_refl.rrd,,N/A,N/A,/Cavaiani_2024_Metaanalysis/gis_data/Fire_Perimeters/pole_creek/mtbs/2018/ut3995111140220180804
ut3995111140220180804_20190619_L8_refl.tif,,N/A,N/A,/Cavaiani_2024_Metaanalysis/gis_data/Fire_Perimeters/pole_creek/mtbs/2018/ut3995111140220180804
MT4839411359020030819_20010707_20040715_metadata.xml,,N/A,N/A,/Cavaiani_2024_Metaanalysis/gis_data/Fire_Perimeters/rampage_complex_double_mountain_2/mtbs/2003/mt4839411359020030819
mt4839411359020030819_20010707_20040715.kmz,,N/A,N/A,/Cavaiani_2024_Metaanalysis/gis_data/Fire_Perimeters/rampage_complex_double_mountain_2/mtbs/2003/mt4839411359020030819
mt4839411359020030819_20010707_20040715_burn_bndy.dbf,,N/A,N/A,/Cavaiani_2024_Metaanalysis/gis_data/Fire_Perimeters/rampage_complex_double_mountain_2/mtbs/2003/mt4839411359020030819
mt4839411359020030819_20010707_20040715_burn_bndy.prj,,N/A,N/A,/Cavaiani_2024_Metaanalysis/gis_data/Fire_Perimeters/rampage_complex_double_mountain_2/mtbs/2003/mt4839411359020030819
mt4839411359020030819_20010707_20040715_burn_bndy.sbn,,N/A,N/A,/Cavaiani_2024_Metaanalysis/gis_data/Fire_Perimeters/rampage_complex_double_mountain_2/mtbs/2003/mt4839411359020030819
mt4839411359020030819_20010707_20040715_burn_bndy.sbx,,N/A,N/A,/Cavaiani_2024_Metaanalysis/gis_data/Fire_Perimeters/rampage_complex_double_mountain_2/mtbs/2003/mt4839411359020030819
mt4839411359020030819_20010707_20040715_burn_bndy.shp,,N/A,N/A,/Cavaiani_2024_Metaanalysis/gis_data/Fire_Perimeters/rampage_complex_double_mountain_2/mtbs/2003/mt4839411359020030819
mt4839411359020030819_20010707_20040715_burn_bndy.shx,,N/A,N/A,/Cavaiani_2024_Metaanalysis/gis_data/Fire_Perimeters/rampage_complex_double_mountain_2/mtbs/2003/mt4839411359020030819
mt4839411359020030819_20010707_20040715_dnbr.aux,,N/A,N/A,/Cavaiani_2024_Metaanalysis/gis_data/Fire_Perimeters/rampage_complex_double_mountain_2/mtbs/2003/mt4839411359020030819
mt4839411359020030819_20010707_20040715_dnbr.rrd,,N/A,N/A,/Cavaiani_2024_Metaanalysis/gis_data/Fire_Perimeters/rampage_complex_double_mountain_2/mtbs/2003/mt4839411359020030819
mt4839411359020030819_20010707_20040715_dnbr.tif,,N/A,N/A,/Cavaiani_2024_Metaanalysis/gis_data/Fire_Perimeters/rampage_complex_double_mountain_2/mtbs/2003/mt4839411359020030819
mt4839411359020030819_20010707_20040715_dnbr6.aux,,N/A,N/A,/Cavaiani_2024_Metaanalysis/gis_data/Fire_Perimeters/rampage_complex_double_mountain_2/mtbs/2003/mt4839411359020030819
mt4839411359020030819_20010707_20040715_dnbr6.rrd,,N/A,N/A,/Cavaiani_2024_Metaanalysis/gis_data/Fire_Perimeters/rampage_complex_double_mountain_2/mtbs/2003/mt4839411359020030819
mt4839411359020030819_20010707_20040715_dnbr6.tif,,N/A,N/A,/Cavaiani_2024_Metaanalysis/gis_data/Fire_Perimeters/rampage_complex_double_mountain_2/mtbs/2003/mt4839411359020030819
mt4839411359020030819_20010707_20040715_mask.dbf,,N/A,N/A,/Cavaiani_2024_Metaanalysis/gis_data/Fire_Perimeters/rampage_complex_double_mountain_2/mtbs/2003/mt4839411359020030819
mt4839411359020030819_20010707_20040715_mask.prj,,N/A,N/A,/Cavaiani_2024_Metaanalysis/gis_data/Fire_Perimeters/rampage_complex_double_mountain_2/mtbs/2003/mt4839411359020030819
mt4839411359020030819_20010707_20040715_mask.sbn,,N/A,N/A,/Cavaiani_2024_Metaanalysis/gis_data/Fire_Perimeters/rampage_complex_double_mountain_2/mtbs/2003/mt4839411359020030819
mt4839411359020030819_20010707_20040715_mask.sbx,,N/A,N/A,/Cavaiani_2024_Metaanalysis/gis_data/Fire_Perimeters/rampage_complex_double_mountain_2/mtbs/2003/mt4839411359020030819
mt4839411359020030819_20010707_20040715_mask.shp,,N/A,N/A,/Cavaiani_2024_Metaanalysis/gis_data/Fire_Perimeters/rampage_complex_double_mountain_2/mtbs/2003/mt4839411359020030819
mt4839411359020030819_20010707_20040715_mask.shx,,N/A,N/A,/Cavaiani_2024_Metaanalysis/gis_data/Fire_Perimeters/rampage_complex_double_mountain_2/mtbs/2003/mt4839411359020030819
mt4839411359020030819_20010707_20040715_rdnbr.aux,,N/A,N/A,/Cavaiani_2024_Metaanalysis/gis_data/Fire_Perimeters/rampage_complex_double_mountain_2/mtbs/2003/mt4839411359020030819
mt4839411359020030819_20010707_20040715_rdnbr.rrd,,N/A,N/A,/Cavaiani_2024_Metaanalysis/gis_data/Fire_Perimeters/rampage_complex_double_mountain_2/mtbs/2003/mt4839411359020030819
mt4839411359020030819_20010707_20040715_rdnbr.tif,,N/A,N/A,/Cavaiani_2024_Metaanalysis/gis_data/Fire_Perimeters/rampage_complex_double_mountain_2/mtbs/2003/mt4839411359020030819
mt4839411359020030819_20010707_l7_refl.aux,,N/A,N/A,/Cavaiani_2024_Metaanalysis/gis_data/Fire_Perimeters/rampage_complex_double_mountain_2/mtbs/2003/mt4839411359020030819
mt4839411359020030819_20010707_l7_refl.rrd,,N/A,N/A,/Cavaiani_2024_Metaanalysis/gis_data/Fire_Perimeters/rampage_complex_double_mountain_2/mtbs/2003/mt4839411359020030819
mt4839411359020030819_20010707_l7_refl.tif,,N/A,N/A,/Cavaiani_2024_Metaanalysis/gis_data/Fire_Perimeters/rampage_complex_double_mountain_2/mtbs/2003/mt4839411359020030819
mt4839411359020030819_20040715_l7_refl.aux,,N/A,N/A,/Cavaiani_2024_Metaanalysis/gis_data/Fire_Perimeters/rampage_complex_double_mountain_2/mtbs/2003/mt4839411359020030819
mt4839411359020030819_20040715_l7_refl.rrd,,N/A,N/A,/Cavaiani_2024_Metaanalysis/gis_data/Fire_Perimeters/rampage_complex_double_mountain_2/mtbs/2003/mt4839411359020030819
mt4839411359020030819_20040715_l7_refl.tif,,N/A,N/A,/Cavaiani_2024_Metaanalysis/gis_data/Fire_Perimeters/rampage_complex_double_mountain_2/mtbs/2003/mt4839411359020030819
mt4839411359020030819_map.pdf,,N/A,N/A,/Cavaiani_2024_Metaanalysis/gis_data/Fire_Perimeters/rampage_complex_double_mountain_2/mtbs/2003/mt4839411359020030819
rampage_complex_double_mountain_2.kmz,,N/A,N/A,/Cavaiani_2024_Metaanalysis/gis_data/Fire_Perimeters/rampage_complex_double_mountain_2/mtbs/2003/mt4839411359020030819
rampage_complex_double_mountain_2_burn_bndy.dbf,,N/A,N/A,/Cavaiani_2024_Metaanalysis/gis_data/Fire_Perimeters/rampage_complex_double_mountain_2/mtbs/2003/mt4839411359020030819
rampage_complex_double_mountain_2_burn_bndy.prj,,N/A,N/A,/Cavaiani_2024_Metaanalysis/gis_data/Fire_Perimeters/rampage_complex_double_mountain_2/mtbs/2003/mt4839411359020030819
rampage_complex_double_mountain_2_burn_bndy.sbn,,N/A,N/A,/Cavaiani_2024_Metaanalysis/gis_data/Fire_Perimeters/rampage_complex_double_mountain_2/mtbs/2003/mt4839411359020030819
rampage_complex_double_mountain_2_burn_bndy.sbx,,N/A,N/A,/Cavaiani_2024_Metaanalysis/gis_data/Fire_Perimeters/rampage_complex_double_mountain_2/mtbs/2003/mt4839411359020030819
rampage_complex_double_mountain_2_burn_bndy.shp,,N/A,N/A,/Cavaiani_2024_Metaanalysis/gis_data/Fire_Perimeters/rampage_complex_double_mountain_2/mtbs/2003/mt4839411359020030819
rampage_complex_double_mountain_2_burn_bndy.shx,,N/A,N/A,/Cavaiani_2024_Metaanalysis/gis_data/Fire_Perimeters/rampage_complex_double_mountain_2/mtbs/2003/mt4839411359020030819
rampage_complex_double_mountain_2_dnbr.aux,,N/A,N/A,/Cavaiani_2024_Metaanalysis/gis_data/Fire_Perimeters/rampage_complex_double_mountain_2/mtbs/2003/mt4839411359020030819
rampage_complex_double_mountain_2_dnbr.rrd,,N/A,N/A,/Cavaiani_2024_Metaanalysis/gis_data/Fire_Perimeters/rampage_complex_double_mountain_2/mtbs/2003/mt4839411359020030819
rampage_complex_double_mountain_2_dnbr.tif,,N/A,N/A,/Cavaiani_2024_Metaanalysis/gis_data/Fire_Perimeters/rampage_complex_double_mountain_2/mtbs/2003/mt4839411359020030819
rampage_complex_double_mountain_2_dnbr6.aux,,N/A,N/A,/Cavaiani_2024_Metaanalysis/gis_data/Fire_Perimeters/rampage_complex_double_mountain_2/mtbs/2003/mt4839411359020030819
rampage_complex_double_mountain_2_dnbr6.rrd,,N/A,N/A,/Cavaiani_2024_Metaanalysis/gis_data/Fire_Perimeters/rampage_complex_double_mountain_2/mtbs/2003/mt4839411359020030819
rampage_complex_double_mountain_2_dnbr6.tif,,N/A,N/A,/Cavaiani_2024_Metaanalysis/gis_data/Fire_Perimeters/rampage_complex_double_mountain_2/mtbs/2003/mt4839411359020030819
rampage_complex_double_mountain_2_map.pdf,,N/A,N/A,/Cavaiani_2024_Metaanalysis/gis_data/Fire_Perimeters/rampage_complex_double_mountain_2/mtbs/2003/mt4839411359020030819
rampage_complex_double_mountain_2_mask.dbf,,N/A,N/A,/Cavaiani_2024_Metaanalysis/gis_data/Fire_Perimeters/rampage_complex_double_mountain_2/mtbs/2003/mt4839411359020030819
rampage_complex_double_mountain_2_mask.prj,,N/A,N/A,/Cavaiani_2024_Metaanalysis/gis_data/Fire_Perimeters/rampage_complex_double_mountain_2/mtbs/2003/mt4839411359020030819
rampage_complex_double_mountain_2_mask.sbn,,N/A,N/A,/Cavaiani_2024_Metaanalysis/gis_data/Fire_Perimeters/rampage_complex_double_mountain_2/mtbs/2003/mt4839411359020030819
rampage_complex_double_mountain_2_mask.sbx,,N/A,N/A,/Cavaiani_2024_Metaanalysis/gis_data/Fire_Perimeters/rampage_complex_double_mountain_2/mtbs/2003/mt4839411359020030819
rampage_complex_double_mountain_2_mask.shp,,N/A,N/A,/Cavaiani_2024_Metaanalysis/gis_data/Fire_Perimeters/rampage_complex_double_mountain_2/mtbs/2003/mt4839411359020030819
rampage_complex_double_mountain_2_mask.shx,,N/A,N/A,/Cavaiani_2024_Metaanalysis/gis_data/Fire_Perimeters/rampage_complex_double_mountain_2/mtbs/2003/mt4839411359020030819
rampage_complex_double_mountain_2_metadata.xml,,N/A,N/A,/Cavaiani_2024_Metaanalysis/gis_data/Fire_Perimeters/rampage_complex_double_mountain_2/mtbs/2003/mt4839411359020030819
rampage_complex_double_mountain_2_post_l7_refl.aux,,N/A,N/A,/Cavaiani_2024_Metaanalysis/gis_data/Fire_Perimeters/rampage_complex_double_mountain_2/mtbs/2003/mt4839411359020030819
rampage_complex_double_mountain_2_post_l7_refl.rrd,,N/A,N/A,/Cavaiani_2024_Metaanalysis/gis_data/Fire_Perimeters/rampage_complex_double_mountain_2/mtbs/2003/mt4839411359020030819
rampage_complex_double_mountain_2_post_l7_refl.tif,,N/A,N/A,/Cavaiani_2024_Metaanalysis/gis_data/Fire_Perimeters/rampage_complex_double_mountain_2/mtbs/2003/mt4839411359020030819
rampage_complex_double_mountain_2_pre_l7_refl.aux,,N/A,N/A,/Cavaiani_2024_Metaanalysis/gis_data/Fire_Perimeters/rampage_complex_double_mountain_2/mtbs/2003/mt4839411359020030819
rampage_complex_double_mountain_2_pre_l7_refl.rrd,,N/A,N/A,/Cavaiani_2024_Metaanalysis/gis_data/Fire_Perimeters/rampage_complex_double_mountain_2/mtbs/2003/mt4839411359020030819
rampage_complex_double_mountain_2_pre_l7_refl.tif,,N/A,N/A,/Cavaiani_2024_Metaanalysis/gis_data/Fire_Perimeters/rampage_complex_double_mountain_2/mtbs/2003/mt4839411359020030819
rampage_complex_double_mountain_2_rdnbr.aux,,N/A,N/A,/Cavaiani_2024_Metaanalysis/gis_data/Fire_Perimeters/rampage_complex_double_mountain_2/mtbs/2003/mt4839411359020030819
rampage_complex_double_mountain_2_rdnbr.rrd,,N/A,N/A,/Cavaiani_2024_Metaanalysis/gis_data/Fire_Perimeters/rampage_complex_double_mountain_2/mtbs/2003/mt4839411359020030819
rampage_complex_double_mountain_2_rdnbr.tif,,N/A,N/A,/Cavaiani_2024_Metaanalysis/gis_data/Fire_Perimeters/rampage_complex_double_mountain_2/mtbs/2003/mt4839411359020030819
MT4878711426219880906_19880819_19890729_metadata.xml,,N/A,N/A,/Cavaiani_2024_Metaanalysis/gis_data/Fire_Perimeters/red_bench/mtbs/1988/mt4878711426219880906
mt4878711426219880906_19880819_19890729.kmz,,N/A,N/A,/Cavaiani_2024_Metaanalysis/gis_data/Fire_Perimeters/red_bench/mtbs/1988/mt4878711426219880906
mt4878711426219880906_19880819_19890729_burn_bndy.dbf,,N/A,N/A,/Cavaiani_2024_Metaanalysis/gis_data/Fire_Perimeters/red_bench/mtbs/1988/mt4878711426219880906
mt4878711426219880906_19880819_19890729_burn_bndy.prj,,N/A,N/A,/Cavaiani_2024_Metaanalysis/gis_data/Fire_Perimeters/red_bench/mtbs/1988/mt4878711426219880906
mt4878711426219880906_19880819_19890729_burn_bndy.sbn,,N/A,N/A,/Cavaiani_2024_Metaanalysis/gis_data/Fire_Perimeters/red_bench/mtbs/1988/mt4878711426219880906
mt4878711426219880906_19880819_19890729_burn_bndy.sbx,,N/A,N/A,/Cavaiani_2024_Metaanalysis/gis_data/Fire_Perimeters/red_bench/mtbs/1988/mt4878711426219880906
mt4878711426219880906_19880819_19890729_burn_bndy.shp,,N/A,N/A,/Cavaiani_2024_Metaanalysis/gis_data/Fire_Perimeters/red_bench/mtbs/1988/mt4878711426219880906
mt4878711426219880906_19880819_19890729_burn_bndy.shx,,N/A,N/A,/Cavaiani_2024_Metaanalysis/gis_data/Fire_Perimeters/red_bench/mtbs/1988/mt4878711426219880906
mt4878711426219880906_19880819_19890729_dnbr.aux,,N/A,N/A,/Cavaiani_2024_Metaanalysis/gis_data/Fire_Perimeters/red_bench/mtbs/1988/mt4878711426219880906
mt4878711426219880906_19880819_19890729_dnbr.rrd,,N/A,N/A,/Cavaiani_2024_Metaanalysis/gis_data/Fire_Perimeters/red_bench/mtbs/1988/mt4878711426219880906
mt4878711426219880906_19880819_19890729_dnbr.tif,,N/A,N/A,/Cavaiani_2024_Metaanalysis/gis_data/Fire_Perimeters/red_bench/mtbs/1988/mt4878711426219880906
mt4878711426219880906_19880819_19890729_dnbr6.aux,,N/A,N/A,/Cavaiani_2024_Metaanalysis/gis_data/Fire_Perimeters/red_bench/mtbs/1988/mt4878711426219880906
mt4878711426219880906_19880819_19890729_dnbr6.rrd,,N/A,N/A,/Cavaiani_2024_Metaanalysis/gis_data/Fire_Perimeters/red_bench/mtbs/1988/mt4878711426219880906
mt4878711426219880906_19880819_19890729_dnbr6.tif,,N/A,N/A,/Cavaiani_2024_Metaanalysis/gis_data/Fire_Perimeters/red_bench/mtbs/1988/mt4878711426219880906
mt4878711426219880906_19880819_19890729_mask.dbf,,N/A,N/A,/Cavaiani_2024_Metaanalysis/gis_data/Fire_Perimeters/red_bench/mtbs/1988/mt4878711426219880906
mt4878711426219880906_19880819_19890729_mask.prj,,N/A,N/A,/Cavaiani_2024_Metaanalysis/gis_data/Fire_Perimeters/red_bench/mtbs/1988/mt4878711426219880906
mt4878711426219880906_19880819_19890729_mask.sbn,,N/A,N/A,/Cavaiani_2024_Metaanalysis/gis_data/Fire_Perimeters/red_bench/mtbs/1988/mt4878711426219880906
mt4878711426219880906_19880819_19890729_mask.sbx,,N/A,N/A,/Cavaiani_2024_Metaanalysis/gis_data/Fire_Perimeters/red_bench/mtbs/1988/mt4878711426219880906
mt4878711426219880906_19880819_19890729_mask.shp,,N/A,N/A,/Cavaiani_2024_Metaanalysis/gis_data/Fire_Perimeters/red_bench/mtbs/1988/mt4878711426219880906
mt4878711426219880906_19880819_19890729_mask.shx,,N/A,N/A,/Cavaiani_2024_Metaanalysis/gis_data/Fire_Perimeters/red_bench/mtbs/1988/mt4878711426219880906
mt4878711426219880906_19880819_19890729_rdnbr.aux,,N/A,N/A,/Cavaiani_2024_Metaanalysis/gis_data/Fire_Perimeters/red_bench/mtbs/1988/mt4878711426219880906
mt4878711426219880906_19880819_19890729_rdnbr.rrd,,N/A,N/A,/Cavaiani_2024_Metaanalysis/gis_data/Fire_Perimeters/red_bench/mtbs/1988/mt4878711426219880906
mt4878711426219880906_19880819_19890729_rdnbr.tif,,N/A,N/A,/Cavaiani_2024_Metaanalysis/gis_data/Fire_Perimeters/red_bench/mtbs/1988/mt4878711426219880906
mt4878711426219880906_19880819_l5_refl.aux,,N/A,N/A,/Cavaiani_2024_Metaanalysis/gis_data/Fire_Perimeters/red_bench/mtbs/1988/mt4878711426219880906
mt4878711426219880906_19880819_l5_refl.rrd,,N/A,N/A,/Cavaiani_2024_Metaanalysis/gis_data/Fire_Perimeters/red_bench/mtbs/1988/mt4878711426219880906
mt4878711426219880906_19880819_l5_refl.tif,,N/A,N/A,/Cavaiani_2024_Metaanalysis/gis_data/Fire_Perimeters/red_bench/mtbs/1988/mt4878711426219880906
mt4878711426219880906_19890729_l4_refl.aux,,N/A,N/A,/Cavaiani_2024_Metaanalysis/gis_data/Fire_Perimeters/red_bench/mtbs/1988/mt4878711426219880906
mt4878711426219880906_19890729_l4_refl.rrd,,N/A,N/A,/Cavaiani_2024_Metaanalysis/gis_data/Fire_Perimeters/red_bench/mtbs/1988/mt4878711426219880906
mt4878711426219880906_19890729_l4_refl.tif,,N/A,N/A,/Cavaiani_2024_Metaanalysis/gis_data/Fire_Perimeters/red_bench/mtbs/1988/mt4878711426219880906
mt4878711426219880906_map.pdf,,N/A,N/A,/Cavaiani_2024_Metaanalysis/gis_data/Fire_Perimeters/red_bench/mtbs/1988/mt4878711426219880906
red_bench.kmz,,N/A,N/A,/Cavaiani_2024_Metaanalysis/gis_data/Fire_Perimeters/red_bench/mtbs/1988/mt4878711426219880906
red_bench_burn_bndy.dbf,,N/A,N/A,/Cavaiani_2024_Metaanalysis/gis_data/Fire_Perimeters/red_bench/mtbs/1988/mt4878711426219880906
red_bench_burn_bndy.prj,,N/A,N/A,/Cavaiani_2024_Metaanalysis/gis_data/Fire_Perimeters/red_bench/mtbs/1988/mt4878711426219880906
red_bench_burn_bndy.sbn,,N/A,N/A,/Cavaiani_2024_Metaanalysis/gis_data/Fire_Perimeters/red_bench/mtbs/1988/mt4878711426219880906
red_bench_burn_bndy.sbx,,N/A,N/A,/Cavaiani_2024_Metaanalysis/gis_data/Fire_Perimeters/red_bench/mtbs/1988/mt4878711426219880906
red_bench_burn_bndy.shp,,N/A,N/A,/Cavaiani_2024_Metaanalysis/gis_data/Fire_Perimeters/red_bench/mtbs/1988/mt4878711426219880906
red_bench_burn_bndy.shx,,N/A,N/A,/Cavaiani_2024_Metaanalysis/gis_data/Fire_Perimeters/red_bench/mtbs/1988/mt4878711426219880906
red_bench_dnbr.aux,,N/A,N/A,/Cavaiani_2024_Metaanalysis/gis_data/Fire_Perimeters/red_bench/mtbs/1988/mt4878711426219880906
red_bench_dnbr.rrd,,N/A,N/A,/Cavaiani_2024_Metaanalysis/gis_data/Fire_Perimeters/red_bench/mtbs/1988/mt4878711426219880906
red_bench_dnbr.tif,,N/A,N/A,/Cavaiani_2024_Metaanalysis/gis_data/Fire_Perimeters/red_bench/mtbs/1988/mt4878711426219880906
red_bench_dnbr6.aux,,N/A,N/A,/Cavaiani_2024_Metaanalysis/gis_data/Fire_Perimeters/red_bench/mtbs/1988/mt4878711426219880906
red_bench_dnbr6.rrd,,N/A,N/A,/Cavaiani_2024_Metaanalysis/gis_data/Fire_Perimeters/red_bench/mtbs/1988/mt4878711426219880906
red_bench_dnbr6.tif,,N/A,N/A,/Cavaiani_2024_Metaanalysis/gis_data/Fire_Perimeters/red_bench/mtbs/1988/mt4878711426219880906
red_bench_map.pdf,,N/A,N/A,/Cavaiani_2024_Metaanalysis/gis_data/Fire_Perimeters/red_bench/mtbs/1988/mt4878711426219880906
red_bench_mask.dbf,,N/A,N/A,/Cavaiani_2024_Metaanalysis/gis_data/Fire_Perimeters/red_bench/mtbs/1988/mt4878711426219880906
red_bench_mask.prj,,N/A,N/A,/Cavaiani_2024_Metaanalysis/gis_data/Fire_Perimeters/red_bench/mtbs/1988/mt4878711426219880906
red_bench_mask.sbn,,N/A,N/A,/Cavaiani_2024_Metaanalysis/gis_data/Fire_Perimeters/red_bench/mtbs/1988/mt4878711426219880906
red_bench_mask.sbx,,N/A,N/A,/Cavaiani_2024_Metaanalysis/gis_data/Fire_Perimeters/red_bench/mtbs/1988/mt4878711426219880906
red_bench_mask.shp,,N/A,N/A,/Cavaiani_2024_Metaanalysis/gis_data/Fire_Perimeters/red_bench/mtbs/1988/mt4878711426219880906
red_bench_mask.shx,,N/A,N/A,/Cavaiani_2024_Metaanalysis/gis_data/Fire_Perimeters/red_bench/mtbs/1988/mt4878711426219880906
red_bench_metadata.xml,,N/A,N/A,/Cavaiani_2024_Metaanalysis/gis_data/Fire_Perimeters/red_bench/mtbs/1988/mt4878711426219880906
red_bench_post_l4_refl.aux,,N/A,N/A,/Cavaiani_2024_Metaanalysis/gis_data/Fire_Perimeters/red_bench/mtbs/1988/mt4878711426219880906
red_bench_post_l4_refl.rrd,,N/A,N/A,/Cavaiani_2024_Metaanalysis/gis_data/Fire_Perimeters/red_bench/mtbs/1988/mt4878711426219880906
red_bench_post_l4_refl.tif,,N/A,N/A,/Cavaiani_2024_Metaanalysis/gis_data/Fire_Perimeters/red_bench/mtbs/1988/mt4878711426219880906
red_bench_pre_l5_refl.aux,,N/A,N/A,/Cavaiani_2024_Metaanalysis/gis_data/Fire_Perimeters/red_bench/mtbs/1988/mt4878711426219880906
red_bench_pre_l5_refl.rrd,,N/A,N/A,/Cavaiani_2024_Metaanalysis/gis_data/Fire_Perimeters/red_bench/mtbs/1988/mt4878711426219880906
red_bench_pre_l5_refl.tif,,N/A,N/A,/Cavaiani_2024_Metaanalysis/gis_data/Fire_Perimeters/red_bench/mtbs/1988/mt4878711426219880906
red_bench_rdnbr.aux,,N/A,N/A,/Cavaiani_2024_Metaanalysis/gis_data/Fire_Perimeters/red_bench/mtbs/1988/mt4878711426219880906
red_bench_rdnbr.rrd,,N/A,N/A,/Cavaiani_2024_Metaanalysis/gis_data/Fire_Perimeters/red_bench/mtbs/1988/mt4878711426219880906
red_bench_rdnbr.tif,,N/A,N/A,/Cavaiani_2024_Metaanalysis/gis_data/Fire_Perimeters/red_bench/mtbs/1988/mt4878711426219880906
CA3851412213120150722_20150711_20150812_metadata.xml,,N/A,N/A,/Cavaiani_2024_Metaanalysis/gis_data/Fire_Perimeters/wragg/mtbs/2015/ca3851412213120150722
ca3851412213120150722_20150711_20150812.kmz,,N/A,N/A,/Cavaiani_2024_Metaanalysis/gis_data/Fire_Perimeters/wragg/mtbs/2015/ca3851412213120150722
ca3851412213120150722_20150711_20150812_burn_bndy.dbf,,N/A,N/A,/Cavaiani_2024_Metaanalysis/gis_data/Fire_Perimeters/wragg/mtbs/2015/ca3851412213120150722
ca3851412213120150722_20150711_20150812_burn_bndy.prj,,N/A,N/A,/Cavaiani_2024_Metaanalysis/gis_data/Fire_Perimeters/wragg/mtbs/2015/ca3851412213120150722
ca3851412213120150722_20150711_20150812_burn_bndy.sbn,,N/A,N/A,/Cavaiani_2024_Metaanalysis/gis_data/Fire_Perimeters/wragg/mtbs/2015/ca3851412213120150722
ca3851412213120150722_20150711_20150812_burn_bndy.sbx,,N/A,N/A,/Cavaiani_2024_Metaanalysis/gis_data/Fire_Perimeters/wragg/mtbs/2015/ca3851412213120150722
ca3851412213120150722_20150711_20150812_burn_bndy.shp,,N/A,N/A,/Cavaiani_2024_Metaanalysis/gis_data/Fire_Perimeters/wragg/mtbs/2015/ca3851412213120150722
ca3851412213120150722_20150711_20150812_burn_bndy.shx,,N/A,N/A,/Cavaiani_2024_Metaanalysis/gis_data/Fire_Perimeters/wragg/mtbs/2015/ca3851412213120150722
ca3851412213120150722_20150711_20150812_dnbr.aux,,N/A,N/A,/Cavaiani_2024_Metaanalysis/gis_data/Fire_Perimeters/wragg/mtbs/2015/ca3851412213120150722
ca3851412213120150722_20150711_20150812_dnbr.rrd,,N/A,N/A,/Cavaiani_2024_Metaanalysis/gis_data/Fire_Perimeters/wragg/mtbs/2015/ca3851412213120150722
ca3851412213120150722_20150711_20150812_dnbr.tif,,N/A,N/A,/Cavaiani_2024_Metaanalysis/gis_data/Fire_Perimeters/wragg/mtbs/2015/ca3851412213120150722
ca3851412213120150722_20150711_20150812_dnbr6.aux,,N/A,N/A,/Cavaiani_2024_Metaanalysis/gis_data/Fire_Perimeters/wragg/mtbs/2015/ca3851412213120150722
ca3851412213120150722_20150711_20150812_dnbr6.rrd,,N/A,N/A,/Cavaiani_2024_Metaanalysis/gis_data/Fire_Perimeters/wragg/mtbs/2015/ca3851412213120150722
ca3851412213120150722_20150711_20150812_dnbr6.tif,,N/A,N/A,/Cavaiani_2024_Metaanalysis/gis_data/Fire_Perimeters/wragg/mtbs/2015/ca3851412213120150722
ca3851412213120150722_20150711_20150812_mask.dbf,,N/A,N/A,/Cavaiani_2024_Metaanalysis/gis_data/Fire_Perimeters/wragg/mtbs/2015/ca3851412213120150722
ca3851412213120150722_20150711_20150812_mask.prj,,N/A,N/A,/Cavaiani_2024_Metaanalysis/gis_data/Fire_Perimeters/wragg/mtbs/2015/ca3851412213120150722
ca3851412213120150722_20150711_20150812_mask.sbn,,N/A,N/A,/Cavaiani_2024_Metaanalysis/gis_data/Fire_Perimeters/wragg/mtbs/2015/ca3851412213120150722
ca3851412213120150722_20150711_20150812_mask.sbx,,N/A,N/A,/Cavaiani_2024_Metaanalysis/gis_data/Fire_Perimeters/wragg/mtbs/2015/ca3851412213120150722
ca3851412213120150722_20150711_20150812_mask.shp,,N/A,N/A,/Cavaiani_2024_Metaanalysis/gis_data/Fire_Perimeters/wragg/mtbs/2015/ca3851412213120150722
ca3851412213120150722_20150711_20150812_mask.shx,,N/A,N/A,/Cavaiani_2024_Metaanalysis/gis_data/Fire_Perimeters/wragg/mtbs/2015/ca3851412213120150722
ca3851412213120150722_20150711_20150812_rdnbr.aux,,N/A,N/A,/Cavaiani_2024_Metaanalysis/gis_data/Fire_Perimeters/wragg/mtbs/2015/ca3851412213120150722
ca3851412213120150722_20150711_20150812_rdnbr.rrd,,N/A,N/A,/Cavaiani_2024_Metaanalysis/gis_data/Fire_Perimeters/wragg/mtbs/2015/ca3851412213120150722
ca3851412213120150722_20150711_20150812_rdnbr.tif,,N/A,N/A,/Cavaiani_2024_Metaanalysis/gis_data/Fire_Perimeters/wragg/mtbs/2015/ca3851412213120150722
ca3851412213120150722_20150711_l8_refl.aux,,N/A,N/A,/Cavaiani_2024_Metaanalysis/gis_data/Fire_Perimeters/wragg/mtbs/2015/ca3851412213120150722
ca3851412213120150722_20150711_l8_refl.rrd,,N/A,N/A,/Cavaiani_2024_Metaanalysis/gis_data/Fire_Perimeters/wragg/mtbs/2015/ca3851412213120150722
ca3851412213120150722_20150711_l8_refl.tif,,N/A,N/A,/Cavaiani_2024_Metaanalysis/gis_data/Fire_Perimeters/wragg/mtbs/2015/ca3851412213120150722
ca3851412213120150722_20150812_l8_refl.aux,,N/A,N/A,/Cavaiani_2024_Metaanalysis/gis_data/Fire_Perimeters/wragg/mtbs/2015/ca3851412213120150722
ca3851412213120150722_20150812_l8_refl.rrd,,N/A,N/A,/Cavaiani_2024_Metaanalysis/gis_data/Fire_Perimeters/wragg/mtbs/2015/ca3851412213120150722
ca3851412213120150722_20150812_l8_refl.tif,,N/A,N/A,/Cavaiani_2024_Metaanalysis/gis_data/Fire_Perimeters/wragg/mtbs/2015/ca3851412213120150722
ca3851412213120150722_map.pdf,,N/A,N/A,/Cavaiani_2024_Metaanalysis/gis_data/Fire_Perimeters/wragg/mtbs/2015/ca3851412213120150722
wragg.kmz,,N/A,N/A,/Cavaiani_2024_Metaanalysis/gis_data/Fire_Perimeters/wragg/mtbs/2015/ca3851412213120150722
wragg_burn_bndy.dbf,,N/A,N/A,/Cavaiani_2024_Metaanalysis/gis_data/Fire_Perimeters/wragg/mtbs/2015/ca3851412213120150722
wragg_burn_bndy.prj,,N/A,N/A,/Cavaiani_2024_Metaanalysis/gis_data/Fire_Perimeters/wragg/mtbs/2015/ca3851412213120150722
wragg_burn_bndy.sbn,,N/A,N/A,/Cavaiani_2024_Metaanalysis/gis_data/Fire_Perimeters/wragg/mtbs/2015/ca3851412213120150722
wragg_burn_bndy.sbx,,N/A,N/A,/Cavaiani_2024_Metaanalysis/gis_data/Fire_Perimeters/wragg/mtbs/2015/ca3851412213120150722
wragg_burn_bndy.shp,,N/A,N/A,/Cavaiani_2024_Metaanalysis/gis_data/Fire_Perimeters/wragg/mtbs/2015/ca3851412213120150722
wragg_burn_bndy.shx,,N/A,N/A,/Cavaiani_2024_Metaanalysis/gis_data/Fire_Perimeters/wragg/mtbs/2015/ca3851412213120150722
wragg_dnbr.aux,,N/A,N/A,/Cavaiani_2024_Metaanalysis/gis_data/Fire_Perimeters/wragg/mtbs/2015/ca3851412213120150722
wragg_dnbr.rrd,,N/A,N/A,/Cavaiani_2024_Metaanalysis/gis_data/Fire_Perimeters/wragg/mtbs/2015/ca3851412213120150722
wragg_dnbr.tif,,N/A,N/A,/Cavaiani_2024_Metaanalysis/gis_data/Fire_Perimeters/wragg/mtbs/2015/ca3851412213120150722
wragg_dnbr6.aux,,N/A,N/A,/Cavaiani_2024_Metaanalysis/gis_data/Fire_Perimeters/wragg/mtbs/2015/ca3851412213120150722
wragg_dnbr6.rrd,,N/A,N/A,/Cavaiani_2024_Metaanalysis/gis_data/Fire_Perimeters/wragg/mtbs/2015/ca3851412213120150722
wragg_dnbr6.tif,,N/A,N/A,/Cavaiani_2024_Metaanalysis/gis_data/Fire_Perimeters/wragg/mtbs/2015/ca3851412213120150722
wragg_map.pdf,,N/A,N/A,/Cavaiani_2024_Metaanalysis/gis_data/Fire_Perimeters/wragg/mtbs/2015/ca3851412213120150722
wragg_mask.dbf,,N/A,N/A,/Cavaiani_2024_Metaanalysis/gis_data/Fire_Perimeters/wragg/mtbs/2015/ca3851412213120150722
wragg_mask.prj,,N/A,N/A,/Cavaiani_2024_Metaanalysis/gis_data/Fire_Perimeters/wragg/mtbs/2015/ca3851412213120150722
wragg_mask.sbn,,N/A,N/A,/Cavaiani_2024_Metaanalysis/gis_data/Fire_Perimeters/wragg/mtbs/2015/ca3851412213120150722
wragg_mask.sbx,,N/A,N/A,/Cavaiani_2024_Metaanalysis/gis_data/Fire_Perimeters/wragg/mtbs/2015/ca3851412213120150722
wragg_mask.shp,,N/A,N/A,/Cavaiani_2024_Metaanalysis/gis_data/Fire_Perimeters/wragg/mtbs/2015/ca3851412213120150722
wragg_mask.shx,,N/A,N/A,/Cavaiani_2024_Metaanalysis/gis_data/Fire_Perimeters/wragg/mtbs/2015/ca3851412213120150722
wragg_metadata.xml,,N/A,N/A,/Cavaiani_2024_Metaanalysis/gis_data/Fire_Perimeters/wragg/mtbs/2015/ca3851412213120150722
wragg_post_l8_refl.aux,,N/A,N/A,/Cavaiani_2024_Metaanalysis/gis_data/Fire_Perimeters/wragg/mtbs/2015/ca3851412213120150722
wragg_post_l8_refl.rrd,,N/A,N/A,/Cavaiani_2024_Metaanalysis/gis_data/Fire_Perimeters/wragg/mtbs/2015/ca3851412213120150722
wragg_post_l8_refl.tif,,N/A,N/A,/Cavaiani_2024_Metaanalysis/gis_data/Fire_Perimeters/wragg/mtbs/2015/ca3851412213120150722
wragg_pre_l8_refl.aux,,N/A,N/A,/Cavaiani_2024_Metaanalysis/gis_data/Fire_Perimeters/wragg/mtbs/2015/ca3851412213120150722
wragg_pre_l8_refl.rrd,,N/A,N/A,/Cavaiani_2024_Metaanalysis/gis_data/Fire_Perimeters/wragg/mtbs/2015/ca3851412213120150722
wragg_pre_l8_refl.tif,,N/A,N/A,/Cavaiani_2024_Metaanalysis/gis_data/Fire_Perimeters/wragg/mtbs/2015/ca3851412213120150722
wragg_rdnbr.aux,,N/A,N/A,/Cavaiani_2024_Metaanalysis/gis_data/Fire_Perimeters/wragg/mtbs/2015/ca3851412213120150722
wragg_rdnbr.rrd,,N/A,N/A,/Cavaiani_2024_Metaanalysis/gis_data/Fire_Perimeters/wragg/mtbs/2015/ca3851412213120150722
wragg_rdnbr.tif,,N/A,N/A,/Cavaiani_2024_Metaanalysis/gis_data/Fire_Perimeters/wragg/mtbs/2015/ca3851412213120150722
DOC_Percent_Difference_Scatter.pdf,Scatter plot of percent difference of dissolved organic carbon (DOC) through time.,N/A,N/A,/Cavaiani_2024_Metaanalysis/initial_plots/04_Meta_merge_all_studies_effect_size
Effect_Size.climate.pdf,"Mean responses of stream-chemistry (ln[response ratio]) as a function of climate classification Error Bars represent 95 percent confidence intervals. The numbers listed on the figure represent the ""n-values"" included within each climate classification. The colors correspond to the respective analyte. Data analysis was based on 16 publications.",N/A,N/A,/Cavaiani_2024_Metaanalysis/initial_plots/04_Meta_merge_all_studies_effect_size
Effect_Size_TSF_Horizontal.pdf,"Mean responses of stream-chemistry (ln[response ratio]) as a function of time since fire. Error Bars represent 95 percent confidence intervals. The numbers listed on the figure represent the ""n-values"" included within each time-since-fire bin. The colors correspond to the respective analyte. Data analysis was based on 18 publications.",N/A,N/A,/Cavaiani_2024_Metaanalysis/initial_plots/04_Meta_merge_all_studies_effect_size
NO3_Percent_Difference_Scatter.pdf,Scatter plot of percent difference of nitrate (NO3) through time.,N/A,N/A,/Cavaiani_2024_Metaanalysis/initial_plots/04_Meta_merge_all_studies_effect_size
interp_threshold_comp.pdf,,N/A,N/A,/Cavaiani_2024_Metaanalysis/initial_plots/04_Meta_merge_all_studies_effect_size
DOC_Burn_Severity_Levenes.pdf,,N/A,N/A,/Cavaiani_2024_Metaanalysis/initial_plots/07_Meta_effect_size_models
DOC_TSF_levene.pdf,Boxplot of levene's test for dissolved organic carbon (DOC) for variability between time since fire buckets.,N/A,N/A,/Cavaiani_2024_Metaanalysis/initial_plots/07_Meta_effect_size_models
DOC_climate_levene.pdf,Boxplot of levene's test for dissolved organic carbon (DOC) for variability between climate buckets.,N/A,N/A,/Cavaiani_2024_Metaanalysis/initial_plots/07_Meta_effect_size_models
Effect_Size_Burn_Percentage.pdf,"Mean responses of stream-chemistry (ln[response ratio]) as a function of percentage of the watershed burned for both nitrate (NO3) and dissolved organic carbon (DOC). Error Bars represent 95 percent confidence intervals. The numbers listed on the figure represent the ""n-values"" included within each burn percentage bin. The colors correspond to the respective analyte. Data analysis was based on 11 publications.",N/A,N/A,/Cavaiani_2024_Metaanalysis/initial_plots/07_Meta_effect_size_models
Effect_Size_MTBS_Severity.pdf,,N/A,N/A,/Cavaiani_2024_Metaanalysis/initial_plots/07_Meta_effect_size_models
NO3_Burn_Severity_Levene.pdf,,N/A,N/A,/Cavaiani_2024_Metaanalysis/initial_plots/07_Meta_effect_size_models
NO3_TSF_levene.pdf,Boxplot of levene's test for nitrate (NO3) for variability between time since fire buckets.,N/A,N/A,/Cavaiani_2024_Metaanalysis/initial_plots/07_Meta_effect_size_models
NO3_climate_levene.pdf,Boxplot of levene's test for nitrate (NO3) for variability between climate buckets.,N/A,N/A,/Cavaiani_2024_Metaanalysis/initial_plots/07_Meta_effect_size_models
DOC_geospatial_correlation.pdf,,N/A,N/A,/Cavaiani_2024_Metaanalysis/initial_plots/08_Meta_summary_stats
DOC_geospatial_correlation_test.pdf,,N/A,N/A,/Cavaiani_2024_Metaanalysis/initial_plots/08_Meta_summary_stats
DOC_geospatial_correlation_test_2.0.pdf,,N/A,N/A,/Cavaiani_2024_Metaanalysis/initial_plots/08_Meta_summary_stats
NO3_geospatial_correlation.pdf,,N/A,N/A,/Cavaiani_2024_Metaanalysis/initial_plots/08_Meta_summary_stats
NO3_geospatial_correlation_Test.pdf,,N/A,N/A,/Cavaiani_2024_Metaanalysis/initial_plots/08_Meta_summary_stats
Watershed_Area_Burn_Ratio.pdf,Histogram plot displaying the ratio between the size of the burned watershed with its reference counterpart.,N/A,N/A,/Cavaiani_2024_Metaanalysis/initial_plots/08_Meta_summary_stats
doc_0.3.pdf,,N/A,N/A,/Cavaiani_2024_Metaanalysis/initial_plots/08_Meta_summary_stats
no3_0.3.pdf,,N/A,N/A,/Cavaiani_2024_Metaanalysis/initial_plots/08_Meta_summary_stats
DOC_CV_yield.pdf,Coefficient of variation (CV) for dissolved organic carbon (DOC) concentration in burned and unburned watersheds included in the meta-analysis.,N/A,N/A,/Cavaiani_2024_Metaanalysis/initial_plots/09_Temp_Norm_comp
DOC_yield.pdf,Yearly mean dissolved organic carbon (DOC) concentration in burned and unburned watersheds included in the meta-analysis.,N/A,N/A,/Cavaiani_2024_Metaanalysis/initial_plots/09_Temp_Norm_comp
NO3_CV_yield.pdf,Coefficient of variation (CV) for nitrate (NO3) concentration in burned and unburned watersheds included in the meta-analysis.,N/A,N/A,/Cavaiani_2024_Metaanalysis/initial_plots/09_Temp_Norm_comp
NO3_yield.pdf,Yearly mean nitrate (NO3) concentration in burned and unburned watersheds included in the meta-analysis.,N/A,N/A,/Cavaiani_2024_Metaanalysis/initial_plots/09_Temp_Norm_comp
number_watersheds_map.pdf,Map showing all the studies represented in the manuscript.,N/A,N/A,/Cavaiani_2024_Metaanalysis/initial_plots/10_Map
Effect_Size_Random_Forest.pdf,Faceted bar plot showing the output of the random forest model.,N/A,N/A,/Cavaiani_2024_Metaanalysis/initial_plots/11_Meta_random_forest
Effect_Size_Random_Forest_error.pdf,,N/A,N/A,/Cavaiani_2024_Metaanalysis/initial_plots/11_Meta_random_forest
Effect_Size_Random_Forest_variables_less_than_white_noise.pdf,,N/A,N/A,/Cavaiani_2024_Metaanalysis/initial_plots/11_Meta_random_forest
Effect_Size_Random_Forest_white_noise.pdf,,N/A,N/A,/Cavaiani_2024_Metaanalysis/initial_plots/11_Meta_random_forest
OLD_RF.png,,N/A,N/A,/Cavaiani_2024_Metaanalysis/initial_plots/11_Meta_random_forest
Effect_Size_DNBR_Severity.pdf,,N/A,N/A,/Cavaiani_2024_Metaanalysis/initial_plots/14_Meta_calculate_burn_severity
Heterogenous_BS_Barplot.pdf,,N/A,N/A,/Cavaiani_2024_Metaanalysis/initial_plots/14_Meta_calculate_burn_severity
linear_ES_DNBR_Severity_All_years.pdf,,N/A,N/A,/Cavaiani_2024_Metaanalysis/initial_plots/14_Meta_calculate_burn_severity
linear_ES_DNBR_Severity_filtered_years.pdf,,N/A,N/A,/Cavaiani_2024_Metaanalysis/initial_plots/14_Meta_calculate_burn_severity
Gap_NOGAP_ES.pdf,,N/A,N/A,/Cavaiani_2024_Metaanalysis/initial_plots/15_Meta_calculate_effect_sizes_papers
coombs_iteration.csv,,ESS-DIVE CSV v1,"""N/A""; ""-9999""; """"; ""NA""",/Cavaiani_2024_Metaanalysis/initial_plots/15_Meta_calculate_effect_sizes_papers
ds_ES.pdf,,N/A,N/A,/Cavaiani_2024_Metaanalysis/initial_plots/15_Meta_calculate_effect_sizes_papers
mast_ds_discrete_iteration.pdf,,N/A,N/A,/Cavaiani_2024_Metaanalysis/initial_plots/15_Meta_calculate_effect_sizes_papers
mast_ds_discrete_iteration_no3.pdf,,N/A,N/A,/Cavaiani_2024_Metaanalysis/initial_plots/15_Meta_calculate_effect_sizes_papers
mast_ds_fill.pdf,,N/A,N/A,/Cavaiani_2024_Metaanalysis/initial_plots/15_Meta_calculate_effect_sizes_papers
mast_iteration.csv,,ESS-DIVE CSV v1,"""N/A""; ""-9999""; """"; ""NA""",/Cavaiani_2024_Metaanalysis/initial_plots/15_Meta_calculate_effect_sizes_papers
mast_r2_ws.pdf,,N/A,N/A,/Cavaiani_2024_Metaanalysis/initial_plots/15_Meta_calculate_effect_sizes_papers
Burd et al 2018_DOC_gap_fill_plot.png,,N/A,N/A,/Cavaiani_2024_Metaanalysis/initial_plots/15_Meta_calculate_effect_sizes_papers/gap_fill/DOC
Hickenbottom et al. 2023_DOC_gap_fill_plot.png,,N/A,N/A,/Cavaiani_2024_Metaanalysis/initial_plots/15_Meta_calculate_effect_sizes_papers/gap_fill/DOC
Mast & Clow; 2008_DOC_gap_fill_plot.png,,N/A,N/A,/Cavaiani_2024_Metaanalysis/initial_plots/15_Meta_calculate_effect_sizes_papers/gap_fill/DOC
Murphy et al. 2018_DOC_gap_fill_plot.png,,N/A,N/A,/Cavaiani_2024_Metaanalysis/initial_plots/15_Meta_calculate_effect_sizes_papers/gap_fill/DOC
Rhea et al. 2021_DOC_gap_fill_plot.png,,N/A,N/A,/Cavaiani_2024_Metaanalysis/initial_plots/15_Meta_calculate_effect_sizes_papers/gap_fill/DOC
Uzun et al. 2020_DOC_gap_fill_plot.png,,N/A,N/A,/Cavaiani_2024_Metaanalysis/initial_plots/15_Meta_calculate_effect_sizes_papers/gap_fill/DOC
Wagner et al. 2015_DOC_gap_fill_plot.png,,N/A,N/A,/Cavaiani_2024_Metaanalysis/initial_plots/15_Meta_calculate_effect_sizes_papers/gap_fill/DOC
Writer et al. 2014_DOC_gap_fill_plot.png,,N/A,N/A,/Cavaiani_2024_Metaanalysis/initial_plots/15_Meta_calculate_effect_sizes_papers/gap_fill/DOC
Coombs & Melack; 2013_NO3_gap_fill_plot.png,,N/A,N/A,/Cavaiani_2024_Metaanalysis/initial_plots/15_Meta_calculate_effect_sizes_papers/gap_fill/NO3
Gerla & Galloway; 1998_NO3_gap_fill_plot.png,,N/A,N/A,/Cavaiani_2024_Metaanalysis/initial_plots/15_Meta_calculate_effect_sizes_papers/gap_fill/NO3
Gluns & Toews; 1989_NO3_gap_fill_plot.png,,N/A,N/A,/Cavaiani_2024_Metaanalysis/initial_plots/15_Meta_calculate_effect_sizes_papers/gap_fill/NO3
Hauer & Spencer 1998_NO3_gap_fill_plot.png,,N/A,N/A,/Cavaiani_2024_Metaanalysis/initial_plots/15_Meta_calculate_effect_sizes_papers/gap_fill/NO3
Hickenbottom et al. 2023_NO3_gap_fill_plot.png,,N/A,N/A,/Cavaiani_2024_Metaanalysis/initial_plots/15_Meta_calculate_effect_sizes_papers/gap_fill/NO3
Mast & Clow; 2008_NO3_gap_fill_plot.png,,N/A,N/A,/Cavaiani_2024_Metaanalysis/initial_plots/15_Meta_calculate_effect_sizes_papers/gap_fill/NO3
Murphy et al. 2018_NO3_gap_fill_plot.png,,N/A,N/A,/Cavaiani_2024_Metaanalysis/initial_plots/15_Meta_calculate_effect_sizes_papers/gap_fill/NO3
Neary & Currier; 1982_NO3_gap_fill_plot.png,,N/A,N/A,/Cavaiani_2024_Metaanalysis/initial_plots/15_Meta_calculate_effect_sizes_papers/gap_fill/NO3
Oliver et al. 2012_NO3_gap_fill_plot.png,,N/A,N/A,/Cavaiani_2024_Metaanalysis/initial_plots/15_Meta_calculate_effect_sizes_papers/gap_fill/NO3
Rhea et al. 2021_NO3_gap_fill_plot.png,,N/A,N/A,/Cavaiani_2024_Metaanalysis/initial_plots/15_Meta_calculate_effect_sizes_papers/gap_fill/NO3
Tiedemann; 1973_NO3_gap_fill_plot.png,,N/A,N/A,/Cavaiani_2024_Metaanalysis/initial_plots/15_Meta_calculate_effect_sizes_papers/gap_fill/NO3
Uzun et al. 2020_NO3_gap_fill_plot.png,,N/A,N/A,/Cavaiani_2024_Metaanalysis/initial_plots/15_Meta_calculate_effect_sizes_papers/gap_fill/NO3
Writer et al. 2014_NO3_gap_fill_plot.png,,N/A,N/A,/Cavaiani_2024_Metaanalysis/initial_plots/15_Meta_calculate_effect_sizes_papers/gap_fill/NO3
Abbott_et_al_2021.csv,Extracted data reported for each publication. Data includes geographical data; analyte concentrations; sampling dates; catchment characteristics; and notes. File names represent first author and publication year.,ESS-DIVE CSV v1,"""N/A""; ""-9999""; """"; ""NA""",/Cavaiani_2024_Metaanalysis/inputs/Studies/meta_final
Burd_et_al_2018.csv,Extracted data reported for each publication. Data includes geographical data; analyte concentrations; sampling dates; catchment characteristics; and notes. File names represent first author and publication year.,ESS-DIVE CSV v1,"""N/A""; ""-9999""; """"; ""NA""",/Cavaiani_2024_Metaanalysis/inputs/Studies/meta_final
Coombs_Melack_2013.csv,Extracted data reported for each publication. Data includes geographical data; analyte concentrations; sampling dates; catchment characteristics; and notes. File names represent first author and publication year.,ESS-DIVE CSV v1,"""N/A""; ""-9999""; """"; ""NA""",/Cavaiani_2024_Metaanalysis/inputs/Studies/meta_final
Crandall_et_al_2021.csv,Extracted data reported for each publication. Data includes geographical data; analyte concentrations; sampling dates; catchment characteristics; and notes. File names represent first author and publication year.,ESS-DIVE CSV v1,"""N/A""; ""-9999""; """"; ""NA""",/Cavaiani_2024_Metaanalysis/inputs/Studies/meta_final
Gerla_Galloway_1998.csv,Extracted data reported for each publication. Data includes geographical data; analyte concentrations; sampling dates; catchment characteristics; and notes. File names represent first author and publication year.,ESS-DIVE CSV v1,"""N/A""; ""-9999""; """"; ""NA""",/Cavaiani_2024_Metaanalysis/inputs/Studies/meta_final
Gluns_Toews_1989.csv,Extracted data reported for each publication. Data includes geographical data; analyte concentrations; sampling dates; catchment characteristics; and notes. File names represent first author and publication year.,ESS-DIVE CSV v1,"""N/A""; ""-9999""; """"; ""NA""",/Cavaiani_2024_Metaanalysis/inputs/Studies/meta_final
Hauer_Spencer_1998.csv,Extracted data reported for each publication. Data includes geographical data; analyte concentrations; sampling dates; catchment characteristics; and notes. File names represent first author and publication year.,ESS-DIVE CSV v1,"""N/A""; ""-9999""; """"; ""NA""",/Cavaiani_2024_Metaanalysis/inputs/Studies/meta_final
Hickenbottom_et_al_2023.csv,Extracted data reported for each publication. Data includes geographical data; analyte concentrations; sampling dates; catchment characteristics; and notes. File names represent first author and publication year.,ESS-DIVE CSV v1,"""N/A""; ""-9999""; """"; ""NA""",/Cavaiani_2024_Metaanalysis/inputs/Studies/meta_final
Mast_Clow_2008.csv,Extracted data reported for each publication. Data includes geographical data; analyte concentrations; sampling dates; catchment characteristics; and notes. File names represent first author and publication year.,ESS-DIVE CSV v1,"""N/A""; ""-9999""; """"; ""NA""",/Cavaiani_2024_Metaanalysis/inputs/Studies/meta_final
Murphy_et_al_2015.csv,Extracted data reported for each publication. Data includes geographical data; analyte concentrations; sampling dates; catchment characteristics; and notes. File names represent first author and publication year.,ESS-DIVE CSV v1,"""N/A""; ""-9999""; """"; ""NA""",/Cavaiani_2024_Metaanalysis/inputs/Studies/meta_final
Murphy_et_al_2018.csv,Extracted data reported for each publication. Data includes geographical data; analyte concentrations; sampling dates; catchment characteristics; and notes. File names represent first author and publication year.,ESS-DIVE CSV v1,"""N/A""; ""-9999""; """"; ""NA""",/Cavaiani_2024_Metaanalysis/inputs/Studies/meta_final
Neary_Currier_1982.csv,Extracted data reported for each publication. Data includes geographical data; analyte concentrations; sampling dates; catchment characteristics; and notes. File names represent first author and publication year.,ESS-DIVE CSV v1,"""N/A""; ""-9999""; """"; ""NA""",/Cavaiani_2024_Metaanalysis/inputs/Studies/meta_final
Oliver_et_al_2012.csv,Extracted data reported for each publication. Data includes geographical data; analyte concentrations; sampling dates; catchment characteristics; and notes. File names represent first author and publication year.,ESS-DIVE CSV v1,"""N/A""; ""-9999""; """"; ""NA""",/Cavaiani_2024_Metaanalysis/inputs/Studies/meta_final
Rhea_et_al_2021.csv,Extracted data reported for each publication. Data includes geographical data; analyte concentrations; sampling dates; catchment characteristics; and notes. File names represent first author and publication year.,ESS-DIVE CSV v1,"""N/A""; ""-9999""; """"; ""NA""",/Cavaiani_2024_Metaanalysis/inputs/Studies/meta_final
Tiedemann_1973.csv,Extracted data reported for each publication. Data includes geographical data; analyte concentrations; sampling dates; catchment characteristics; and notes. File names represent first author and publication year.,ESS-DIVE CSV v1,"""N/A""; ""-9999""; """"; ""NA""",/Cavaiani_2024_Metaanalysis/inputs/Studies/meta_final
Uzun_et_al_2020.csv,Extracted data reported for each publication. Data includes geographical data; analyte concentrations; sampling dates; catchment characteristics; and notes. File names represent first author and publication year.,ESS-DIVE CSV v1,"""N/A""; ""-9999""; """"; ""NA""",/Cavaiani_2024_Metaanalysis/inputs/Studies/meta_final
Wagner_et_al_2015.csv,Extracted data reported for each publication. Data includes geographical data; analyte concentrations; sampling dates; catchment characteristics; and notes. File names represent first author and publication year.,ESS-DIVE CSV v1,"""N/A""; ""-9999""; """"; ""NA""",/Cavaiani_2024_Metaanalysis/inputs/Studies/meta_final
Writer_et_al_2014.csv,Extracted data reported for each publication. Data includes geographical data; analyte concentrations; sampling dates; catchment characteristics; and notes. File names represent first author and publication year.,ESS-DIVE CSV v1,"""N/A""; ""-9999""; """"; ""NA""",/Cavaiani_2024_Metaanalysis/inputs/Studies/meta_final
Map_input.csv,The name of fires for each publication; geographic coordinates and the number of burned and unburned watersheds were monitored.,ESS-DIVE CSV v1,"""N/A""; ""-9999""; """"; ""NA""",/Cavaiani_2024_Metaanalysis/inputs/Studies_Summary
Sites_meta_data.csv,Publication level metadata for each study included in the meta-analysis.,ESS-DIVE CSV v1,"""N/A""; ""-9999""; """"; ""NA""",/Cavaiani_2024_Metaanalysis/inputs/Studies_Summary
Watershed_area.csv,Each publication listed with its respective fire and the sites monitored within each one with watershed areas.,ESS-DIVE CSV v1,"""N/A""; ""-9999""; """"; ""NA""",/Cavaiani_2024_Metaanalysis/inputs/Studies_Summary
Fire_name_Lat_Long.csv,Publication level metadata for each study; effect size and wildfire for each paper included in the meta-analysis.,ESS-DIVE CSV v1,"""N/A""; ""-9999""; """"; ""NA""",/Cavaiani_2024_Metaanalysis/inputs/catchment_characteristics
fire_watershed_lat_long_comids.csv,,ESS-DIVE CSV v1,"""N/A""; ""-9999""; """"; ""NA""",/Cavaiani_2024_Metaanalysis/inputs/catchment_characteristics
meta_lat_long_comids.csv,Geographic coordinates with common identifiers for each site included in the meta-analysis.,ESS-DIVE CSV v1,"""N/A""; ""-9999""; """"; ""NA""",/Cavaiani_2024_Metaanalysis/inputs/catchment_characteristics
watershed_lat_long.csv,Geographic location of each watershed (latitude and longitude) with a column header for their stream segment unique identifier (i.e. common identifier; COMID) to make sure the structure is correct when reading into the 05_Meta_geospatial_check_comids.Rmd code.,ESS-DIVE CSV v1,"""N/A""; ""-9999""; """"; ""NA""",/Cavaiani_2024_Metaanalysis/inputs/catchment_characteristics
alaska.zip,Site level metadata to plot the outline of the state of Alaska in R.,N/A,N/A,/Cavaiani_2024_Metaanalysis/inputs/map_shape_files
us_states.zip,Site level metadata to plot the outline of the United States of America in R.,N/A,N/A,/Cavaiani_2024_Metaanalysis/inputs/map_shape_files
cb_2021_us_state_20m.cpg,Environmental Systems Research Institute (ESRI) shapefile that is used to specify the codepage for identifying the character set to be used for the Alaska shape file used in figure 1 in the manuscript.,N/A,N/A,/Cavaiani_2024_Metaanalysis/inputs/map_shape_files/alaska
cb_2021_us_state_20m.dbf,The tabular attribute information for Alaska used in figure 1 in the manuscript.,N/A,N/A,/Cavaiani_2024_Metaanalysis/inputs/map_shape_files/alaska
cb_2021_us_state_20m.prj,The coordinate system information for Alaska used in figure 1 in the manuscript.,N/A,N/A,/Cavaiani_2024_Metaanalysis/inputs/map_shape_files/alaska
cb_2021_us_state_20m.shp,The feature geometry for Alaska used in figure 1 in the manuscript.,N/A,N/A,/Cavaiani_2024_Metaanalysis/inputs/map_shape_files/alaska
cb_2021_us_state_20m.shp.ea.iso.xml,The International Organization for Standardization (ISO) 191 (entity and attribute) metadata for Alaska used in figure 1 of the manuscript.,N/A,N/A,/Cavaiani_2024_Metaanalysis/inputs/map_shape_files/alaska
cb_2021_us_state_20m.shp.iso.xml,The International Organization for Standardization (ISO 191) metadata map for Alaska.,N/A,N/A,/Cavaiani_2024_Metaanalysis/inputs/map_shape_files/alaska
cb_2021_us_state_20m.shx,The index of the feature geometry for the Alaska map used in figure 1 in the manuscript.,N/A,N/A,/Cavaiani_2024_Metaanalysis/inputs/map_shape_files/alaska
cb_2021_us_state_20m.cpg,Environmental Systems Research Institute (ESRI) shapefile that is used to specify the codepage for identifying the character set to be used for the United States of America shape file used in figure 1 in the manuscript.,N/A,N/A,/Cavaiani_2024_Metaanalysis/inputs/map_shape_files/us_states
cb_2021_us_state_20m.dbf,Database file for the United States of America shape file used in figure 1 in the manuscript.,N/A,N/A,/Cavaiani_2024_Metaanalysis/inputs/map_shape_files/us_states
cb_2021_us_state_20m.prj,A projection file containing information about the coordinate system and map projection.,N/A,N/A,/Cavaiani_2024_Metaanalysis/inputs/map_shape_files/us_states
cb_2021_us_state_20m.shp,A shape file containing the geometry data of the United States of America map.,N/A,N/A,/Cavaiani_2024_Metaanalysis/inputs/map_shape_files/us_states
cb_2021_us_state_20m.shp.ea.iso.xml,The International Organization for Standardization (ISO) 191 (entity and attribute) metadata for the United States of America map.,N/A,N/A,/Cavaiani_2024_Metaanalysis/inputs/map_shape_files/us_states
cb_2021_us_state_20m.shp.iso.xml,The International Organization for Standardization (ISO 191) metadata map.,N/A,N/A,/Cavaiani_2024_Metaanalysis/inputs/map_shape_files/us_states
cb_2021_us_state_20m.shx,The index of the feature geometry for the United States of America states map used in figure 1 in the manuscript.,N/A,N/A,/Cavaiani_2024_Metaanalysis/inputs/map_shape_files/us_states
