"","Study_ID","response_var","Climate","year","Time_Since_Fire","Xe1","Xe2","Xe3","Xe4","Xe5","Xc","Xc345","Xc2","Biome","Site","Effect_size"
"1","Crandall et al. 2021","DOC_Interp","Csa",2018,"0",7.49046741152,41.20787390431,0.88532966895,1.05459742808,0,51.33867866629,NA,NA,"Temperate","lnR1",-1.92481323786282
"2","Crandall et al. 2021","DOC_Interp","Csa",2018,"0",7.49046741152,41.20787390431,0.88532966895,1.05459742808,0,51.33867866629,NA,NA,"Temperate","lnR2",-0.2198150859094
"3","Crandall et al. 2021","DOC_Interp","Csa",2018,"0",7.49046741152,41.20787390431,0.88532966895,1.05459742808,0,51.33867866629,NA,NA,"Temperate","lnR3",-4.06023963423686
"4","Crandall et al. 2021","DOC_Interp","Csa",2018,"0",7.49046741152,41.20787390431,0.88532966895,1.05459742808,0,51.33867866629,NA,NA,"Temperate","lnR4",-3.88528532883943
"5","Crandall et al. 2021","NO3_Interp","Csa",2018,"0",0.02170118262,0.0070201119,0.00062833566,0.00015875346,0,0.28107245104,NA,NA,"Temperate","lnR1",-2.56124571130419
"6","Crandall et al. 2021","NO3_Interp","Csa",2018,"0",0.02170118262,0.0070201119,0.00062833566,0.00015875346,0,0.28107245104,NA,NA,"Temperate","lnR2",-3.68983331090151
"7","Crandall et al. 2021","NO3_Interp","Csa",2018,"0",0.02170118262,0.0070201119,0.00062833566,0.00015875346,0,0.28107245104,NA,NA,"Temperate","lnR3",-6.10329323384034
"8","Crandall et al. 2021","NO3_Interp","Csa",2018,"0",0.02170118262,0.0070201119,0.00062833566,0.00015875346,0,0.28107245104,NA,NA,"Temperate","lnR4",-7.47901531515438
