Study_ID,Comparison_ID,Pair_Burn,Pair_Unburn,pair_key,response_var,year,month,lnRR_mean,lnRR_sd,lnRR_n,lnRR_area_mean,lnRR_area_sd,lnRR_area_n,lnRR_var,lnRR_area_var
Burd et al 2018,Burd_et_al_2018_C1,Site_1,Control_1,Burd et al 2018 | Burd_et_al_2018_C1 | Site_1 | Control_1,DOC,2016,4,0.30476495378637664,0.005119030323215762,2,-0.5688363693927279,0.005119030323215762,2,1.3102235725001236e-5,1.3102235725001236e-5
Burd et al 2018,Burd_et_al_2018_C1,Site_1,Control_1,Burd et al 2018 | Burd_et_al_2018_C1 | Site_1 | Control_1,DOC,2016,5,0.16016916996985042,0.078364990305755,31,-0.7134321532092541,0.07836499030575504,31,1.980990872780992e-4,1.980990872780994e-4
Burd et al 2018,Burd_et_al_2018_C1,Site_1,Control_1,Burd et al 2018 | Burd_et_al_2018_C1 | Site_1 | Control_1,DOC,2016,6,-0.05103637478588433,0.05464414898626274,30,-0.9246376979649888,0.0546441489862628,30,9.953276728109598e-5,9.953276728109618e-5
Burd et al 2018,Burd_et_al_2018_C1,Site_1,Control_1,Burd et al 2018 | Burd_et_al_2018_C1 | Site_1 | Control_1,DOC,2016,7,-0.0314098069080146,0.014812878825915067,31,-0.9050111300871191,0.014812878825915064,31,7.078109003588482e-6,7.0781090035884785e-6
Burd et al 2018,Burd_et_al_2018_C1,Site_1,Control_1,Burd et al 2018 | Burd_et_al_2018_C1 | Site_1 | Control_1,DOC,2016,8,0.16011789229860668,0.08974984647929465,30,-0.7134834308804978,0.08974984647929467,30,2.685011647685653e-4,2.6850116476856537e-4
Coombs & Melack; 2013,Coombs_Melack_2013_C1,Site_1,Control_1_2_3,Coombs & Melack; 2013 | Coombs_Melack_2013_C1 | Site_1 | Control_1_2_3,NO3,2004,12,1.6413547247701965,0.19456485886664052,5,1.7286829083520532,0.1945648588666404,5,0.007571096861159149,0.007571096861159141
Coombs & Melack; 2013,Coombs_Melack_2013_C1,Site_1,Control_1_2_3,Coombs & Melack; 2013 | Coombs_Melack_2013_C1 | Site_1 | Control_1_2_3,NO3,2005,1,1.8620299825576918,0.4101347016309743,5,1.9493581661395485,0.4101347016309744,5,0.03364209469638567,0.033642094696385676
Coombs & Melack; 2013,Coombs_Melack_2013_C2,Site_2,Control_1_2_3,Coombs & Melack; 2013 | Coombs_Melack_2013_C2 | Site_2 | Control_1_2_3,NO3,2004,12,0.01022704586179528,0.3968979990243375,6,-2.1966296614251273,0.3968979990243375,6,0.026254670271587167,0.026254670271587167
Coombs & Melack; 2013,Coombs_Melack_2013_C2,Site_2,Control_1_2_3,Coombs & Melack; 2013 | Coombs_Melack_2013_C2 | Site_2 | Control_1_2_3,NO3,2005,1,0.5858263209295171,0.3964643661945609,5,-1.6210303863574052,0.3964643661945609,5,0.031436798732410974,0.031436798732410974
Coombs & Melack; 2013,Coombs_Melack_2013_C3,Site_3,Control_1_2_3,Coombs & Melack; 2013 | Coombs_Melack_2013_C3 | Site_3 | Control_1_2_3,NO3,2004,12,0.4754831500823841,0.12180331771670938,5,-0.16122271957260936,0.12180331771670937,5,0.00296720964135953,0.002967209641359529
Coombs & Melack; 2013,Coombs_Melack_2013_C3,Site_3,Control_1_2_3,Coombs & Melack; 2013 | Coombs_Melack_2013_C3 | Site_3 | Control_1_2_3,NO3,2005,1,1.0071823644981575,0.324931654240951,5,0.37047649484316414,0.324931654240951,5,0.021116115985552186,0.021116115985552186
Crandall et al. 2021,Crandall_et_al_2021_C1,Site_1,Control_1,Crandall et al. 2021 | Crandall_et_al_2021_C1 | Site_1 | Control_1,DOC,2018,10,0.5555476065256095,0.9952542302373352,39,0.5149638992934483,0.963548588734365,39,0.025398230328341296,0.023805791867999655
Crandall et al. 2021,Crandall_et_al_2021_C1,Site_1,Control_1,Crandall et al. 2021 | Crandall_et_al_2021_C1 | Site_1 | Control_1,NO3,2018,10,1.0975083119491864,2.1128499633329416,42,1.0505090481182087,2.0795363137902245,42,0.10628892779895269,0.10296360191362464
Crandall et al. 2021,Crandall_et_al_2021_C2,Site_2,Control_2,Crandall et al. 2021 | Crandall_et_al_2021_C2 | Site_2 | Control_2,DOC,2018,10,0.8593167500153459,0.9449470574411422,29,-0.11397485386716569,1.6823278204210812,29,0.030790515219540456,0.09759403087457744
Crandall et al. 2021,Crandall_et_al_2021_C2,Site_2,Control_2,Crandall et al. 2021 | Crandall_et_al_2021_C2 | Site_2 | Control_2,NO3,2018,10,-4.15558386727907,1.5978633379442335,53,-5.372906904125162,1.6961058868581493,53,0.04817296691974128,0.054278776970469234
Crandall et al. 2021,Crandall_et_al_2021_C3,Site_3,Control_3_4,Crandall et al. 2021 | Crandall_et_al_2021_C3 | Site_3 | Control_3_4,DOC,2018,10,0.6533721793909826,0.4440048997053352,22,0.6861243168490804,0.4440048997053352,22,0.008960925043742943,0.008960925043742943
Crandall et al. 2021,Crandall_et_al_2021_C3,Site_3,Control_3_4,Crandall et al. 2021 | Crandall_et_al_2021_C3 | Site_3 | Control_3_4,NO3,2018,10,0.32997546717003856,0.6630541840161758,24,0.36272760462813647,0.6630541840161758,24,0.018318368789223195,0.018318368789223195
Crandall et al. 2021,Crandall_et_al_2021_C4,Site_4,Control_3_4,Crandall et al. 2021 | Crandall_et_al_2021_C4 | Site_4 | Control_3_4,DOC,2018,10,1.3838448742729266,0.7498784836797308,17,1.4534840015380854,0.7498784836797308,17,0.03307751413445954,0.03307751413445954
Crandall et al. 2021,Crandall_et_al_2021_C4,Site_4,Control_3_4,Crandall et al. 2021 | Crandall_et_al_2021_C4 | Site_4 | Control_3_4,NO3,2018,10,-0.6965704876457572,1.3566730591590932,18,-0.6269313603805984,1.3566730591590932,18,0.10225343274711624,0.10225343274711624
Gerla & Galloway; 1998,Gerla_Galloway_1998_C1,Site_1,Control_1,Gerla & Galloway; 1998 | Gerla_Galloway_1998_C1 | Site_1 | Control_1,NO3,1989,3,-0.4407825970797284,0.013786172420522498,22,-0.7020887262561594,0.013786172420522472,22,8.639025000380689e-6,8.639025000380656e-6
Gerla & Galloway; 1998,Gerla_Galloway_1998_C1,Site_1,Control_1,Gerla & Galloway; 1998 | Gerla_Galloway_1998_C1 | Site_1 | Control_1,NO3,1989,4,0.0038720678566825308,0.32895866181587446,30,-0.25743406131974844,0.32895866181587446,30,0.003607126706123029,0.003607126706123029
Gerla & Galloway; 1998,Gerla_Galloway_1998_C1,Site_1,Control_1,Gerla & Galloway; 1998 | Gerla_Galloway_1998_C1 | Site_1 | Control_1,NO3,1989,5,-1.50915969319631,1.0311849451860975,31,-1.7704658223727412,1.0311849451860977,31,0.034301367457369517,0.03430136745736953
Gerla & Galloway; 1998,Gerla_Galloway_1998_C1,Site_1,Control_1,Gerla & Galloway; 1998 | Gerla_Galloway_1998_C1 | Site_1 | Control_1,NO3,1989,6,-2.4032979699488575,1.4821346082899642,30,-2.664604099125288,1.4821346082899642,30,0.0732240999030282,0.0732240999030282
Gerla & Galloway; 1998,Gerla_Galloway_1998_C1,Site_1,Control_1,Gerla & Galloway; 1998 | Gerla_Galloway_1998_C1 | Site_1 | Control_1,NO3,1989,7,-1.9601315326292275,1.142504351389031,31,-2.2214376618056586,1.1425043513890307,31,0.04210697396589904,0.042106973965899026
Gerla & Galloway; 1998,Gerla_Galloway_1998_C1,Site_1,Control_1,Gerla & Galloway; 1998 | Gerla_Galloway_1998_C1 | Site_1 | Control_1,NO3,1989,8,-0.5488835216118738,0.1801319926686305,31,-0.8101896507883048,0.1801319926686305,31,0.0010466946704119856,0.0010466946704119856
Gerla & Galloway; 1998,Gerla_Galloway_1998_C1,Site_1,Control_1,Gerla & Galloway; 1998 | Gerla_Galloway_1998_C1 | Site_1 | Control_1,NO3,1989,9,-0.4515327983475782,0.2798530492040008,30,-0.7128389275240092,0.2798530492040008,30,0.002610590971625896,0.002610590971625896
Gerla & Galloway; 1998,Gerla_Galloway_1998_C1,Site_1,Control_1,Gerla & Galloway; 1998 | Gerla_Galloway_1998_C1 | Site_1 | Control_1,NO3,1989,10,-0.9528259734771337,0.027404649397567832,4,-1.2141321026535647,0.027404649397567763,4,1.8775370215090375e-4,1.877537021509028e-4
Gerla & Galloway; 1998,Gerla_Galloway_1998_C1,Site_1,Control_1,Gerla & Galloway; 1998 | Gerla_Galloway_1998_C1 | Site_1 | Control_1,NO3,1990,4,3.999973010119686,0.34980790185516314,24,3.738666880943255,0.3498079018551632,24,0.005098565341679643,0.005098565341679645
Gerla & Galloway; 1998,Gerla_Galloway_1998_C1,Site_1,Control_1,Gerla & Galloway; 1998 | Gerla_Galloway_1998_C1 | Site_1 | Control_1,NO3,1990,5,2.6800090407797352,0.22338063412502837,31,2.4187029116033045,0.22338063412502834,31,0.001609642183938703,0.0016096421839387027
Gerla & Galloway; 1998,Gerla_Galloway_1998_C1,Site_1,Control_1,Gerla & Galloway; 1998 | Gerla_Galloway_1998_C1 | Site_1 | Control_1,NO3,1990,6,0.9802689630619942,2.027847082595832,30,0.7189628338855633,2.027847082595832,30,0.13707212634641422,0.13707212634641422
Gerla & Galloway; 1998,Gerla_Galloway_1998_C1,Site_1,Control_1,Gerla & Galloway; 1998 | Gerla_Galloway_1998_C1 | Site_1 | Control_1,NO3,1990,7,-0.37774431728914487,0.5376258909307391,31,-0.6390504464655758,0.537625890930739,31,0.009323922535453902,0.009323922535453898
Gerla & Galloway; 1998,Gerla_Galloway_1998_C1,Site_1,Control_1,Gerla & Galloway; 1998 | Gerla_Galloway_1998_C1 | Site_1 | Control_1,NO3,1990,8,0.09216458286913451,0.6611745593597205,31,-0.16914154630729644,0.6611745593597204,31,0.014101670901436146,0.014101670901436141
Gerla & Galloway; 1998,Gerla_Galloway_1998_C1,Site_1,Control_1,Gerla & Galloway; 1998 | Gerla_Galloway_1998_C1 | Site_1 | Control_1,NO3,1990,9,0.9686023796413852,0.470906947587759,30,0.7072962504649541,0.470906947587759,30,0.007391778442880679,0.007391778442880679
Gerla & Galloway; 1998,Gerla_Galloway_1998_C1,Site_1,Control_1,Gerla & Galloway; 1998 | Gerla_Galloway_1998_C1 | Site_1 | Control_1,NO3,1991,3,0.4463435041493129,0.592726303694667,17,0.18503737497288186,0.592726303694667,17,0.020666145358326032,0.020666145358326032
Gerla & Galloway; 1998,Gerla_Galloway_1998_C1,Site_1,Control_1,Gerla & Galloway; 1998 | Gerla_Galloway_1998_C1 | Site_1 | Control_1,NO3,1991,4,2.577975035495239,0.4136766213487033,30,2.316668906318808,0.4136766213487033,30,0.005704278235015949,0.005704278235015949
Gerla & Galloway; 1998,Gerla_Galloway_1998_C1,Site_1,Control_1,Gerla & Galloway; 1998 | Gerla_Galloway_1998_C1 | Site_1 | Control_1,NO3,1991,5,2.5778861181432866,0.8161818145133697,31,2.316579988966856,0.8161818145133698,31,0.021488798527172146,0.021488798527172153
Gerla & Galloway; 1998,Gerla_Galloway_1998_C1,Site_1,Control_1,Gerla & Galloway; 1998 | Gerla_Galloway_1998_C1 | Site_1 | Control_1,NO3,1991,6,0.6628731007533787,1.5998134277140934,30,0.40156697157694793,1.5998134277140936,30,0.08531343344981056,0.08531343344981059
Gerla & Galloway; 1998,Gerla_Galloway_1998_C1,Site_1,Control_1,Gerla & Galloway; 1998 | Gerla_Galloway_1998_C1 | Site_1 | Control_1,NO3,1991,7,0.8085401823999376,1.0196836784173557,31,0.5472340532235066,1.0196836784173557,31,0.033540477549379014,0.033540477549379014
Gerla & Galloway; 1998,Gerla_Galloway_1998_C1,Site_1,Control_1,Gerla & Galloway; 1998 | Gerla_Galloway_1998_C1 | Site_1 | Control_1,NO3,1991,8,1.089971460125398,0.8116802272435429,28,0.828665330948967,0.811680227243543,28,0.023529456832076055,0.023529456832076058
Gerla & Galloway; 1998,Gerla_Galloway_1998_C1,Site_1,Control_1,Gerla & Galloway; 1998 | Gerla_Galloway_1998_C1 | Site_1 | Control_1,NO3,1992,3,2.129422091425596,0.13531565328301054,11,1.8681159622491652,0.13531565328301057,11,0.0016645750930370836,0.0016645750930370845
Gerla & Galloway; 1998,Gerla_Galloway_1998_C1,Site_1,Control_1,Gerla & Galloway; 1998 | Gerla_Galloway_1998_C1 | Site_1 | Control_1,NO3,1992,4,2.2836914254447787,0.5476321381568783,30,2.0223852962683475,0.5476321381568784,30,0.009996698624742475,0.009996698624742478
Gerla & Galloway; 1998,Gerla_Galloway_1998_C1,Site_1,Control_1,Gerla & Galloway; 1998 | Gerla_Galloway_1998_C1 | Site_1 | Control_1,NO3,1992,5,1.7216260052814032,0.495222271835078,31,1.4603198761049723,0.49522227183507805,31,0.007911132210370835,0.007911132210370837
Gerla & Galloway; 1998,Gerla_Galloway_1998_C1,Site_1,Control_1,Gerla & Galloway; 1998 | Gerla_Galloway_1998_C1 | Site_1 | Control_1,NO3,1992,6,2.748660404133295,0.37503359001279885,30,2.4873542749568642,0.3750335900127989,30,0.004688339787929602,0.004688339787929605
Gerla & Galloway; 1998,Gerla_Galloway_1998_C1,Site_1,Control_1,Gerla & Galloway; 1998 | Gerla_Galloway_1998_C1 | Site_1 | Control_1,NO3,1992,7,2.44086055934734,0.29711908917729335,31,2.1795544301709087,0.2971190891772933,31,0.002847733972694981,0.0028477339726949795
Gerla & Galloway; 1998,Gerla_Galloway_1998_C1,Site_1,Control_1,Gerla & Galloway; 1998 | Gerla_Galloway_1998_C1 | Site_1 | Control_1,NO3,1992,8,1.555981601718244,0.3970125185342267,31,1.294675472541813,0.3970125185342267,31,0.005084481931383538,0.005084481931383538
Gerla & Galloway; 1998,Gerla_Galloway_1998_C1,Site_1,Control_1,Gerla & Galloway; 1998 | Gerla_Galloway_1998_C1 | Site_1 | Control_1,NO3,1992,9,0.6863536407848374,0.042942702233927,2,0.4250475116084065,0.042942702233926926,2,9.220378375758596e-4,9.220378375758563e-4
Gerla & Galloway; 1998,Gerla_Galloway_1998_C1,Site_1,Control_1,Gerla & Galloway; 1998 | Gerla_Galloway_1998_C1 | Site_1 | Control_1,NO3,1993,3,0.6636891600776613,0.05629811528594084,10,0.4023830309012304,0.05629811528594087,10,3.169477784749086e-4,3.169477784749089e-4
Gerla & Galloway; 1998,Gerla_Galloway_1998_C1,Site_1,Control_1,Gerla & Galloway; 1998 | Gerla_Galloway_1998_C1 | Site_1 | Control_1,NO3,1993,4,1.381640976507411,0.47286056244089586,30,1.1203348473309798,0.47286056244089586,30,0.007453237050397346,0.007453237050397346
Gerla & Galloway; 1998,Gerla_Galloway_1998_C1,Site_1,Control_1,Gerla & Galloway; 1998 | Gerla_Galloway_1998_C1 | Site_1 | Control_1,NO3,1993,5,2.2481663281541966,0.6850047561124448,31,1.9868601989777657,0.6850047561124449,31,0.015136500512795806,0.015136500512795812
Gerla & Galloway; 1998,Gerla_Galloway_1998_C1,Site_1,Control_1,Gerla & Galloway; 1998 | Gerla_Galloway_1998_C1 | Site_1 | Control_1,NO3,1993,6,2.5869411764988235,0.3170872052967605,30,2.3256350473223923,0.3170872052967605,30,0.003351476525430331,0.003351476525430331
Gerla & Galloway; 1998,Gerla_Galloway_1998_C1,Site_1,Control_1,Gerla & Galloway; 1998 | Gerla_Galloway_1998_C1 | Site_1 | Control_1,NO3,1993,7,2.278674292869811,0.3476905409806645,22,2.0173681636933805,0.3476905409806645,22,0.005494941467610324,0.005494941467610324
Gerla & Galloway; 1998,Gerla_Galloway_1998_C1,Site_1,Control_1,Gerla & Galloway; 1998 | Gerla_Galloway_1998_C1 | Site_1 | Control_1,NO3,1993,9,0.903316069964085,0.11211442348992215,26,0.642009940787654,0.11211442348992216,26,4.8344784440298495e-4,4.83447844402985e-4
Gluns & Toews; 1989,Gluns_Toews_1989_C1,Site_1,Control_1_2,Gluns & Toews; 1989 | Gluns_Toews_1989_C1 | Site_1 | Control_1_2,NO3,1985,9,1.4816761613143634,0.1267214973748804,23,2.07423610496914,0.1267214973748804,23,6.98188604214427e-4,6.98188604214427e-4
Gluns & Toews; 1989,Gluns_Toews_1989_C1,Site_1,Control_1_2,Gluns & Toews; 1989 | Gluns_Toews_1989_C1 | Site_1 | Control_1_2,NO3,1985,10,1.4277029043738183,0.21069180455724545,31,2.020262848028595,0.21069180455724543,31,0.0014319689195996296,0.0014319689195996293
Gluns & Toews; 1989,Gluns_Toews_1989_C1,Site_1,Control_1_2,Gluns & Toews; 1989 | Gluns_Toews_1989_C1 | Site_1 | Control_1_2,NO3,1985,11,1.8226933050410912,0.028746125470293038,5,2.4152532486958678,0.028746125470293146,5,1.6526794591076603e-4,1.6526794591076728e-4
Gluns & Toews; 1989,Gluns_Toews_1989_C1,Site_1,Control_1_2,Gluns & Toews; 1989 | Gluns_Toews_1989_C1 | Site_1 | Control_1_2,NO3,1986,3,2.077185818520885,0.08841678960133886,23,2.6697457621756615,0.08841678960133886,23,3.398925514524967e-4,3.398925514524967e-4
Gluns & Toews; 1989,Gluns_Toews_1989_C1,Site_1,Control_1_2,Gluns & Toews; 1989 | Gluns_Toews_1989_C1 | Site_1 | Control_1_2,NO3,1986,4,2.1861921471757366,0.06774394570152868,30,2.7787520908305132,0.06774394570152874,30,1.5297473930705555e-4,1.529747393070558e-4
Gluns & Toews; 1989,Gluns_Toews_1989_C1,Site_1,Control_1_2,Gluns & Toews; 1989 | Gluns_Toews_1989_C1 | Site_1 | Control_1_2,NO3,1986,5,1.3920267971448803,0.4142003354757818,31,1.984586740799657,0.4142003354757818,31,0.005534255416395167,0.005534255416395167
Gluns & Toews; 1989,Gluns_Toews_1989_C1,Site_1,Control_1_2,Gluns & Toews; 1989 | Gluns_Toews_1989_C1 | Site_1 | Control_1_2,NO3,1986,6,0.18576664284808608,0.2722928440989272,30,0.7783265865028628,0.2722928440989272,30,0.0024714464315827556,0.0024714464315827556
Gluns & Toews; 1989,Gluns_Toews_1989_C1,Site_1,Control_1_2,Gluns & Toews; 1989 | Gluns_Toews_1989_C1 | Site_1 | Control_1_2,NO3,1986,7,0.15072471921526365,0.19019357253812774,31,0.7432846628700404,0.19019357253812774,31,0.0011668901624134213,0.0011668901624134213
Gluns & Toews; 1989,Gluns_Toews_1989_C1,Site_1,Control_1_2,Gluns & Toews; 1989 | Gluns_Toews_1989_C1 | Site_1 | Control_1_2,NO3,1986,8,0.5525721736724003,0.04987902627409256,31,1.145132117327177,0.04987902627409255,31,8.025539555005214e-5,8.025539555005209e-5
Gluns & Toews; 1989,Gluns_Toews_1989_C1,Site_1,Control_1_2,Gluns & Toews; 1989 | Gluns_Toews_1989_C1 | Site_1 | Control_1_2,NO3,1986,9,0.42835242216783087,0.021377921174735106,8,1.0209123658226076,0.021377921174735106,8,5.7126939219148454e-5,5.7126939219148454e-5
Gluns & Toews; 1989,Gluns_Toews_1989_C1,Site_1,Control_1_2,Gluns & Toews; 1989 | Gluns_Toews_1989_C1 | Site_1 | Control_1_2,NO3,1986,11,1.778818830515688,0.019654063356192752,8,2.371378774170465,0.019654063356192724,8,4.828527580115484e-5,4.8285275801154704e-5
Gluns & Toews; 1989,Gluns_Toews_1989_C1,Site_1,Control_1_2,Gluns & Toews; 1989 | Gluns_Toews_1989_C1 | Site_1 | Control_1_2,NO3,1986,12,1.8335369181317898,0.014211257577951122,6,2.4260968617865664,0.014211257577951228,6,3.36599736578122e-5,3.3659973657812704e-5
Gluns & Toews; 1989,Gluns_Toews_1989_C1,Site_1,Control_1_2,Gluns & Toews; 1989 | Gluns_Toews_1989_C1 | Site_1 | Control_1_2,NO3,1987,1,1.798769911517479,0.0026771710847152026,2,2.3913298551722555,0.00267717108471536,2,3.5836225084175875e-6,3.583622508418009e-6
Gluns & Toews; 1989,Gluns_Toews_1989_C1,Site_1,Control_1_2,Gluns & Toews; 1989 | Gluns_Toews_1989_C1 | Site_1 | Control_1_2,NO3,1987,2,1.8721800917454623,0.05814973402761737,28,2.464740035400239,0.05814973402761734,28,1.2076398455295148e-4,1.2076398455295137e-4
Gluns & Toews; 1989,Gluns_Toews_1989_C1,Site_1,Control_1_2,Gluns & Toews; 1989 | Gluns_Toews_1989_C1 | Site_1 | Control_1_2,NO3,1987,3,2.340474909189405,0.2951029937277206,31,2.9330348528441816,0.29510299372772064,31,0.0028092186099052613,0.002809218609905262
Gluns & Toews; 1989,Gluns_Toews_1989_C1,Site_1,Control_1_2,Gluns & Toews; 1989 | Gluns_Toews_1989_C1 | Site_1 | Control_1_2,NO3,1987,4,3.534103116349307,0.16900024135630384,30,4.126663060004083,0.1690002413563038,30,9.520360526162984e-4,9.520360526162978e-4
Gluns & Toews; 1989,Gluns_Toews_1989_C1,Site_1,Control_1_2,Gluns & Toews; 1989 | Gluns_Toews_1989_C1 | Site_1 | Control_1_2,NO3,1987,5,1.53424674608398,0.7278734887088244,31,2.1268066897387565,0.7278734887088243,31,0.017090316631134035,0.01709031663113403
Gluns & Toews; 1989,Gluns_Toews_1989_C1,Site_1,Control_1_2,Gluns & Toews; 1989 | Gluns_Toews_1989_C1 | Site_1 | Control_1_2,NO3,1987,6,0.3288016609306604,0.2263511253024969,18,0.921361604585437,0.2263511253024969,18,0.0028463795514281475,0.0028463795514281475
Gluns & Toews; 1989,Gluns_Toews_1989_C1,Site_1,Control_1_2,Gluns & Toews; 1989 | Gluns_Toews_1989_C1 | Site_1 | Control_1_2,NO3,1987,7,1.0333244059403732,NA,1,1.6258843495951498,NA,1,NA,NA
Gluns & Toews; 1989,Gluns_Toews_1989_C1,Site_1,Control_1_2,Gluns & Toews; 1989 | Gluns_Toews_1989_C1 | Site_1 | Control_1_2,NO3,1987,9,0.5225500113175585,0.058144242514415086,17,1.1151099549723353,0.05814424251441511,17,1.988678198573597e-4,1.9886781985735988e-4
Gluns & Toews; 1989,Gluns_Toews_1989_C1,Site_1,Control_1_2,Gluns & Toews; 1989 | Gluns_Toews_1989_C1 | Site_1 | Control_1_2,NO3,1987,10,0.5552691412994447,0.15854495282573797,31,1.1478290849542214,0.158544952825738,31,8.108549053714671e-4,8.108549053714673e-4
Gluns & Toews; 1989,Gluns_Toews_1989_C1,Site_1,Control_1_2,Gluns & Toews; 1989 | Gluns_Toews_1989_C1 | Site_1 | Control_1_2,NO3,1987,11,0.9928027601057999,0.07938059630115903,28,1.5853627037605766,0.07938059630115903,28,2.2504568104027078e-4,2.2504568104027078e-4
Gluns & Toews; 1989,Gluns_Toews_1989_C1,Site_1,Control_1_2,Gluns & Toews; 1989 | Gluns_Toews_1989_C1 | Site_1 | Control_1_2,NO3,1988,3,1.0903444549304033,0.2650303605713347,18,1.68290439858518,0.26503036057133467,18,0.0039022828902539834,0.0039022828902539816
Gluns & Toews; 1989,Gluns_Toews_1989_C1,Site_1,Control_1_2,Gluns & Toews; 1989 | Gluns_Toews_1989_C1 | Site_1 | Control_1_2,NO3,1988,4,2.584155373529465,0.4591313938841001,30,3.1767153171842417,0.4591313938841001,30,0.00702672122833189,0.00702672122833189
Gluns & Toews; 1989,Gluns_Toews_1989_C1,Site_1,Control_1_2,Gluns & Toews; 1989 | Gluns_Toews_1989_C1 | Site_1 | Control_1_2,NO3,1988,5,1.5406718048412544,0.7562082481363227,31,2.1332317484960313,0.7562082481363227,31,0.018446803695142136,0.018446803695142136
Gluns & Toews; 1989,Gluns_Toews_1989_C1,Site_1,Control_1_2,Gluns & Toews; 1989 | Gluns_Toews_1989_C1 | Site_1 | Control_1_2,NO3,1988,6,0.02051022628127308,0.20891294033729904,5,0.6130701699360498,0.20891294033729915,5,0.008728923328075174,0.008728923328075183
Gluns & Toews; 1989,Gluns_Toews_1989_C1,Site_1,Control_1_2,Gluns & Toews; 1989 | Gluns_Toews_1989_C1 | Site_1 | Control_1_2,NO3,1988,7,-0.26432917975295744,0.08012313922722133,4,0.32823076390181927,0.08012313922722139,4,0.0016049293599061736,0.0016049293599061758
Gluns & Toews; 1989,Gluns_Toews_1989_C1,Site_1,Control_1_2,Gluns & Toews; 1989 | Gluns_Toews_1989_C1 | Site_1 | Control_1_2,NO3,1988,8,0.17117204448418266,0.12565947652601872,31,0.7637319881389594,0.1256594765260187,31,5.093646464771952e-4,5.09364646477195e-4
Gluns & Toews; 1989,Gluns_Toews_1989_C1,Site_1,Control_1_2,Gluns & Toews; 1989 | Gluns_Toews_1989_C1 | Site_1 | Control_1_2,NO3,1988,9,0.1454839111140631,0.14597085241826388,30,0.7380438547688397,0.14597085241826388,30,7.102496585238191e-4,7.102496585238191e-4
Gluns & Toews; 1989,Gluns_Toews_1989_C1,Site_1,Control_1_2,Gluns & Toews; 1989 | Gluns_Toews_1989_C1 | Site_1 | Control_1_2,NO3,1988,10,-0.2373405465792064,0.03946073880029113,3,0.35521939707557026,0.0394607388002912,3,5.190499688882672e-4,5.19049968888269e-4
Gluns & Toews; 1989,Gluns_Toews_1989_C2,Site_2,Control_1_2,Gluns & Toews; 1989 | Gluns_Toews_1989_C2 | Site_2 | Control_1_2,NO3,1985,9,1.084122679092929,0.017485007261709914,23,1.1754724576811568,0.01748500726170992,23,1.329241212791515e-5,1.3292412127915161e-5
Gluns & Toews; 1989,Gluns_Toews_1989_C2,Site_2,Control_1_2,Gluns & Toews; 1989 | Gluns_Toews_1989_C2 | Site_2 | Control_1_2,NO3,1985,10,1.4281112159743754,0.22366134833760382,31,1.5194609945626032,0.22366134833760387,31,0.0016136902819417725,0.0016136902819417736
Gluns & Toews; 1989,Gluns_Toews_1989_C2,Site_2,Control_1_2,Gluns & Toews; 1989 | Gluns_Toews_1989_C2 | Site_2 | Control_1_2,NO3,1985,11,1.7808793287349696,0.050947993932055305,30,1.8722291073231974,0.05094799393205529,30,8.652326952335814e-5,8.65232695233581e-5
Gluns & Toews; 1989,Gluns_Toews_1989_C2,Site_2,Control_1_2,Gluns & Toews; 1989 | Gluns_Toews_1989_C2 | Site_2 | Control_1_2,NO3,1985,12,1.6535267477915392,0.01890046367231902,8,1.744876526379767,0.018900463672319057,8,4.4653440878581365e-5,4.465344087858155e-5
Gluns & Toews; 1989,Gluns_Toews_1989_C2,Site_2,Control_1_2,Gluns & Toews; 1989 | Gluns_Toews_1989_C2 | Site_2 | Control_1_2,NO3,1986,3,2.5702071027936055,0.14875313697990597,23,2.6615568813818333,0.148753136979906,23,9.620650331027247e-4,9.620650331027251e-4
Gluns & Toews; 1989,Gluns_Toews_1989_C2,Site_2,Control_1_2,Gluns & Toews; 1989 | Gluns_Toews_1989_C2 | Site_2 | Control_1_2,NO3,1986,4,2.550908454787696,0.2798719668964519,30,2.642258233375924,0.2798719668964519,30,0.002610943928482955,0.002610943928482955
Gluns & Toews; 1989,Gluns_Toews_1989_C2,Site_2,Control_1_2,Gluns & Toews; 1989 | Gluns_Toews_1989_C2 | Site_2 | Control_1_2,NO3,1986,5,1.365521727128609,0.48480579446702526,31,1.4568715057168369,0.48480579446702526,31,0.007581827688671082,0.007581827688671082
Gluns & Toews; 1989,Gluns_Toews_1989_C2,Site_2,Control_1_2,Gluns & Toews; 1989 | Gluns_Toews_1989_C2 | Site_2 | Control_1_2,NO3,1986,6,0.21077651860616678,0.2707535423618021,30,0.30212629719439466,0.2707535423618021,30,0.002443582690048805,0.002443582690048805
Gluns & Toews; 1989,Gluns_Toews_1989_C2,Site_2,Control_1_2,Gluns & Toews; 1989 | Gluns_Toews_1989_C2 | Site_2 | Control_1_2,NO3,1986,7,0.20584262974404813,0.1811039125414124,31,0.297192408332276,0.1811039125414124,31,0.0010580202302518564,0.0010580202302518564
Gluns & Toews; 1989,Gluns_Toews_1989_C2,Site_2,Control_1_2,Gluns & Toews; 1989 | Gluns_Toews_1989_C2 | Site_2 | Control_1_2,NO3,1986,8,0.5476064206839333,0.07585296313869286,31,0.6389561992721612,0.07585296313869283,31,1.856023231264483e-4,1.8560232312644817e-4
Gluns & Toews; 1989,Gluns_Toews_1989_C2,Site_2,Control_1_2,Gluns & Toews; 1989 | Gluns_Toews_1989_C2 | Site_2 | Control_1_2,NO3,1986,9,1.078355222091962,0.1917739285094718,30,1.1697050006801901,0.1917739285094718,30,0.0012259079885318666,0.0012259079885318666
Gluns & Toews; 1989,Gluns_Toews_1989_C2,Site_2,Control_1_2,Gluns & Toews; 1989 | Gluns_Toews_1989_C2 | Site_2 | Control_1_2,NO3,1986,10,1.4283914883275945,0.026342111569920387,5,1.5197412669158223,0.02634211156992049,5,1.3878136839242668e-4,1.387813683924278e-4
Gluns & Toews; 1989,Gluns_Toews_1989_C2,Site_2,Control_1_2,Gluns & Toews; 1989 | Gluns_Toews_1989_C2 | Site_2 | Control_1_2,NO3,1986,11,1.9101897152094667,0.007057936485021408,8,2.0015394937976945,0.007057936485021408,8,6.226808428324544e-6,6.226808428324544e-6
Gluns & Toews; 1989,Gluns_Toews_1989_C2,Site_2,Control_1_2,Gluns & Toews; 1989 | Gluns_Toews_1989_C2 | Site_2 | Control_1_2,NO3,1986,12,1.932979476270423,0.006898904360275145,8,2.024329254858651,0.006898904360275106,8,5.949360171527926e-6,5.949360171527858e-6
Gluns & Toews; 1989,Gluns_Toews_1989_C2,Site_2,Control_1_2,Gluns & Toews; 1989 | Gluns_Toews_1989_C2 | Site_2 | Control_1_2,NO3,1987,2,2.1068004585784554,0.08638980512585587,12,2.1981502371666832,0.08638980512585592,12,6.219332024736127e-4,6.219332024736136e-4
Gluns & Toews; 1989,Gluns_Toews_1989_C2,Site_2,Control_1_2,Gluns & Toews; 1989 | Gluns_Toews_1989_C2 | Site_2 | Control_1_2,NO3,1987,3,2.5682528504806954,0.25074011172912897,31,2.6596026290689236,0.25074011172912897,31,0.002028083988062454,0.002028083988062454
Gluns & Toews; 1989,Gluns_Toews_1989_C2,Site_2,Control_1_2,Gluns & Toews; 1989 | Gluns_Toews_1989_C2 | Site_2 | Control_1_2,NO3,1987,4,3.5929531017331593,0.18658003869042214,30,3.684302880321387,0.1865800386904221,30,0.0011604036945906473,0.001160403694590647
Gluns & Toews; 1989,Gluns_Toews_1989_C2,Site_2,Control_1_2,Gluns & Toews; 1989 | Gluns_Toews_1989_C2 | Site_2 | Control_1_2,NO3,1987,5,1.8310083274048927,0.46784975649138505,31,1.9223581059931205,0.467849756491385,31,0.0070607546660983326,0.00706075466609833
Gluns & Toews; 1989,Gluns_Toews_1989_C2,Site_2,Control_1_2,Gluns & Toews; 1989 | Gluns_Toews_1989_C2 | Site_2 | Control_1_2,NO3,1987,6,0.8754199968321915,0.11274401933290658,30,0.9667697754204194,0.11274401933290655,30,4.237071298446271e-4,4.2370712984462686e-4
Gluns & Toews; 1989,Gluns_Toews_1989_C2,Site_2,Control_1_2,Gluns & Toews; 1989 | Gluns_Toews_1989_C2 | Site_2 | Control_1_2,NO3,1987,7,0.6117783020598014,0.1673595215924852,30,0.7031280806480293,0.1673595215924852,30,9.336403155888509e-4,9.336403155888509e-4
Gluns & Toews; 1989,Gluns_Toews_1989_C2,Site_2,Control_1_2,Gluns & Toews; 1989 | Gluns_Toews_1989_C2 | Site_2 | Control_1_2,NO3,1987,9,1.3194100341689476,0.03503840303113752,17,1.4107598127571754,0.03503840303113746,17,7.221704041014275e-5,7.221704041014253e-5
Gluns & Toews; 1989,Gluns_Toews_1989_C2,Site_2,Control_1_2,Gluns & Toews; 1989 | Gluns_Toews_1989_C2 | Site_2 | Control_1_2,NO3,1987,10,1.256683980939266,0.035584234779082013,31,1.348033759527494,0.03558423477908203,31,4.084637951009129e-5,4.084637951009132e-5
Gluns & Toews; 1989,Gluns_Toews_1989_C2,Site_2,Control_1_2,Gluns & Toews; 1989 | Gluns_Toews_1989_C2 | Site_2 | Control_1_2,NO3,1987,11,1.508021362844518,0.11436341461260262,28,1.599371141432746,0.11436341461260258,28,4.671068072090732e-4,4.6710680720907287e-4
Gluns & Toews; 1989,Gluns_Toews_1989_C2,Site_2,Control_1_2,Gluns & Toews; 1989 | Gluns_Toews_1989_C2 | Site_2 | Control_1_2,NO3,1988,1,1.7766904292628642,0.004799106267717491,2,1.8680402078510923,0.004799106267717334,2,1.1515710484422652e-5,1.1515710484421898e-5
Gluns & Toews; 1989,Gluns_Toews_1989_C2,Site_2,Control_1_2,Gluns & Toews; 1989 | Gluns_Toews_1989_C2 | Site_2 | Control_1_2,NO3,1988,2,1.8753972077355225,0.052384896094596387,29,1.9667469863237506,0.0523848960945964,29,9.462680478764344e-5,9.46268047876435e-5
Gluns & Toews; 1989,Gluns_Toews_1989_C2,Site_2,Control_1_2,Gluns & Toews; 1989 | Gluns_Toews_1989_C2 | Site_2 | Control_1_2,NO3,1988,3,2.185788920258726,0.18271144692202435,31,2.277138698846954,0.18271144692202435,31,0.0010768862205270877,0.0010768862205270877
Gluns & Toews; 1989,Gluns_Toews_1989_C2,Site_2,Control_1_2,Gluns & Toews; 1989 | Gluns_Toews_1989_C2 | Site_2 | Control_1_2,NO3,1988,4,2.794272716102692,0.12830320666290565,20,2.88562249469092,0.12830320666290568,20,8.230856419992139e-4,8.230856419992142e-4
Gluns & Toews; 1989,Gluns_Toews_1989_C2,Site_2,Control_1_2,Gluns & Toews; 1989 | Gluns_Toews_1989_C2 | Site_2 | Control_1_2,NO3,1988,6,0.8526418819245304,0.21843894977867379,29,0.9439916605127583,0.21843894977867379,29,0.0016453646476003439,0.0016453646476003439
Gluns & Toews; 1989,Gluns_Toews_1989_C2,Site_2,Control_1_2,Gluns & Toews; 1989 | Gluns_Toews_1989_C2 | Site_2 | Control_1_2,NO3,1988,7,0.04364964481307156,0.19953242631949508,8,0.13499942340129945,0.19953242631949514,8,0.0049766486441180915,0.004976648644118094
Gluns & Toews; 1989,Gluns_Toews_1989_C2,Site_2,Control_1_2,Gluns & Toews; 1989 | Gluns_Toews_1989_C2 | Site_2 | Control_1_2,NO3,1988,9,1.042493214256302,0.002104736797782357,22,1.1338429928445297,0.0021047367977823587,22,2.013598630881423e-7,2.013598630881426e-7
Gluns & Toews; 1989,Gluns_Toews_1989_C2,Site_2,Control_1_2,Gluns & Toews; 1989 | Gluns_Toews_1989_C2 | Site_2 | Control_1_2,NO3,1988,10,1.0470665633840865,4.480798770195357e-4,3,1.1384163419723146,4.480798770196462e-4,3,6.692519206328074e-8,6.692519206331375e-8
Hauer & Spencer 1998,Hauer_Spencer_1998_C1,Site_1,Control_1,Hauer & Spencer 1998 | Hauer_Spencer_1998_C1 | Site_1 | Control_1,NO3,1989,5,2.519831024407016,0.011969901236664247,24,2.7826155452370696,0.011969901236664249,24,5.9699389839790116e-06,5.969938983979013e-6
Hauer & Spencer 1998,Hauer_Spencer_1998_C1,Site_1,Control_1,Hauer & Spencer 1998 | Hauer_Spencer_1998_C1 | Site_1 | Control_1,NO3,1991,7,-0.2762309528734763,7.356138849316857e-4,20,-0.013446432043422673,7.35613884931701e-4,20,2.7056389385214368e-08,2.7056389385215496e-8
Hauer & Spencer 1998,Hauer_Spencer_1998_C1,Site_1,Control_1,Hauer & Spencer 1998 | Hauer_Spencer_1998_C1 | Site_1 | Control_1,NO3,1993,5,-0.38172026617323257,0.24201009749877836,19,-0.11893574534317894,0.24201009749877836,19,0.003082573015335169,0.003082573015335169
Hauer & Spencer 1998,Hauer_Spencer_1998_C1,Site_1,Control_1,Hauer & Spencer 1998 | Hauer_Spencer_1998_C1 | Site_1 | Control_1,NO3,1993,6,-0.8188682032684967,0.15496908986078184,30,-0.5560836824384431,0.1549690898607818,30,8.005139604093026e-4,8.005139604093022e-4
Hauer & Spencer 1998,Hauer_Spencer_1998_C1,Site_1,Control_1,Hauer & Spencer 1998 | Hauer_Spencer_1998_C1 | Site_1 | Control_1,NO3,1993,7,-0.2119762229790648,0.2272633766008052,21,0.05080829785098886,0.22726337660080523,21,0.0024594591592380674,0.002459459159238068
Hauer & Spencer 1998,Hauer_Spencer_1998_C2,Site_2,Control_2,Hauer & Spencer 1998 | Hauer_Spencer_1998_C2 | Site_2 | Control_2,NO3,1989,5,0.8094199334499694,0.2535857292873179,25,2.0051872899784953,0.25358572928731793,25,0.0025722288839272345,0.0025722288839272354
Hauer & Spencer 1998,Hauer_Spencer_1998_C2,Site_2,Control_2,Hauer & Spencer 1998 | Hauer_Spencer_1998_C2 | Site_2 | Control_2,NO3,1991,6,0.9308787693460849,0.05163842560217486,4,2.1266461258746103,0.05163842560217492,4,6.66631749667837e-4,6.666317496678387e-4
Hauer & Spencer 1998,Hauer_Spencer_1998_C2,Site_2,Control_2,Hauer & Spencer 1998 | Hauer_Spencer_1998_C2 | Site_2 | Control_2,NO3,1991,7,1.4467303415884876,0.28851219982328163,17,2.642497698117013,0.2885121998232816,17,0.004896428790992305,0.004896428790992303
Hauer & Spencer 1998,Hauer_Spencer_1998_C2,Site_2,Control_2,Hauer & Spencer 1998 | Hauer_Spencer_1998_C2 | Site_2 | Control_2,NO3,1993,3,1.2772969305747743,0.045487807824618545,29,2.4730642871032997,0.04548780782461854,29,7.134967795480786e-5,7.134967795480784e-5
Hauer & Spencer 1998,Hauer_Spencer_1998_C2,Site_2,Control_2,Hauer & Spencer 1998 | Hauer_Spencer_1998_C2 | Site_2 | Control_2,NO3,1993,4,1.2978707170240518,0.06870274686107825,30,2.493638073552577,0.06870274686107825,30,1.5733558087524657e-4,1.5733558087524657e-4
Hauer & Spencer 1998,Hauer_Spencer_1998_C2,Site_2,Control_2,Hauer & Spencer 1998 | Hauer_Spencer_1998_C2 | Site_2 | Control_2,NO3,1993,5,1.6856781922730382,0.18082497069908154,9,2.881445548801564,0.1808249706990814,9,0.0036330744475915216,0.0036330744475915164
Hauer & Spencer 1998,Hauer_Spencer_1998_C3,Site_3,Control_3_4_5,Hauer & Spencer 1998 | Hauer_Spencer_1998_C3 | Site_3 | Control_3_4_5,NO3,1989,5,2.466047759789829,0.47824050884480096,25,3.27540411436994,0.47824050884480096,25,0.009148559372005366,0.009148559372005366
Hauer & Spencer 1998,Hauer_Spencer_1998_C3,Site_3,Control_3_4_5,Hauer & Spencer 1998 | Hauer_Spencer_1998_C3 | Site_3 | Control_3_4_5,NO3,1989,6,0.12938958440653006,NA,1,0.938745938986641,NA,1,NA,NA
Hauer & Spencer 1998,Hauer_Spencer_1998_C3,Site_3,Control_3_4_5,Hauer & Spencer 1998 | Hauer_Spencer_1998_C3 | Site_3 | Control_3_4_5,NO3,1990,4,2.325420130803567,0.1548685311708501,24,3.134776485383678,0.15486853117085,24,9.993442477923568e-4,9.993442477923557e-4
Hauer & Spencer 1998,Hauer_Spencer_1998_C3,Site_3,Control_3_4_5,Hauer & Spencer 1998 | Hauer_Spencer_1998_C3 | Site_3 | Control_3_4_5,NO3,1990,5,1.6946017893016416,0.3662845530797398,31,2.5039581438817526,0.3662845530797397,31,0.004327883026607249,0.004327883026607247
Hauer & Spencer 1998,Hauer_Spencer_1998_C3,Site_3,Control_3_4_5,Hauer & Spencer 1998 | Hauer_Spencer_1998_C3 | Site_3 | Control_3_4_5,NO3,1990,6,1.7785125268556679,0.5083107305963347,30,2.587868881435779,0.5083107305963348,30,0.008612659961312653,0.008612659961312656
Hauer & Spencer 1998,Hauer_Spencer_1998_C3,Site_3,Control_3_4_5,Hauer & Spencer 1998 | Hauer_Spencer_1998_C3 | Site_3 | Control_3_4_5,NO3,1990,7,0.5805998280047473,0.34208113555978786,15,1.3899561825848583,0.34208113555978786,15,0.007801300220391597,0.007801300220391597
Hauer & Spencer 1998,Hauer_Spencer_1998_C3,Site_3,Control_3_4_5,Hauer & Spencer 1998 | Hauer_Spencer_1998_C3 | Site_3 | Control_3_4_5,NO3,1991,5,2.5726327324398874,0.004847610276794782,6,3.3819890870199982,0.004847610276794923,6,3.916554232614397e-6,3.916554232614626e-6
Hauer & Spencer 1998,Hauer_Spencer_1998_C3,Site_3,Control_3_4_5,Hauer & Spencer 1998 | Hauer_Spencer_1998_C3 | Site_3 | Control_3_4_5,NO3,1991,6,2.4905245784930594,0.13206520876959282,13,3.29988093307317,0.13206520876959274,13,0.0013416322590273952,0.0013416322590273934
Hauer & Spencer 1998,Hauer_Spencer_1998_C3,Site_3,Control_3_4_5,Hauer & Spencer 1998 | Hauer_Spencer_1998_C3 | Site_3 | Control_3_4_5,NO3,1993,5,1.4332460494972996,0.9397862204732722,16,2.242602404077411,0.9397862204732723,16,0.055199883761964864,0.05519988376196488
Hauer & Spencer 1998,Hauer_Spencer_1998_C3,Site_3,Control_3_4_5,Hauer & Spencer 1998 | Hauer_Spencer_1998_C3 | Site_3 | Control_3_4_5,NO3,1993,6,3.1555653220151783,1.2572702049859221,30,3.964921676595289,1.2572702049859221,30,0.05269094561151142,0.05269094561151142
Hauer & Spencer 1998,Hauer_Spencer_1998_C3,Site_3,Control_3_4_5,Hauer & Spencer 1998 | Hauer_Spencer_1998_C3 | Site_3 | Control_3_4_5,NO3,1993,7,2.889341820044491,1.135953210271085,25,3.6986981746246017,1.135953210271085,25,0.05161558783700735,0.05161558783700735
Hauer & Spencer 1998,Hauer_Spencer_1998_C4,Site_4,Control_3_4_5,Hauer & Spencer 1998 | Hauer_Spencer_1998_C4 | Site_4 | Control_3_4_5,NO3,1991,5,2.4084945535216193,0.09609727298539271,8,3.0125673543776808,0.09609727298539272,8,0.0011543357344036358,0.0011543357344036363
Hauer & Spencer 1998,Hauer_Spencer_1998_C4,Site_4,Control_3_4_5,Hauer & Spencer 1998 | Hauer_Spencer_1998_C4 | Site_4 | Control_3_4_5,NO3,1991,6,2.689843516774961,0.12912813249794847,13,3.2939163176310218,0.12912813249794855,13,0.0012826211232621334,0.0012826211232621352
Hauer & Spencer 1998,Hauer_Spencer_1998_C4,Site_4,Control_3_4_5,Hauer & Spencer 1998 | Hauer_Spencer_1998_C4 | Site_4 | Control_3_4_5,NO3,1993,4,-0.6438258232142302,0.02585632590025287,2,-0.039753022358169014,0.02585632590025299,2,3.342747945300437e-4,3.342747945300468e-4
Hauer & Spencer 1998,Hauer_Spencer_1998_C4,Site_4,Control_3_4_5,Hauer & Spencer 1998 | Hauer_Spencer_1998_C4 | Site_4 | Control_3_4_5,NO3,1993,5,-1.0528242019315983,0.41537012793174405,31,-0.4487514010755372,0.4153701279317441,31,0.005565559457355917,0.005565559457355918
Hauer & Spencer 1998,Hauer_Spencer_1998_C4,Site_4,Control_3_4_5,Hauer & Spencer 1998 | Hauer_Spencer_1998_C4 | Site_4 | Control_3_4_5,NO3,1993,6,2.949790268373337,1.3148190316786876,30,3.5538630692293984,1.3148190316786876,30,0.057624969535482726,0.057624969535482726
Hauer & Spencer 1998,Hauer_Spencer_1998_C4,Site_4,Control_3_4_5,Hauer & Spencer 1998 | Hauer_Spencer_1998_C4 | Site_4 | Control_3_4_5,NO3,1993,7,3.844798576026435,0.5286255081113422,7,4.448871376882496,0.5286255081113422,7,0.03992070397513925,0.03992070397513925
Hauer & Spencer 1998,Hauer_Spencer_1998_C5,Site_5,Control_3_4_5,Hauer & Spencer 1998 | Hauer_Spencer_1998_C5 | Site_5 | Control_3_4_5,NO3,1989,4,2.8476656078699114,0.028813245038289633,29,3.405487391075217,0.028813245038289647,29,2.862769274608697e-5,2.8627692746086998e-5
Hauer & Spencer 1998,Hauer_Spencer_1998_C5,Site_5,Control_3_4_5,Hauer & Spencer 1998 | Hauer_Spencer_1998_C5 | Site_5 | Control_3_4_5,NO3,1989,5,2.5636217721938066,0.338491980469819,31,3.1214435553991122,0.338491980469819,31,0.0036960264787864617,0.0036960264787864617
Hauer & Spencer 1998,Hauer_Spencer_1998_C5,Site_5,Control_3_4_5,Hauer & Spencer 1998 | Hauer_Spencer_1998_C5 | Site_5 | Control_3_4_5,NO3,1990,5,2.0474369185436028,0.24382713813018658,13,2.6052587017489084,0.24382713813018658,13,0.004573205637596699,0.004573205637596699
Hauer & Spencer 1998,Hauer_Spencer_1998_C5,Site_5,Control_3_4_5,Hauer & Spencer 1998 | Hauer_Spencer_1998_C5 | Site_5 | Control_3_4_5,NO3,1990,6,2.615526373032171,0.19106979962971288,6,3.1733481562374766,0.19106979962971288,6,0.006084611388423104,0.006084611388423104
Hauer & Spencer 1998,Hauer_Spencer_1998_C5,Site_5,Control_3_4_5,Hauer & Spencer 1998 | Hauer_Spencer_1998_C5 | Site_5 | Control_3_4_5,NO3,1991,6,2.4965759490770547,0.11855904136597012,14,3.0543977322823603,0.11855904136597008,14,0.001004017592115558,0.0010040175921155574
Hickenbottom et al. 2023,Hickenbottom_et_al_2023_C1,Site_1,Control_1,Hickenbottom et al. 2023 | Hickenbottom_et_al_2023_C1 | Site_1 | Control_1,DOC,2022,7,0.7623091835487513,0.07548945288586233,29,0.14821663663450085,0.07548945288586231,29,1.9650543093126995e-4,1.9650543093126984e-4
Hickenbottom et al. 2023,Hickenbottom_et_al_2023_C1,Site_1,Control_1,Hickenbottom et al. 2023 | Hickenbottom_et_al_2023_C1 | Site_1 | Control_1,DOC,2022,8,0.7098004303434157,0.1901133557687788,31,0.09570788342916524,0.19011335576877886,31,0.0011659060658602018,0.0011659060658602025
Hickenbottom et al. 2023,Hickenbottom_et_al_2023_C1,Site_1,Control_1,Hickenbottom et al. 2023 | Hickenbottom_et_al_2023_C1 | Site_1 | Control_1,DOC,2022,9,0.9569465824844834,0.09291576532501188,20,0.3428540355702329,0.09291576532501185,20,4.31666972296634e-4,4.3166697229663376e-4
Hickenbottom et al. 2023,Hickenbottom_et_al_2023_C1,Site_1,Control_1,Hickenbottom et al. 2023 | Hickenbottom_et_al_2023_C1 | Site_1 | Control_1,NO3,2022,7,-1.458068455246715,0.5976958931764834,13,-2.072161002160965,0.5976958931764834,13,0.027480029286156483,0.027480029286156483
Hickenbottom et al. 2023,Hickenbottom_et_al_2023_C1,Site_1,Control_1,Hickenbottom et al. 2023 | Hickenbottom_et_al_2023_C1 | Site_1 | Control_1,NO3,2022,8,1.4965487844828655,1.3113549242013594,31,0.8824562375686154,1.3113549242013594,31,0.05547263668474687,0.05547263668474687
Hickenbottom et al. 2023,Hickenbottom_et_al_2023_C1,Site_1,Control_1,Hickenbottom et al. 2023 | Hickenbottom_et_al_2023_C1 | Site_1 | Control_1,NO3,2022,9,1.0591154299130845,0.6207409896988807,20,0.4450228829988341,0.6207409896988807,20,0.019265968814617295,0.019265968814617295
Hickenbottom et al. 2023,Hickenbottom_et_al_2023_C2,Site_2,Control_2,Hickenbottom et al. 2023 | Hickenbottom_et_al_2023_C2 | Site_2 | Control_2,DOC,2022,9,0.8332892368696152,0.25623317796730466,4,0.25974572707899857,0.2562331779673047,4,0.016413860372806104,0.01641386037280611
Hickenbottom et al. 2023,Hickenbottom_et_al_2023_C2,Site_2,Control_2,Hickenbottom et al. 2023 | Hickenbottom_et_al_2023_C2 | Site_2 | Control_2,NO3,2022,9,-0.6608779199911599,1.8173100064290557,2,-1.2344214297817762,1.8173100064290555,2,1.6513078297335873,1.6513078297335868
Mast & Clow; 2008,Mast_Clow_2008_C1,Site_1,Control_1,Mast & Clow; 2008 | Mast_Clow_2008_C1 | Site_1 | Control_1,DOC,2004,3,0.17167147282102024,0.17124138987758028,15,-0.5403244332975925,0.17124138987758028,15,0.001954907573813697,0.001954907573813697
Mast & Clow; 2008,Mast_Clow_2008_C1,Site_1,Control_1,Mast & Clow; 2008 | Mast_Clow_2008_C1 | Site_1 | Control_1,DOC,2004,4,0.23056546525278673,0.3512346972706403,30,-0.48143044086582604,0.3512346972706403,30,0.004112193752226611,0.004112193752226611
Mast & Clow; 2008,Mast_Clow_2008_C1,Site_1,Control_1,Mast & Clow; 2008 | Mast_Clow_2008_C1 | Site_1 | Control_1,DOC,2004,5,0.3328082077815108,0.28274355149419683,31,-0.3791876983371019,0.2827435514941969,31,0.0025788359971468237,0.0025788359971468246
Mast & Clow; 2008,Mast_Clow_2008_C1,Site_1,Control_1,Mast & Clow; 2008 | Mast_Clow_2008_C1 | Site_1 | Control_1,DOC,2004,6,0.45472039928606567,0.08442274851877657,30,-0.25727550683254713,0.08442274851877657,30,2.3757334891548638e-4,2.3757334891548638e-4
Mast & Clow; 2008,Mast_Clow_2008_C1,Site_1,Control_1,Mast & Clow; 2008 | Mast_Clow_2008_C1 | Site_1 | Control_1,DOC,2004,7,0.6129125989376449,0.0766014172066008,31,-0.09908330718096788,0.07660141720660077,31,1.8928313284063603e-4,1.892831328406359e-4
Mast & Clow; 2008,Mast_Clow_2008_C1,Site_1,Control_1,Mast & Clow; 2008 | Mast_Clow_2008_C1 | Site_1 | Control_1,DOC,2004,8,0.42752520740586186,0.07279520698320012,2,-0.28447069871275077,0.07279520698320016,2,0.0026495710798634738,0.002649571079863477
Mast & Clow; 2008,Mast_Clow_2008_C1,Site_1,Control_1,Mast & Clow; 2008 | Mast_Clow_2008_C1 | Site_1 | Control_1,DOC,2005,4,0.54419076966543,0.027599759406049675,20,-0.1678051364531828,0.027599759406049668,20,3.8087335963591375e-5,3.8087335963591355e-5
Mast & Clow; 2008,Mast_Clow_2008_C1,Site_1,Control_1,Mast & Clow; 2008 | Mast_Clow_2008_C1 | Site_1 | Control_1,DOC,2005,5,0.5714596376525655,0.07757119375325348,31,-0.14053626846604733,0.07757119375325348,31,1.9410613226789652e-4,1.9410613226789652e-4
Mast & Clow; 2008,Mast_Clow_2008_C1,Site_1,Control_1,Mast & Clow; 2008 | Mast_Clow_2008_C1 | Site_1 | Control_1,DOC,2005,6,0.5769888139176109,0.021503757266083456,30,-0.13500709220100185,0.02150375726608348,30,1.5413719218621233e-5,1.5413719218621267e-5
Mast & Clow; 2008,Mast_Clow_2008_C1,Site_1,Control_1,Mast & Clow; 2008 | Mast_Clow_2008_C1 | Site_1 | Control_1,DOC,2005,7,0.5601157532964416,0.09601177978052762,31,-0.15188015282217118,0.09601177978052762,31,2.973632856975655e-4,2.973632856975655e-4
Mast & Clow; 2008,Mast_Clow_2008_C1,Site_1,Control_1,Mast & Clow; 2008 | Mast_Clow_2008_C1 | Site_1 | Control_1,DOC,2005,8,0.7095680510076707,0.15848742325014292,31,-0.0024278551109420225,0.15848742325014292,31,8.102665589829014e-4,8.102665589829014e-4
Mast & Clow; 2008,Mast_Clow_2008_C1,Site_1,Control_1,Mast & Clow; 2008 | Mast_Clow_2008_C1 | Site_1 | Control_1,DOC,2005,9,1.3566056409789404,0.2013222043525039,30,0.6446097348603277,0.20132220435250386,30,0.0013510209988450447,0.001351020998845044
Mast & Clow; 2008,Mast_Clow_2008_C1,Site_1,Control_1,Mast & Clow; 2008 | Mast_Clow_2008_C1 | Site_1 | Control_1,DOC,2005,10,0.8055218434179497,0.16616613674193845,31,0.09352593729933702,0.16616613674193845,31,8.90683387088406e-4,8.90683387088406e-4
Mast & Clow; 2008,Mast_Clow_2008_C1,Site_1,Control_1,Mast & Clow; 2008 | Mast_Clow_2008_C1 | Site_1 | Control_1,DOC,2005,11,0.5000060747654185,0.07077242998940254,17,-0.21198983135319427,0.07077242998940252,17,2.946315792120521e-4,2.946315792120518e-4
Mast & Clow; 2008,Mast_Clow_2008_C1,Site_1,Control_1,Mast & Clow; 2008 | Mast_Clow_2008_C1 | Site_1 | Control_1,DOC,2006,1,-0.010407434407621607,0.023556998932620872,21,-0.7224033405262343,0.02355699893262088,21,2.6425342795785757e-5,2.642534279578577e-5
Mast & Clow; 2008,Mast_Clow_2008_C1,Site_1,Control_1,Mast & Clow; 2008 | Mast_Clow_2008_C1 | Site_1 | Control_1,DOC,2006,2,0.013595957170303664,0.14450395394972979,28,-0.6983999489483091,0.14450395394972979,28,7.457640252537724e-4,7.457640252537724e-4
Mast & Clow; 2008,Mast_Clow_2008_C1,Site_1,Control_1,Mast & Clow; 2008 | Mast_Clow_2008_C1 | Site_1 | Control_1,DOC,2006,3,0.3835440410350609,0.04239857941419164,31,-0.32845186508355184,0.04239857941419164,31,5.7988372140048873e-5,5.7988372140048873e-5
Mast & Clow; 2008,Mast_Clow_2008_C1,Site_1,Control_1,Mast & Clow; 2008 | Mast_Clow_2008_C1 | Site_1 | Control_1,DOC,2006,4,0.3671393161863322,0.062134246944717565,30,-0.3448565899322806,0.06213424694471752,30,1.2868882144623814e-4,1.2868882144623795e-4
Mast & Clow; 2008,Mast_Clow_2008_C1,Site_1,Control_1,Mast & Clow; 2008 | Mast_Clow_2008_C1 | Site_1 | Control_1,DOC,2006,5,0.459372592574688,0.10180227368917863,31,-0.25262331354392475,0.10180227368917863,31,3.3431299768665906e-4,3.3431299768665906e-4
Mast & Clow; 2008,Mast_Clow_2008_C1,Site_1,Control_1,Mast & Clow; 2008 | Mast_Clow_2008_C1 | Site_1 | Control_1,DOC,2006,6,0.5839829815794961,0.1869541427109525,30,-0.12801292453911664,0.18695414271095248,30,0.0011650617158929066,0.0011650617158929062
Mast & Clow; 2008,Mast_Clow_2008_C1,Site_1,Control_1,Mast & Clow; 2008 | Mast_Clow_2008_C1 | Site_1 | Control_1,DOC,2006,7,0.33788153876911947,0.17862030546396135,31,-0.3741143673494933,0.17862030546396132,31,0.0010292004362593182,0.0010292004362593176
Mast & Clow; 2008,Mast_Clow_2008_C1,Site_1,Control_1,Mast & Clow; 2008 | Mast_Clow_2008_C1 | Site_1 | Control_1,DOC,2006,8,0.5543684450660903,0.16615124663765024,31,-0.15762746105252243,0.16615124663765024,31,8.905237664272671e-4,8.905237664272671e-4
Mast & Clow; 2008,Mast_Clow_2008_C1,Site_1,Control_1,Mast & Clow; 2008 | Mast_Clow_2008_C1 | Site_1 | Control_1,DOC,2006,9,0.3966802783560864,NA,1,-0.31531562776252636,NA,1,NA,NA
Mast & Clow; 2008,Mast_Clow_2008_C1,Site_1,Control_1,Mast & Clow; 2008 | Mast_Clow_2008_C1 | Site_1 | Control_1,DOC,2007,4,0.7135818986674248,0.028951788795566265,6,0.001585992548812121,0.028951788795566324,6,1.3970101241051272e-4,1.397010124105133e-4
Mast & Clow; 2008,Mast_Clow_2008_C1,Site_1,Control_1,Mast & Clow; 2008 | Mast_Clow_2008_C1 | Site_1 | Control_1,DOC,2007,5,0.6818419635009797,0.06602794478658999,31,-0.03015394261763306,0.06602794478658999,31,1.4063514492712828e-4,1.4063514492712828e-4
Mast & Clow; 2008,Mast_Clow_2008_C1,Site_1,Control_1,Mast & Clow; 2008 | Mast_Clow_2008_C1 | Site_1 | Control_1,DOC,2007,6,0.6745083254558745,0.07177540129205749,30,-0.03748758066273838,0.07177540129205753,30,1.7172360768786296e-4,1.7172360768786315e-4
Mast & Clow; 2008,Mast_Clow_2008_C1,Site_1,Control_1,Mast & Clow; 2008 | Mast_Clow_2008_C1 | Site_1 | Control_1,DOC,2007,7,0.7563197198855164,0.061578615860130914,31,0.044323813766903676,0.06157861586013094,31,1.2232019133063117e-4,1.2232019133063128e-4
Mast & Clow; 2008,Mast_Clow_2008_C1,Site_1,Control_1,Mast & Clow; 2008 | Mast_Clow_2008_C1 | Site_1 | Control_1,DOC,2007,8,0.6028704979689157,0.10294609969408011,25,-0.10912540814969705,0.10294609969408007,25,4.239159776889392e-4,4.239159776889389e-4
Mast & Clow; 2008,Mast_Clow_2008_C1,Site_1,Control_1,Mast & Clow; 2008 | Mast_Clow_2008_C1 | Site_1 | Control_1,NO3,2004,3,2.230691149323011,0.0929526270715519,2,1.518695243204398,0.0929526270715519,2,0.004320095439751501,0.004320095439751501
Mast & Clow; 2008,Mast_Clow_2008_C1,Site_1,Control_1,Mast & Clow; 2008 | Mast_Clow_2008_C1 | Site_1 | Control_1,NO3,2004,4,2.1155386880393587,0.25565790240200875,30,1.403542781920746,0.25565790240200875,30,0.0021786987686865013,0.0021786987686865013
Mast & Clow; 2008,Mast_Clow_2008_C1,Site_1,Control_1,Mast & Clow; 2008 | Mast_Clow_2008_C1 | Site_1 | Control_1,NO3,2004,5,0.8822721288593751,0.3893574178030769,31,0.1702762227407623,0.3893574178030768,31,0.00489029673542838,0.004890296735428378
Mast & Clow; 2008,Mast_Clow_2008_C1,Site_1,Control_1,Mast & Clow; 2008 | Mast_Clow_2008_C1 | Site_1 | Control_1,NO3,2004,6,0.714797988397888,0.18254444144504137,30,0.0028020822792752175,0.1825444414450414,30,0.0011107491034160713,0.0011107491034160716
Mast & Clow; 2008,Mast_Clow_2008_C1,Site_1,Control_1,Mast & Clow; 2008 | Mast_Clow_2008_C1 | Site_1 | Control_1,NO3,2004,7,1.1006713116917735,0.2322840996748778,31,0.3886754055731607,0.23228409967487776,31,0.0017405129987667278,0.0017405129987667274
Mast & Clow; 2008,Mast_Clow_2008_C1,Site_1,Control_1,Mast & Clow; 2008 | Mast_Clow_2008_C1 | Site_1 | Control_1,NO3,2004,8,1.8062364557342272,0.15167901412171278,31,1.0942405496156147,0.1516790141217127,31,7.421459137075723e-4,7.421459137075716e-4
Mast & Clow; 2008,Mast_Clow_2008_C1,Site_1,Control_1,Mast & Clow; 2008 | Mast_Clow_2008_C1 | Site_1 | Control_1,NO3,2004,9,1.9774361816566448,0.1817884549867871,30,1.265440275538032,0.1817884549867871,30,0.001101568078882771,0.001101568078882771
Mast & Clow; 2008,Mast_Clow_2008_C1,Site_1,Control_1,Mast & Clow; 2008 | Mast_Clow_2008_C1 | Site_1 | Control_1,NO3,2004,10,2.074011872654801,0.06284263088792863,29,1.3620159665361882,0.06284263088792859,29,1.3617918127298076e-4,1.3617918127298057e-4
Mast & Clow; 2008,Mast_Clow_2008_C1,Site_1,Control_1,Mast & Clow; 2008 | Mast_Clow_2008_C1 | Site_1 | Control_1,NO3,2004,12,2.0661963206837344,NA,1,1.3542004145651216,NA,1,NA,NA
Mast & Clow; 2008,Mast_Clow_2008_C1,Site_1,Control_1,Mast & Clow; 2008 | Mast_Clow_2008_C1 | Site_1 | Control_1,NO3,2005,2,1.9392322412387624,0.025258545836995862,10,1.2272363351201496,0.02525854583699584,10,6.379941377996211e-5,6.3799413779962e-5
Mast & Clow; 2008,Mast_Clow_2008_C1,Site_1,Control_1,Mast & Clow; 2008 | Mast_Clow_2008_C1 | Site_1 | Control_1,NO3,2005,3,1.7703531357895532,0.06696490013540725,31,1.0583572296709405,0.06696490013540723,31,1.4465476935951823e-4,1.4465476935951818e-4
Mast & Clow; 2008,Mast_Clow_2008_C1,Site_1,Control_1,Mast & Clow; 2008 | Mast_Clow_2008_C1 | Site_1 | Control_1,NO3,2005,4,1.758562948420506,0.026813958321682322,30,1.0465670423018933,0.026813958321682367,30,2.3966278695897222e-5,2.3966278695897303e-5
Mast & Clow; 2008,Mast_Clow_2008_C1,Site_1,Control_1,Mast & Clow; 2008 | Mast_Clow_2008_C1 | Site_1 | Control_1,NO3,2005,5,1.2720176016191993,0.27757094371525554,31,0.5600216955005866,0.2775709437152556,31,0.002485342864354115,0.002485342864354116
Mast & Clow; 2008,Mast_Clow_2008_C1,Site_1,Control_1,Mast & Clow; 2008 | Mast_Clow_2008_C1 | Site_1 | Control_1,NO3,2005,6,0.8115926424846354,0.2134836511638268,30,0.09959673636602263,0.2134836511638268,30,0.0015191756438079497,0.0015191756438079497
Mast & Clow; 2008,Mast_Clow_2008_C1,Site_1,Control_1,Mast & Clow; 2008 | Mast_Clow_2008_C1 | Site_1 | Control_1,NO3,2005,7,0.8650243369554276,0.25215021543237004,31,0.15302843083681475,0.25215021543237004,31,0.0020509590691158265,0.0020509590691158265
Mast & Clow; 2008,Mast_Clow_2008_C1,Site_1,Control_1,Mast & Clow; 2008 | Mast_Clow_2008_C1 | Site_1 | Control_1,NO3,2005,8,1.4979757456517417,0.1449238537700231,31,0.785979839533129,0.14492385377002306,31,6.775136577920981e-4,6.775136577920976e-4
Mast & Clow; 2008,Mast_Clow_2008_C1,Site_1,Control_1,Mast & Clow; 2008 | Mast_Clow_2008_C1 | Site_1 | Control_1,NO3,2005,9,1.1956255609220718,0.2803501019032524,30,0.483629654803459,0.2803501019032523,30,0.002619872654572133,0.0026198726545721323
Mast & Clow; 2008,Mast_Clow_2008_C1,Site_1,Control_1,Mast & Clow; 2008 | Mast_Clow_2008_C1 | Site_1 | Control_1,NO3,2005,10,1.076692355554086,0.08959087929872674,31,0.36469644943547314,0.08959087929872672,31,2.5892018237158137e-4,2.5892018237158126e-4
Mast & Clow; 2008,Mast_Clow_2008_C1,Site_1,Control_1,Mast & Clow; 2008 | Mast_Clow_2008_C1 | Site_1 | Control_1,NO3,2005,11,0.9893441410939522,0.05586001449993948,30,0.2773482349753395,0.05586001449993947,30,1.0401137399778161e-4,1.040113739977816e-4
Mast & Clow; 2008,Mast_Clow_2008_C1,Site_1,Control_1,Mast & Clow; 2008 | Mast_Clow_2008_C1 | Site_1 | Control_1,NO3,2005,12,0.9988884983498206,0.044001355784370734,31,0.28689259223120794,0.04400135578437072,31,6.245546164073471e-5,6.245546164073467e-5
Mast & Clow; 2008,Mast_Clow_2008_C1,Site_1,Control_1,Mast & Clow; 2008 | Mast_Clow_2008_C1 | Site_1 | Control_1,NO3,2006,1,1.359182763272727,0.14598118370082053,31,0.6471868571541141,0.14598118370082053,31,6.874356772481519e-4,6.874356772481519e-4
Mast & Clow; 2008,Mast_Clow_2008_C1,Site_1,Control_1,Mast & Clow; 2008 | Mast_Clow_2008_C1 | Site_1 | Control_1,NO3,2006,2,1.5345334697043123,0.021249238171968356,28,0.8225375635856995,0.021249238171968363,28,1.6126075817465612e-5,1.6126075817465622e-5
Mast & Clow; 2008,Mast_Clow_2008_C1,Site_1,Control_1,Mast & Clow; 2008 | Mast_Clow_2008_C1 | Site_1 | Control_1,NO3,2006,3,1.5022162824074023,0.007041749899576725,31,0.7902203762887895,0.007041749899576713,31,1.599556182199639e-6,1.599556182199634e-6
Mast & Clow; 2008,Mast_Clow_2008_C1,Site_1,Control_1,Mast & Clow; 2008 | Mast_Clow_2008_C1 | Site_1 | Control_1,NO3,2006,4,1.482287196567932,0.01735698781498535,30,0.7702912904493192,0.017356987814985316,30,1.0042167533651665e-5,1.0042167533651624e-5
Mast & Clow; 2008,Mast_Clow_2008_C1,Site_1,Control_1,Mast & Clow; 2008 | Mast_Clow_2008_C1 | Site_1 | Control_1,NO3,2006,5,0.9246714087889902,0.20233608510024625,31,0.21267550267037755,0.20233608510024625,31,0.001320641655925616,0.001320641655925616
Mast & Clow; 2008,Mast_Clow_2008_C1,Site_1,Control_1,Mast & Clow; 2008 | Mast_Clow_2008_C1 | Site_1 | Control_1,NO3,2006,6,0.45672556745174037,0.1648106703035351,30,-0.25527033866687243,0.16481067030353513,30,9.05418568196685e-4,9.054185681966853e-4
Mast & Clow; 2008,Mast_Clow_2008_C1,Site_1,Control_1,Mast & Clow; 2008 | Mast_Clow_2008_C1 | Site_1 | Control_1,NO3,2006,7,0.64802640190866,0.1913923768347958,31,-0.06396950420995273,0.1913923768347958,31,0.0011816465132410477,0.0011816465132410477
Mast & Clow; 2008,Mast_Clow_2008_C1,Site_1,Control_1,Mast & Clow; 2008 | Mast_Clow_2008_C1 | Site_1 | Control_1,NO3,2006,8,1.6171060692324517,0.5736540774689661,31,0.9051101631138387,0.5736540774689661,31,0.01061545163215389,0.01061545163215389
Mast & Clow; 2008,Mast_Clow_2008_C1,Site_1,Control_1,Mast & Clow; 2008 | Mast_Clow_2008_C1 | Site_1 | Control_1,NO3,2006,9,1.7258991270749013,0.173063897607093,18,1.0139032209562884,0.17306389760709295,18,0.001663950703053243,0.001663950703053242
Mast & Clow; 2008,Mast_Clow_2008_C1,Site_1,Control_1,Mast & Clow; 2008 | Mast_Clow_2008_C1 | Site_1 | Control_1,NO3,2007,4,1.1754280687589487,0.1488518416710498,6,0.4634321626403358,0.1488518416710498,6,0.0036928117948105466,0.0036928117948105466
Mast & Clow; 2008,Mast_Clow_2008_C1,Site_1,Control_1,Mast & Clow; 2008 | Mast_Clow_2008_C1 | Site_1 | Control_1,NO3,2007,5,0.6340955612006378,0.1720622011926853,31,-0.07790034491797491,0.17206220119268528,31,9.55012938041036e-4,9.550129380410358e-4
Mast & Clow; 2008,Mast_Clow_2008_C1,Site_1,Control_1,Mast & Clow; 2008 | Mast_Clow_2008_C1 | Site_1 | Control_1,NO3,2007,6,0.5319776543133627,0.0925248326743297,30,-0.18001825180525005,0.0925248326743297,30,2.8536148871375694e-4,2.8536148871375694e-4
Mast & Clow; 2008,Mast_Clow_2008_C1,Site_1,Control_1,Mast & Clow; 2008 | Mast_Clow_2008_C1 | Site_1 | Control_1,NO3,2007,7,0.7033078871107501,0.3574147441422969,31,-0.008688019007862646,0.3574147441422969,31,0.004120816107429147,0.004120816107429147
Mast & Clow; 2008,Mast_Clow_2008_C1,Site_1,Control_1,Mast & Clow; 2008 | Mast_Clow_2008_C1 | Site_1 | Control_1,NO3,2007,8,1.597470159904809,0.13934326172184738,31,0.885474253786196,0.13934326172184736,31,6.263401479768793e-4,6.263401479768791e-4
Mast & Clow; 2008,Mast_Clow_2008_C1,Site_1,Control_1,Mast & Clow; 2008 | Mast_Clow_2008_C1 | Site_1 | Control_1,NO3,2007,9,1.4803131196871095,0.030450855501023704,9,0.7683172135684969,0.030450855501023603,9,1.0302828897158062e-4,1.0302828897157993e-4
Murphy et al. 2018,Murphy_et_al_2018_C1,Site_1,Control_1_2_3,Murphy et al. 2018 | Murphy_et_al_2018_C1 | Site_1 | Control_1_2_3,DOC,2011,3,-0.05508071924936015,0.081482417954142,30,-0.41175566318809265,0.08148241795414198,30,2.2131281452178277e-4,2.213128145217826e-4
Murphy et al. 2018,Murphy_et_al_2018_C1,Site_1,Control_1_2_3,Murphy et al. 2018 | Murphy_et_al_2018_C1 | Site_1 | Control_1_2_3,DOC,2011,4,-0.13998425412111867,0.04542768771086798,30,-0.4966591980598511,0.045427687710867984,30,6.878916035853818e-5,6.87891603585382e-5
Murphy et al. 2018,Murphy_et_al_2018_C1,Site_1,Control_1_2_3,Murphy et al. 2018 | Murphy_et_al_2018_C1 | Site_1 | Control_1_2_3,DOC,2011,5,-0.047629352699539294,0.036488933354981,31,-0.4043042966382717,0.03648893335498097,31,4.294975023820144e-5,4.294975023820138e-5
Murphy et al. 2018,Murphy_et_al_2018_C1,Site_1,Control_1_2_3,Murphy et al. 2018 | Murphy_et_al_2018_C1 | Site_1 | Control_1_2_3,DOC,2011,6,-0.05085864146571229,0.11001381397259828,30,-0.40753358540444473,0.11001381397259828,30,4.034346421599154e-4,4.034346421599154e-4
Murphy et al. 2018,Murphy_et_al_2018_C1,Site_1,Control_1_2_3,Murphy et al. 2018 | Murphy_et_al_2018_C1 | Site_1 | Control_1_2_3,DOC,2011,7,0.15301503780903816,0.7288163764147894,31,-0.2036599061296942,0.7288163764147892,31,0.017134622920334967,0.01713462292033496
Murphy et al. 2018,Murphy_et_al_2018_C1,Site_1,Control_1_2_3,Murphy et al. 2018 | Murphy_et_al_2018_C1 | Site_1 | Control_1_2_3,DOC,2011,8,0.14621195217686625,0.06065528582276739,31,-0.21046299176186617,0.060655285822767344,31,1.1867947413682604e-4,1.1867947413682584e-4
Murphy et al. 2018,Murphy_et_al_2018_C1,Site_1,Control_1_2_3,Murphy et al. 2018 | Murphy_et_al_2018_C1 | Site_1 | Control_1_2_3,DOC,2011,9,0.1316290865401165,0.08926382949347546,30,-0.2250458573986159,0.08926382949347546,30,2.65601041861342e-4,2.65601041861342e-4
Murphy et al. 2018,Murphy_et_al_2018_C1,Site_1,Control_1_2_3,Murphy et al. 2018 | Murphy_et_al_2018_C1 | Site_1 | Control_1_2_3,DOC,2011,10,0.06811795707759963,0.002494316497493707,31,-0.28855698686113274,0.002494316497493728,31,2.0069725127965401e-7,2.0069725127965737e-7
Murphy et al. 2018,Murphy_et_al_2018_C1,Site_1,Control_1_2_3,Murphy et al. 2018 | Murphy_et_al_2018_C1 | Site_1 | Control_1_2_3,DOC,2011,11,0.044611637999646146,0.014069123357931925,30,-0.3120633059390863,0.014069123357931927,30,6.598007735356856e-6,6.598007735356858e-6
Murphy et al. 2018,Murphy_et_al_2018_C1,Site_1,Control_1_2_3,Murphy et al. 2018 | Murphy_et_al_2018_C1 | Site_1 | Control_1_2_3,DOC,2011,12,0.05486857860230783,0.016372829415347373,31,-0.30180636533642463,0.016372829415347356,31,8.647404614969813e-6,8.647404614969795e-6
Murphy et al. 2018,Murphy_et_al_2018_C1,Site_1,Control_1_2_3,Murphy et al. 2018 | Murphy_et_al_2018_C1 | Site_1 | Control_1_2_3,DOC,2012,1,0.07345323950558563,0.003995825399105035,31,-0.2832217044331468,0.003995825399105041,31,5.150522780688037e-7,5.150522780688052e-7
Murphy et al. 2018,Murphy_et_al_2018_C1,Site_1,Control_1_2_3,Murphy et al. 2018 | Murphy_et_al_2018_C1 | Site_1 | Control_1_2_3,DOC,2012,2,0.0634756983748338,8.950278457103903e-4,29,-0.29319924556389865,8.95027845710396e-4,29,2.762327050334422e-8,2.7623270503344566e-8
Murphy et al. 2018,Murphy_et_al_2018_C1,Site_1,Control_1_2_3,Murphy et al. 2018 | Murphy_et_al_2018_C1 | Site_1 | Control_1_2_3,DOC,2012,3,-0.00767112784754294,0.05664850114663697,31,-0.36434607178627537,0.05664850114663695,31,1.035178284567913e-4,1.0351782845679121e-4
Murphy et al. 2018,Murphy_et_al_2018_C1,Site_1,Control_1_2_3,Murphy et al. 2018 | Murphy_et_al_2018_C1 | Site_1 | Control_1_2_3,DOC,2012,4,-0.0500092008673689,0.02397073461297522,30,-0.4066841448061013,0.023970734612975216,30,1.915320392952294e-5,1.9153203929522938e-5
Murphy et al. 2018,Murphy_et_al_2018_C1,Site_1,Control_1_2_3,Murphy et al. 2018 | Murphy_et_al_2018_C1 | Site_1 | Control_1_2_3,DOC,2012,5,0.03076673130559694,0.04096628171845144,31,-0.3259082126331355,0.04096628171845146,31,5.413665283340414e-5,5.41366528334042e-5
Murphy et al. 2018,Murphy_et_al_2018_C1,Site_1,Control_1_2_3,Murphy et al. 2018 | Murphy_et_al_2018_C1 | Site_1 | Control_1_2_3,DOC,2012,6,-0.021868175978361073,0.028071186562413798,30,-0.37854311991709355,0.028071186562413825,30,2.6266383834061366e-5,2.6266383834061417e-5
Murphy et al. 2018,Murphy_et_al_2018_C1,Site_1,Control_1_2_3,Murphy et al. 2018 | Murphy_et_al_2018_C1 | Site_1 | Control_1_2_3,DOC,2012,7,0.032581906415877625,0.324925106333751,31,-0.3240930375228548,0.324925106333751,31,0.003405687894387077,0.003405687894387077
Murphy et al. 2018,Murphy_et_al_2018_C1,Site_1,Control_1_2_3,Murphy et al. 2018 | Murphy_et_al_2018_C1 | Site_1 | Control_1_2_3,DOC,2012,8,-0.1244698249724166,0.04372859785697066,31,-0.48114476891114905,0.04372859785697067,31,6.168355711408578e-5,6.168355711408579e-5
Murphy et al. 2018,Murphy_et_al_2018_C1,Site_1,Control_1_2_3,Murphy et al. 2018 | Murphy_et_al_2018_C1 | Site_1 | Control_1_2_3,DOC,2012,9,-0.11490741903853223,0.015015965453631227,20,-0.4715823629772647,0.0150159654536312,20,1.1273960925232325e-5,1.1273960925232282e-5
Murphy et al. 2018,Murphy_et_al_2018_C1,Site_1,Control_1_2_3,Murphy et al. 2018 | Murphy_et_al_2018_C1 | Site_1 | Control_1_2_3,DOC,2013,3,0.009263407280548808,0.03801596171890186,10,-0.3474115366581836,0.03801596171890188,10,1.4452133454130118e-4,1.4452133454130134e-4
Murphy et al. 2018,Murphy_et_al_2018_C1,Site_1,Control_1_2_3,Murphy et al. 2018 | Murphy_et_al_2018_C1 | Site_1 | Control_1_2_3,DOC,2013,4,-4.920684231135351e-4,0.07044715645140996,30,-0.35716701236184595,0.07044715645140996,30,1.6542672840298106e-4,1.6542672840298106e-4
Murphy et al. 2018,Murphy_et_al_2018_C1,Site_1,Control_1_2_3,Murphy et al. 2018 | Murphy_et_al_2018_C1 | Site_1 | Control_1_2_3,DOC,2013,5,-0.022362841862414454,0.007271413898621207,31,-0.3790377858011469,0.007271413898621239,31,1.7055954866148923e-6,1.7055954866149073e-6
Murphy et al. 2018,Murphy_et_al_2018_C1,Site_1,Control_1_2_3,Murphy et al. 2018 | Murphy_et_al_2018_C1 | Site_1 | Control_1_2_3,DOC,2013,6,0.051845064032676275,0.02728729099323016,30,-0.30482987990605614,0.027287290993230143,30,2.481987499164066e-5,2.481987499164063e-5
Murphy et al. 2018,Murphy_et_al_2018_C1,Site_1,Control_1_2_3,Murphy et al. 2018 | Murphy_et_al_2018_C1 | Site_1 | Control_1_2_3,DOC,2013,7,-0.07276954440206793,0.15151847255890197,31,-0.42944448834080035,0.151518472558902,31,7.40575726663959e-4,7.405757266639592e-4
Murphy et al. 2018,Murphy_et_al_2018_C1,Site_1,Control_1_2_3,Murphy et al. 2018 | Murphy_et_al_2018_C1 | Site_1 | Control_1_2_3,DOC,2013,8,-0.2521439402383436,0.18721425536090963,21,-0.608818884177076,0.18721425536090966,21,0.001669008448111423,0.0016690084481114232
Murphy et al. 2018,Murphy_et_al_2018_C1,Site_1,Control_1_2_3,Murphy et al. 2018 | Murphy_et_al_2018_C1 | Site_1 | Control_1_2_3,DOC,2013,10,0.059638391629115,0.010924848861686444,14,-0.29703655230961745,0.01092484886168643,14,8.525165903620827e-6,8.525165903620806e-6
Murphy et al. 2018,Murphy_et_al_2018_C1,Site_1,Control_1_2_3,Murphy et al. 2018 | Murphy_et_al_2018_C1 | Site_1 | Control_1_2_3,DOC,2013,11,0.11418039799181134,0.01937646647171511,30,-0.2424945459469211,0.019376466471715096,30,1.2514915097649992e-5,1.2514915097649975e-5
Murphy et al. 2018,Murphy_et_al_2018_C1,Site_1,Control_1_2_3,Murphy et al. 2018 | Murphy_et_al_2018_C1 | Site_1 | Control_1_2_3,DOC,2013,12,0.17107501318286109,0.014085740470895277,16,-0.1855999307558714,0.014085740470895223,16,1.2400505288338568e-5,1.2400505288338473e-5
Murphy et al. 2018,Murphy_et_al_2018_C1,Site_1,Control_1_2_3,Murphy et al. 2018 | Murphy_et_al_2018_C1 | Site_1 | Control_1_2_3,DOC,2014,4,-0.08284868251709492,0.01910647939085156,19,-0.4395236264558273,0.019106479390851562,19,1.9213555511212385e-5,1.9213555511212395e-5
Murphy et al. 2018,Murphy_et_al_2018_C1,Site_1,Control_1_2_3,Murphy et al. 2018 | Murphy_et_al_2018_C1 | Site_1 | Control_1_2_3,DOC,2014,5,-0.0023172181001249975,0.026667154486610743,31,-0.3589921620388574,0.026667154486610757,31,2.293990736815366e-5,2.2939907368153685e-5
Murphy et al. 2018,Murphy_et_al_2018_C1,Site_1,Control_1_2_3,Murphy et al. 2018 | Murphy_et_al_2018_C1 | Site_1 | Control_1_2_3,DOC,2014,6,0.021295648865606292,0.025226953492287974,30,-0.3353792950731262,0.025226953492287943,30,2.1213306083402014e-5,2.1213306083401963e-5
Murphy et al. 2018,Murphy_et_al_2018_C1,Site_1,Control_1_2_3,Murphy et al. 2018 | Murphy_et_al_2018_C1 | Site_1 | Control_1_2_3,DOC,2014,7,-0.10580461252953408,0.13091789384840294,31,-0.46247955646826655,0.13091789384840294,31,5.528869332161838e-4,5.528869332161838e-4
Murphy et al. 2018,Murphy_et_al_2018_C1,Site_1,Control_1_2_3,Murphy et al. 2018 | Murphy_et_al_2018_C1 | Site_1 | Control_1_2_3,DOC,2014,8,-0.09419914269144636,0.14392241230152028,31,-0.45087408663017875,0.1439224123015203,31,6.681826052480257e-4,6.681826052480259e-4
Murphy et al. 2018,Murphy_et_al_2018_C1,Site_1,Control_1_2_3,Murphy et al. 2018 | Murphy_et_al_2018_C1 | Site_1 | Control_1_2_3,DOC,2014,9,-0.011684750148716345,0.011203772630256714,30,-0.36835969408744873,0.011203772630256705,30,4.184150705016315e-6,4.184150705016309e-6
Murphy et al. 2018,Murphy_et_al_2018_C1,Site_1,Control_1_2_3,Murphy et al. 2018 | Murphy_et_al_2018_C1 | Site_1 | Control_1_2_3,DOC,2014,10,0.0063492276786587445,NA,1,-0.3503257162600737,NA,1,NA,NA
Murphy et al. 2018,Murphy_et_al_2018_C1,Site_1,Control_1_2_3,Murphy et al. 2018 | Murphy_et_al_2018_C1 | Site_1 | Control_1_2_3,DOC,2015,4,-0.06385829537510934,0.023370920596829495,20,-0.4205332393138418,0.023370920596829506,20,2.7309996477165457e-5,2.7309996477165484e-5
Murphy et al. 2018,Murphy_et_al_2018_C1,Site_1,Control_1_2_3,Murphy et al. 2018 | Murphy_et_al_2018_C1 | Site_1 | Control_1_2_3,DOC,2015,5,0.004263879418331616,0.01653903102696751,31,-0.35241106452040083,0.01653903102696752,31,8.823856364870774e-6,8.823856364870784e-6
Murphy et al. 2018,Murphy_et_al_2018_C1,Site_1,Control_1_2_3,Murphy et al. 2018 | Murphy_et_al_2018_C1 | Site_1 | Control_1_2_3,DOC,2015,6,0.018318462266292305,0.018894806326925525,30,-0.33835648167244015,0.01889480632692553,30,1.1900456871067496e-5,1.1900456871067499e-5
Murphy et al. 2018,Murphy_et_al_2018_C1,Site_1,Control_1_2_3,Murphy et al. 2018 | Murphy_et_al_2018_C1 | Site_1 | Control_1_2_3,DOC,2015,7,-0.03968618115575639,0.03491637245740931,31,-0.39636112509448884,0.03491637245740929,31,3.932751824466231e-5,3.9327518244662263e-05
Murphy et al. 2018,Murphy_et_al_2018_C1,Site_1,Control_1_2_3,Murphy et al. 2018 | Murphy_et_al_2018_C1 | Site_1 | Control_1_2_3,DOC,2015,8,0.026498053753624868,0.012572094251508969,31,-0.33017689018510754,0.012572094251508974,31,5.098630769962092e-6,5.098630769962096e-6
Murphy et al. 2018,Murphy_et_al_2018_C1,Site_1,Control_1_2_3,Murphy et al. 2018 | Murphy_et_al_2018_C1 | Site_1 | Control_1_2_3,DOC,2015,9,0.0770815285564367,0.015388776957759715,30,-0.2795934153822957,0.015388776957759703,30,7.893815208522545e-6,7.893815208522532e-6
Murphy et al. 2018,Murphy_et_al_2018_C1,Site_1,Control_1_2_3,Murphy et al. 2018 | Murphy_et_al_2018_C1 | Site_1 | Control_1_2_3,DOC,2015,10,0.02233168524158392,0.02254746575922827,31,-0.33434325869714854,0.022547465759228252,31,1.6399619747211974e-5,1.639961974721195e-5
Murphy et al. 2018,Murphy_et_al_2018_C1,Site_1,Control_1_2_3,Murphy et al. 2018 | Murphy_et_al_2018_C1 | Site_1 | Control_1_2_3,DOC,2015,11,-0.013582806605536539,0.001803545055408699,3,-0.37025775054426896,0.0018035450554086696,3,1.0842582556297224e-6,1.0842582556296869e-6
Murphy et al. 2018,Murphy_et_al_2018_C1,Site_1,Control_1_2_3,Murphy et al. 2018 | Murphy_et_al_2018_C1 | Site_1 | Control_1_2_3,NO3,2011,3,-0.6630242170304174,0.2287531102408787,30,-1.01969916096915,0.22875311024087863,30,0.0017442661814958532,0.0017442661814958524
Murphy et al. 2018,Murphy_et_al_2018_C1,Site_1,Control_1_2_3,Murphy et al. 2018 | Murphy_et_al_2018_C1 | Site_1 | Control_1_2_3,NO3,2011,4,-0.9614201842955603,0.5158131624267418,30,-1.3180951282342928,0.5158131624267417,30,0.00886877395108921,0.008868773951089207
Murphy et al. 2018,Murphy_et_al_2018_C1,Site_1,Control_1_2_3,Murphy et al. 2018 | Murphy_et_al_2018_C1 | Site_1 | Control_1_2_3,NO3,2011,5,0.17630408030214778,1.2630649727616312,31,-0.18037086363658472,1.2630649727616312,31,0.05146235888443033,0.05146235888443033
Murphy et al. 2018,Murphy_et_al_2018_C1,Site_1,Control_1_2_3,Murphy et al. 2018 | Murphy_et_al_2018_C1 | Site_1 | Control_1_2_3,NO3,2011,6,0.011593042653933653,0.792828627598428,30,-0.34508190128479876,0.792828627598428,30,0.020952574424653557,0.020952574424653557
Murphy et al. 2018,Murphy_et_al_2018_C1,Site_1,Control_1_2_3,Murphy et al. 2018 | Murphy_et_al_2018_C1 | Site_1 | Control_1_2_3,NO3,2011,7,1.692523726241268,1.7470959618125408,31,1.3358487823025356,1.7470959618125408,31,0.09846271934779637,0.09846271934779637
Murphy et al. 2018,Murphy_et_al_2018_C1,Site_1,Control_1_2_3,Murphy et al. 2018 | Murphy_et_al_2018_C1 | Site_1 | Control_1_2_3,NO3,2011,8,0.48657948624762387,0.5360073871805356,31,0.1299045423088915,0.5360073871805356,31,0.009267868358454988,0.009267868358454988
Murphy et al. 2018,Murphy_et_al_2018_C1,Site_1,Control_1_2_3,Murphy et al. 2018 | Murphy_et_al_2018_C1 | Site_1 | Control_1_2_3,NO3,2011,9,1.1677052046891325,0.24433075361461298,30,0.8110302607504002,0.244330753614613,30,0.0019899172387294905,0.001989917238729491
Murphy et al. 2018,Murphy_et_al_2018_C1,Site_1,Control_1_2_3,Murphy et al. 2018 | Murphy_et_al_2018_C1 | Site_1 | Control_1_2_3,NO3,2011,10,0.5384618757956088,0.45408992024042016,31,0.18178693185687636,0.45408992024042016,31,0.006651537279482295,0.006651537279482295
Murphy et al. 2018,Murphy_et_al_2018_C1,Site_1,Control_1_2_3,Murphy et al. 2018 | Murphy_et_al_2018_C1 | Site_1 | Control_1_2_3,NO3,2011,11,1.1958099027729014,0.7709912377102575,30,0.839134958834169,0.7709912377102575,30,0.01981424962086649,0.01981424962086649
Murphy et al. 2018,Murphy_et_al_2018_C1,Site_1,Control_1_2_3,Murphy et al. 2018 | Murphy_et_al_2018_C1 | Site_1 | Control_1_2_3,NO3,2011,12,0.8064567475737325,0.547234698225705,31,0.4497818036350001,0.5472346982257051,31,0.00966018757877995,0.009660187578779953
Murphy et al. 2018,Murphy_et_al_2018_C1,Site_1,Control_1_2_3,Murphy et al. 2018 | Murphy_et_al_2018_C1 | Site_1 | Control_1_2_3,NO3,2012,1,0.1939497044959429,0.054390577006501455,31,-0.16272523944278952,0.054390577006501455,31,9.543015700323112e-5,9.543015700323112e-5
Murphy et al. 2018,Murphy_et_al_2018_C1,Site_1,Control_1_2_3,Murphy et al. 2018 | Murphy_et_al_2018_C1 | Site_1 | Control_1_2_3,NO3,2012,2,0.8520934717897398,0.45511737992547335,29,0.4954185278510073,0.4551173799254733,29,0.007142476879663023,0.00714247687966302
Murphy et al. 2018,Murphy_et_al_2018_C1,Site_1,Control_1_2_3,Murphy et al. 2018 | Murphy_et_al_2018_C1 | Site_1 | Control_1_2_3,NO3,2012,3,1.813219104173511,0.10620240852763599,31,1.4565441602347786,0.10620240852763604,31,3.638371476474481e-4,3.638371476474484e-4
Murphy et al. 2018,Murphy_et_al_2018_C1,Site_1,Control_1_2_3,Murphy et al. 2018 | Murphy_et_al_2018_C1 | Site_1 | Control_1_2_3,NO3,2012,4,1.4822433944560038,0.4149109728968275,30,1.1255684505172714,0.41491097289682743,30,0.00573837051433973,0.005738370514339729
Murphy et al. 2018,Murphy_et_al_2018_C1,Site_1,Control_1_2_3,Murphy et al. 2018 | Murphy_et_al_2018_C1 | Site_1 | Control_1_2_3,NO3,2012,5,0.009851021329203749,0.05484816549421903,31,-0.3468239226095287,0.05484816549421903,31,9.704262122842707e-5,9.704262122842707e-5
Murphy et al. 2018,Murphy_et_al_2018_C1,Site_1,Control_1_2_3,Murphy et al. 2018 | Murphy_et_al_2018_C1 | Site_1 | Control_1_2_3,NO3,2012,6,-0.1121234405688861,0.3549550107217455,30,-0.4687983845076186,0.35495501072174546,30,0.004199768654549149,0.004199768654549147
Murphy et al. 2018,Murphy_et_al_2018_C1,Site_1,Control_1_2_3,Murphy et al. 2018 | Murphy_et_al_2018_C1 | Site_1 | Control_1_2_3,NO3,2012,7,1.1151209294225193,1.0598901202680482,31,0.7584459854837867,1.0598901202680482,31,0.0362376473239296,0.0362376473239296
Murphy et al. 2018,Murphy_et_al_2018_C1,Site_1,Control_1_2_3,Murphy et al. 2018 | Murphy_et_al_2018_C1 | Site_1 | Control_1_2_3,NO3,2012,8,0,0,31,-0.35667494393873245,0,31,0,0
Murphy et al. 2018,Murphy_et_al_2018_C1,Site_1,Control_1_2_3,Murphy et al. 2018 | Murphy_et_al_2018_C1 | Site_1 | Control_1_2_3,NO3,2012,9,0,0,20,-0.35667494393873245,0,20,0,0
Murphy et al. 2018,Murphy_et_al_2018_C1,Site_1,Control_1_2_3,Murphy et al. 2018 | Murphy_et_al_2018_C1 | Site_1 | Control_1_2_3,NO3,2013,3,0.49689242418849366,0.061378405302200435,10,0.14021748024976127,0.0613784053022004,10,3.767308637441187e-4,3.7673086374411825e-4
Murphy et al. 2018,Murphy_et_al_2018_C1,Site_1,Control_1_2_3,Murphy et al. 2018 | Murphy_et_al_2018_C1 | Site_1 | Control_1_2_3,NO3,2013,4,1.6849759304123963,0.6914873137251616,30,1.328300986473664,0.6914873137251616,30,0.015938490168094666,0.015938490168094666
Murphy et al. 2018,Murphy_et_al_2018_C1,Site_1,Control_1_2_3,Murphy et al. 2018 | Murphy_et_al_2018_C1 | Site_1 | Control_1_2_3,NO3,2013,5,1.707292388516014,0.28230762112817487,31,1.3506174445772816,0.2823076211281749,31,0.002570890095066101,0.002570890095066102
Murphy et al. 2018,Murphy_et_al_2018_C1,Site_1,Control_1_2_3,Murphy et al. 2018 | Murphy_et_al_2018_C1 | Site_1 | Control_1_2_3,NO3,2013,6,1.1424715770630516,0.18457101909916326,30,0.7857966331243191,0.1845710190991632,30,0.0011355487030434565,0.0011355487030434558
Murphy et al. 2018,Murphy_et_al_2018_C1,Site_1,Control_1_2_3,Murphy et al. 2018 | Murphy_et_al_2018_C1 | Site_1 | Control_1_2_3,NO3,2013,7,0.17943884142392122,0.2006019660196422,31,-0.17723610251481123,0.20060196601964214,31,0.0012981015732563123,0.0012981015732563116
Murphy et al. 2018,Murphy_et_al_2018_C1,Site_1,Control_1_2_3,Murphy et al. 2018 | Murphy_et_al_2018_C1 | Site_1 | Control_1_2_3,NO3,2013,8,-0.42505810337794275,0.8815521755133433,21,-0.7817330473166751,0.8815521755133433,21,0.037006392292967066,0.037006392292967066
Murphy et al. 2018,Murphy_et_al_2018_C1,Site_1,Control_1_2_3,Murphy et al. 2018 | Murphy_et_al_2018_C1 | Site_1 | Control_1_2_3,NO3,2013,10,1.4334681945995242,0.25726942245421985,14,1.0767932506607918,0.25726942245421996,14,0.004727682552137703,0.0047276825521377075
Murphy et al. 2018,Murphy_et_al_2018_C1,Site_1,Control_1_2_3,Murphy et al. 2018 | Murphy_et_al_2018_C1 | Site_1 | Control_1_2_3,NO3,2013,11,0.8783414248891522,0.06879581354027459,30,0.5216664809504198,0.06879581354027459,30,1.5776213202227428e-4,1.5776213202227428e-4
Murphy et al. 2018,Murphy_et_al_2018_C1,Site_1,Control_1_2_3,Murphy et al. 2018 | Murphy_et_al_2018_C1 | Site_1 | Control_1_2_3,NO3,2013,12,0.7385777560188711,0.028438588616645822,16,0.3819028120801386,0.028438588616645787,16,5.054708265667608e-5,5.054708265667596e-5
Murphy et al. 2018,Murphy_et_al_2018_C1,Site_1,Control_1_2_3,Murphy et al. 2018 | Murphy_et_al_2018_C1 | Site_1 | Control_1_2_3,NO3,2014,4,0.6850744547098847,0.07027550034073884,19,0.32839951077115226,0.07027550034073886,19,2.5992873411269396e-4,2.5992873411269406e-4
Murphy et al. 2018,Murphy_et_al_2018_C1,Site_1,Control_1_2_3,Murphy et al. 2018 | Murphy_et_al_2018_C1 | Site_1 | Control_1_2_3,NO3,2014,5,0.5668088098331852,0.3504912833574155,31,0.21013386589445265,0.3504912833574155,31,0.003962714184178326,0.003962714184178326
Murphy et al. 2018,Murphy_et_al_2018_C1,Site_1,Control_1_2_3,Murphy et al. 2018 | Murphy_et_al_2018_C1 | Site_1 | Control_1_2_3,NO3,2014,6,0.9559668088686324,0.37234106954750396,30,0.5992918649299,0.3723410695475039,30,0.004621262402392639,0.0046212624023926376
Murphy et al. 2018,Murphy_et_al_2018_C1,Site_1,Control_1_2_3,Murphy et al. 2018 | Murphy_et_al_2018_C1 | Site_1 | Control_1_2_3,NO3,2014,7,0.38675055115874224,0.3475468235287502,31,0.030075607220009796,0.34754682352875027,31,0.003896412727255621,0.0038964127272556217
Murphy et al. 2018,Murphy_et_al_2018_C1,Site_1,Control_1_2_3,Murphy et al. 2018 | Murphy_et_al_2018_C1 | Site_1 | Control_1_2_3,NO3,2014,8,0.43537441574243596,0.2931686668707586,31,0.07869947180370354,0.2931686668707586,31,0.002772511846283156,0.002772511846283156
Murphy et al. 2018,Murphy_et_al_2018_C1,Site_1,Control_1_2_3,Murphy et al. 2018 | Murphy_et_al_2018_C1 | Site_1 | Control_1_2_3,NO3,2014,9,-0.1110854417474882,0.07304889981742116,30,-0.46776038568622064,0.07304889981742115,30,1.7787139215118776e-4,1.778713921511877e-4
Murphy et al. 2018,Murphy_et_al_2018_C1,Site_1,Control_1_2_3,Murphy et al. 2018 | Murphy_et_al_2018_C1 | Site_1 | Control_1_2_3,NO3,2014,10,0,NA,1,-0.35667494393873245,NA,1,NA,NA
Murphy et al. 2018,Murphy_et_al_2018_C1,Site_1,Control_1_2_3,Murphy et al. 2018 | Murphy_et_al_2018_C1 | Site_1 | Control_1_2_3,NO3,2015,4,1.0813283938400102,0.1924213711533807,20,0.7246534499012779,0.19242137115338068,20,0.0018512992038273546,0.001851299203827354
Murphy et al. 2018,Murphy_et_al_2018_C1,Site_1,Control_1_2_3,Murphy et al. 2018 | Murphy_et_al_2018_C1 | Site_1 | Control_1_2_3,NO3,2015,5,1.657055176302804,0.2294035343970215,31,1.3003802323640716,0.2294035343970215,31,0.0016976123094788844,0.0016976123094788844
Murphy et al. 2018,Murphy_et_al_2018_C1,Site_1,Control_1_2_3,Murphy et al. 2018 | Murphy_et_al_2018_C1 | Site_1 | Control_1_2_3,NO3,2015,6,0.3230358840557794,0.8440882924239477,30,-0.03363905988295304,0.8440882924239477,30,0.023749501513572528,0.023749501513572528
Murphy et al. 2018,Murphy_et_al_2018_C1,Site_1,Control_1_2_3,Murphy et al. 2018 | Murphy_et_al_2018_C1 | Site_1 | Control_1_2_3,NO3,2015,7,1.2526225952990604,0.2816257258877486,31,0.8959476513603281,0.2816257258877486,31,0.002558485467154881,0.002558485467154881
Murphy et al. 2018,Murphy_et_al_2018_C1,Site_1,Control_1_2_3,Murphy et al. 2018 | Murphy_et_al_2018_C1 | Site_1 | Control_1_2_3,NO3,2015,8,0.587424864769529,0.14193696766297817,31,0.2307499208307966,0.1419369676629782,31,6.498742835277842e-4,6.498742835277844e-4
Murphy et al. 2018,Murphy_et_al_2018_C1,Site_1,Control_1_2_3,Murphy et al. 2018 | Murphy_et_al_2018_C1 | Site_1 | Control_1_2_3,NO3,2015,9,0.9329592088476734,0.32954396997798385,30,0.5762842649089408,0.3295439699779838,30,0.003619974271628344,0.003619974271628343
Murphy et al. 2018,Murphy_et_al_2018_C1,Site_1,Control_1_2_3,Murphy et al. 2018 | Murphy_et_al_2018_C1 | Site_1 | Control_1_2_3,NO3,2015,10,0.9755550421764398,0.1466271470279913,31,0.6188800982377074,0.14662714702799132,31,6.935329111473604e-4,6.935329111473606e-4
Murphy et al. 2018,Murphy_et_al_2018_C1,Site_1,Control_1_2_3,Murphy et al. 2018 | Murphy_et_al_2018_C1 | Site_1 | Control_1_2_3,NO3,2015,11,1.262871877102921,0.013525962002654832,3,0.9061969331641887,0.01352596200265489,3,6.0983882699087437e-5,6.098388269908795e-5
Murphy et al. 2018,Murphy_et_al_2018_C2,Site_2,Control_1_2_3,Murphy et al. 2018 | Murphy_et_al_2018_C2 | Site_2 | Control_1_2_3,DOC,2011,3,0.08912986506875138,0.11326247669834352,30,-0.5686501716539027,0.11326247669834355,30,4.2761295426142694e-4,4.2761295426142716e-4
Murphy et al. 2018,Murphy_et_al_2018_C2,Site_2,Control_1_2_3,Murphy et al. 2018 | Murphy_et_al_2018_C2 | Site_2 | Control_1_2_3,DOC,2011,4,-0.14576009210730384,0.07740181907907392,30,-0.8035401288299578,0.0774018190790739,30,1.9970138655832308e-4,1.997013865583229e-4
Murphy et al. 2018,Murphy_et_al_2018_C2,Site_2,Control_1_2_3,Murphy et al. 2018 | Murphy_et_al_2018_C2 | Site_2 | Control_1_2_3,DOC,2011,5,-0.07684157818500079,0.08909749656533282,31,-0.7346216149076548,0.08909749656533279,31,2.560762546519191e-4,2.5607625465191896e-4
Murphy et al. 2018,Murphy_et_al_2018_C2,Site_2,Control_1_2_3,Murphy et al. 2018 | Murphy_et_al_2018_C2 | Site_2 | Control_1_2_3,DOC,2011,6,-0.003981338851916344,0.12717974015065364,30,-0.6617613755745704,0.12717974015065364,30,5.391562101595928e-4,5.391562101595928e-4
Murphy et al. 2018,Murphy_et_al_2018_C2,Site_2,Control_1_2_3,Murphy et al. 2018 | Murphy_et_al_2018_C2 | Site_2 | Control_1_2_3,DOC,2011,7,0.3250519860406879,0.6527304943046994,31,-0.33272805068196615,0.6527304943046995,31,0.013743777361137332,0.013743777361137336
Murphy et al. 2018,Murphy_et_al_2018_C2,Site_2,Control_1_2_3,Murphy et al. 2018 | Murphy_et_al_2018_C2 | Site_2 | Control_1_2_3,DOC,2011,8,0.6115346346940154,0.3296628211495113,31,-0.04624540202863867,0.3296628211495113,31,0.0035057282467178927,0.0035057282467178927
Murphy et al. 2018,Murphy_et_al_2018_C2,Site_2,Control_1_2_3,Murphy et al. 2018 | Murphy_et_al_2018_C2 | Site_2 | Control_1_2_3,DOC,2011,9,0.8291972450964643,0.48347177249346207,30,0.17141720837381036,0.48347177249346207,30,0.007791498493265664,0.007791498493265664
Murphy et al. 2018,Murphy_et_al_2018_C2,Site_2,Control_1_2_3,Murphy et al. 2018 | Murphy_et_al_2018_C2 | Site_2 | Control_1_2_3,DOC,2011,10,0.39307015710385057,0.02462178863448897,31,-0.26470987961880355,0.02462178863448896,31,1.9555886308433877e-5,1.9555886308433863e-5
Murphy et al. 2018,Murphy_et_al_2018_C2,Site_2,Control_1_2_3,Murphy et al. 2018 | Murphy_et_al_2018_C2 | Site_2 | Control_1_2_3,DOC,2011,11,0.3928595905662858,0.00732792566181423,30,-0.26492044615636823,0.007327925661814279,30,1.7899498168358507e-6,1.7899498168358744e-6
Murphy et al. 2018,Murphy_et_al_2018_C2,Site_2,Control_1_2_3,Murphy et al. 2018 | Murphy_et_al_2018_C2 | Site_2 | Control_1_2_3,DOC,2011,12,0.3808845255365247,5.533602062641477e-4,31,-0.27689551118612943,5.533602062641574e-4,31,9.877661866990326e-9,9.87766186699067e-9
Murphy et al. 2018,Murphy_et_al_2018_C2,Site_2,Control_1_2_3,Murphy et al. 2018 | Murphy_et_al_2018_C2 | Site_2 | Control_1_2_3,DOC,2012,1,0.40544732910064885,0.01392275969841519,31,-0.2523327076220052,0.013922759698415227,31,6.253007665155298e-6,6.253007665155331e-6
Murphy et al. 2018,Murphy_et_al_2018_C2,Site_2,Control_1_2_3,Murphy et al. 2018 | Murphy_et_al_2018_C2 | Site_2 | Control_1_2_3,DOC,2012,2,0.40842819527754914,0.02702745971227576,29,-0.24935184144510492,0.027027459712275798,29,2.5189088913747905e-5,2.5189088913747976e-5
Murphy et al. 2018,Murphy_et_al_2018_C2,Site_2,Control_1_2_3,Murphy et al. 2018 | Murphy_et_al_2018_C2 | Site_2 | Control_1_2_3,DOC,2012,3,0.12970652079336756,0.16733904970989236,31,-0.5280735159292865,0.1673390497098923,31,9.033018567035428e-4,9.033018567035422e-4
Murphy et al. 2018,Murphy_et_al_2018_C2,Site_2,Control_1_2_3,Murphy et al. 2018 | Murphy_et_al_2018_C2 | Site_2 | Control_1_2_3,DOC,2012,4,-0.12272472203698623,0.07796454827277627,30,-0.7805047587596403,0.0779645482727763,30,2.0261569291260204e-4,2.0261569291260217e-4
Murphy et al. 2018,Murphy_et_al_2018_C2,Site_2,Control_1_2_3,Murphy et al. 2018 | Murphy_et_al_2018_C2 | Site_2 | Control_1_2_3,DOC,2012,5,0.10504582654942554,0.05682051276043284,31,-0.5527342101732285,0.05682051276043287,31,1.041474409793068e-4,1.0414744097930693e-4
Murphy et al. 2018,Murphy_et_al_2018_C2,Site_2,Control_1_2_3,Murphy et al. 2018 | Murphy_et_al_2018_C2 | Site_2 | Control_1_2_3,DOC,2012,6,0.13495073033985805,0.03666057425934813,30,-0.522829306382796,0.03666057425934814,30,4.479992350083928e-5,4.4799923500839314e-05
Murphy et al. 2018,Murphy_et_al_2018_C2,Site_2,Control_1_2_3,Murphy et al. 2018 | Murphy_et_al_2018_C2 | Site_2 | Control_1_2_3,DOC,2012,7,0.3293567163026445,0.6602636442576054,31,-0.32842332042000955,0.6602636442576053,31,0.014062841288010766,0.01406284128801076
Murphy et al. 2018,Murphy_et_al_2018_C2,Site_2,Control_1_2_3,Murphy et al. 2018 | Murphy_et_al_2018_C2 | Site_2 | Control_1_2_3,DOC,2012,8,0.07303412213870977,0.026145445208947134,31,-0.5847459145839442,0.026145445208947113,31,2.2051106618517955e-5,2.2051106618517918e-5
Murphy et al. 2018,Murphy_et_al_2018_C2,Site_2,Control_1_2_3,Murphy et al. 2018 | Murphy_et_al_2018_C2 | Site_2 | Control_1_2_3,DOC,2012,9,0.18451952613570585,0.03332413015741825,20,-0.47326051058694824,0.03332413015741822,20,5.552488253742764e-5,5.5524882537427516e-5
Murphy et al. 2018,Murphy_et_al_2018_C2,Site_2,Control_1_2_3,Murphy et al. 2018 | Murphy_et_al_2018_C2 | Site_2 | Control_1_2_3,DOC,2013,3,0.09121486037622324,0.05021719665068965,10,-0.5665651763464308,0.050217196650689695,10,2.521766839454035e-4,2.5217668394540406e-4
Murphy et al. 2018,Murphy_et_al_2018_C2,Site_2,Control_1_2_3,Murphy et al. 2018 | Murphy_et_al_2018_C2 | Site_2 | Control_1_2_3,DOC,2013,4,-0.009816135396521222,0.06940277019935151,30,-0.6675961721191753,0.06940277019935151,30,1.6055815037813314e-4,1.6055815037813314e-4
Murphy et al. 2018,Murphy_et_al_2018_C2,Site_2,Control_1_2_3,Murphy et al. 2018 | Murphy_et_al_2018_C2 | Site_2 | Control_1_2_3,DOC,2013,5,-0.0697939917747117,0.049390449282129316,31,-0.7275740284973657,0.04939044928212933,31,7.86908542029222e-5,7.869085420292224e-5
Murphy et al. 2018,Murphy_et_al_2018_C2,Site_2,Control_1_2_3,Murphy et al. 2018 | Murphy_et_al_2018_C2 | Site_2 | Control_1_2_3,DOC,2013,6,0.12316081863311565,0.06045422677915052,30,-0.5346192180895384,0.060454226779150494,30,1.2182378451549867e-4,1.2182378451549856e-4
Murphy et al. 2018,Murphy_et_al_2018_C2,Site_2,Control_1_2_3,Murphy et al. 2018 | Murphy_et_al_2018_C2 | Site_2 | Control_1_2_3,DOC,2013,7,0.30454713058257976,0.49044094269970595,31,-0.3532329061400743,0.49044094269970595,31,0.0077591070411669755,0.0077591070411669755
Murphy et al. 2018,Murphy_et_al_2018_C2,Site_2,Control_1_2_3,Murphy et al. 2018 | Murphy_et_al_2018_C2 | Site_2 | Control_1_2_3,DOC,2013,8,0.02701352729466342,0.2915952488044304,31,-0.6307665094279906,0.29159524880443044,31,0.002742831907268312,0.002742831907268313
Murphy et al. 2018,Murphy_et_al_2018_C2,Site_2,Control_1_2_3,Murphy et al. 2018 | Murphy_et_al_2018_C2 | Site_2 | Control_1_2_3,DOC,2013,9,0.009060386661807312,0.041727557985904974,30,-0.6487196500608468,0.041727557985904946,30,5.803963651556873e-5,5.803963651556865e-5
Murphy et al. 2018,Murphy_et_al_2018_C2,Site_2,Control_1_2_3,Murphy et al. 2018 | Murphy_et_al_2018_C2 | Site_2 | Control_1_2_3,DOC,2013,10,0.15609765281948365,0.10438779626102924,31,-0.5016823839031704,0.10438779626102922,31,3.5151006478174683e-4,3.515100647817466e-4
Murphy et al. 2018,Murphy_et_al_2018_C2,Site_2,Control_1_2_3,Murphy et al. 2018 | Murphy_et_al_2018_C2 | Site_2 | Control_1_2_3,DOC,2013,11,0.31974941087499215,0.021538991422688933,30,-0.3380306258476619,0.0215389914226889,30,1.5464271716888914e-5,1.5464271716888867e-5
Murphy et al. 2018,Murphy_et_al_2018_C2,Site_2,Control_1_2_3,Murphy et al. 2018 | Murphy_et_al_2018_C2 | Site_2 | Control_1_2_3,DOC,2013,12,0.38091736570928536,0.014987427813050366,16,-0.2768626710133687,0.01498742781305036,16,1.403893702821223e-5,1.403893702821222e-5
Murphy et al. 2018,Murphy_et_al_2018_C2,Site_2,Control_1_2_3,Murphy et al. 2018 | Murphy_et_al_2018_C2 | Site_2 | Control_1_2_3,DOC,2014,4,-0.14599269513158858,0.02300226119085695,19,-0.8037727318542426,0.02300226119085694,19,2.7847579994337045e-5,2.784757999433702e-5
Murphy et al. 2018,Murphy_et_al_2018_C2,Site_2,Control_1_2_3,Murphy et al. 2018 | Murphy_et_al_2018_C2 | Site_2 | Control_1_2_3,DOC,2014,5,-0.05009794618681332,0.03387976564296049,31,-0.7078779829094674,0.03387976564296046,31,3.7027049032965354e-5,3.702704903296529e-5
Murphy et al. 2018,Murphy_et_al_2018_C2,Site_2,Control_1_2_3,Murphy et al. 2018 | Murphy_et_al_2018_C2 | Site_2 | Control_1_2_3,DOC,2014,6,0.04915425064369814,0.024070902036850316,30,-0.608625786078956,0.02407090203685036,30,1.931361082892149e-5,1.931361082892156e-5
Murphy et al. 2018,Murphy_et_al_2018_C2,Site_2,Control_1_2_3,Murphy et al. 2018 | Murphy_et_al_2018_C2 | Site_2 | Control_1_2_3,DOC,2014,7,0.030841959373216318,0.12640985506736488,31,-0.6269380773494377,0.12640985506736482,31,5.154661760694257e-4,5.154661760694252e-4
Murphy et al. 2018,Murphy_et_al_2018_C2,Site_2,Control_1_2_3,Murphy et al. 2018 | Murphy_et_al_2018_C2 | Site_2 | Control_1_2_3,DOC,2014,8,0.051451945855547,0.1905351310487516,31,-0.606328090867107,0.1905351310487516,31,0.001171085037540805,0.001171085037540805
Murphy et al. 2018,Murphy_et_al_2018_C2,Site_2,Control_1_2_3,Murphy et al. 2018 | Murphy_et_al_2018_C2 | Site_2 | Control_1_2_3,DOC,2014,9,0.27977085785149947,0.013561745475538078,30,-0.3780091788711546,0.013561745475538078,30,6.130698011442584e-6,6.130698011442584e-6
Murphy et al. 2018,Murphy_et_al_2018_C2,Site_2,Control_1_2_3,Murphy et al. 2018 | Murphy_et_al_2018_C2 | Site_2 | Control_1_2_3,DOC,2014,10,0.30034046932370434,NA,1,-0.35743956739894966,NA,1,NA,NA
Murphy et al. 2018,Murphy_et_al_2018_C2,Site_2,Control_1_2_3,Murphy et al. 2018 | Murphy_et_al_2018_C2 | Site_2 | Control_1_2_3,DOC,2015,4,-0.10834028560377437,8.419730105559508e-4,20,-0.7661203223264283,8.419730105559414e-4,20,3.544592752523256e-8,3.544592752523177e-8
Murphy et al. 2018,Murphy_et_al_2018_C2,Site_2,Control_1_2_3,Murphy et al. 2018 | Murphy_et_al_2018_C2 | Site_2 | Control_1_2_3,DOC,2015,5,-0.18214242362531485,0.07825280593635293,29,-0.8399224603479689,0.07825280593635295,29,2.1115522885905219e-4,2.1115522885905224e-4
Murphy et al. 2018,Murphy_et_al_2018_C2,Site_2,Control_1_2_3,Murphy et al. 2018 | Murphy_et_al_2018_C2 | Site_2 | Control_1_2_3,DOC,2015,7,0.17521212314695936,0.011083049970442512,10,-0.4825679135756947,0.011083049970442497,10,1.2283399664732577e-5,1.2283399664732542e-5
Murphy et al. 2018,Murphy_et_al_2018_C2,Site_2,Control_1_2_3,Murphy et al. 2018 | Murphy_et_al_2018_C2 | Site_2 | Control_1_2_3,DOC,2015,8,0.2574622232789322,0.03348869400500769,31,-0.40031781344372186,0.033488694005007674,31,3.617718148906574e-5,3.61771814890657e-5
Murphy et al. 2018,Murphy_et_al_2018_C2,Site_2,Control_1_2_3,Murphy et al. 2018 | Murphy_et_al_2018_C2 | Site_2 | Control_1_2_3,DOC,2015,9,0.35302783251494246,0.035140984392923756,30,-0.30475220420771154,0.03514098439292376,30,4.1162959470123696e-5,4.116295947012372e-5
Murphy et al. 2018,Murphy_et_al_2018_C2,Site_2,Control_1_2_3,Murphy et al. 2018 | Murphy_et_al_2018_C2 | Site_2 | Control_1_2_3,DOC,2015,10,0.4400860832641848,0.06089215989111997,31,-0.21769395345846926,0.06089215989111993,31,1.1960823020018451e-4,1.1960823020018434e-4
Murphy et al. 2018,Murphy_et_al_2018_C2,Site_2,Control_1_2_3,Murphy et al. 2018 | Murphy_et_al_2018_C2 | Site_2 | Control_1_2_3,DOC,2015,11,0.2849176979878529,0.012607864996192148,3,-0.37286233873480124,0.012607864996192148,3,5.2986086587402406e-5,5.2986086587402406e-5
Murphy et al. 2018,Murphy_et_al_2018_C2,Site_2,Control_1_2_3,Murphy et al. 2018 | Murphy_et_al_2018_C2 | Site_2 | Control_1_2_3,NO3,2011,3,-0.5594581412321533,0.5288480580566901,30,-1.2172381779548074,0.52884805805669,30,0.009322675617011077,0.009322675617011073
Murphy et al. 2018,Murphy_et_al_2018_C2,Site_2,Control_1_2_3,Murphy et al. 2018 | Murphy_et_al_2018_C2 | Site_2 | Control_1_2_3,NO3,2011,4,-0.8628896447689266,0.7731389661114227,30,-1.5206696814915805,0.7731389661114226,30,0.019924795363994656,0.019924795363994652
Murphy et al. 2018,Murphy_et_al_2018_C2,Site_2,Control_1_2_3,Murphy et al. 2018 | Murphy_et_al_2018_C2 | Site_2 | Control_1_2_3,NO3,2011,5,0.620697095328274,1.6727305397035128,31,-0.03708294139438015,1.6727305397035128,31,0.09025895027280016,0.09025895027280016
Murphy et al. 2018,Murphy_et_al_2018_C2,Site_2,Control_1_2_3,Murphy et al. 2018 | Murphy_et_al_2018_C2 | Site_2 | Control_1_2_3,NO3,2011,6,0.7811206420834755,1.006612762224154,30,0.1233406053608215,1.006612762224154,30,0.033775641769084715,0.033775641769084715
Murphy et al. 2018,Murphy_et_al_2018_C2,Site_2,Control_1_2_3,Murphy et al. 2018 | Murphy_et_al_2018_C2 | Site_2 | Control_1_2_3,NO3,2011,7,2.742089548983263,1.6929888625430367,31,2.0843095122606092,1.6929888625430367,31,0.09245842866757308,0.09245842866757308
Murphy et al. 2018,Murphy_et_al_2018_C2,Site_2,Control_1_2_3,Murphy et al. 2018 | Murphy_et_al_2018_C2 | Site_2 | Control_1_2_3,NO3,2011,8,2.770735627330099,0.7794717912200126,31,2.112955590607445,0.7794717912200126,31,0.019599234622830163,0.019599234622830163
Murphy et al. 2018,Murphy_et_al_2018_C2,Site_2,Control_1_2_3,Murphy et al. 2018 | Murphy_et_al_2018_C2 | Site_2 | Control_1_2_3,NO3,2011,9,3.5786430526575734,0.6891788999531187,30,2.9208630159349194,0.6891788999531185,30,0.015832251871353023,0.01583225187135302
Murphy et al. 2018,Murphy_et_al_2018_C2,Site_2,Control_1_2_3,Murphy et al. 2018 | Murphy_et_al_2018_C2 | Site_2 | Control_1_2_3,NO3,2011,10,1.3939972202811053,0.859755463793214,31,0.7362171835584512,0.859755463793214,31,0.023844498629751115,0.023844498629751115
Murphy et al. 2018,Murphy_et_al_2018_C2,Site_2,Control_1_2_3,Murphy et al. 2018 | Murphy_et_al_2018_C2 | Site_2 | Control_1_2_3,NO3,2011,11,1.924260113103223,0.9088290395308096,30,1.2664800763805693,0.9088290395308096,30,0.027532340769816466,0.027532340769816466
Murphy et al. 2018,Murphy_et_al_2018_C2,Site_2,Control_1_2_3,Murphy et al. 2018 | Murphy_et_al_2018_C2 | Site_2 | Control_1_2_3,NO3,2011,12,1.9009681813364907,0.4242638745336648,31,1.2431881446138366,0.4242638745336649,31,0.005806446297881203,0.005806446297881205
Murphy et al. 2018,Murphy_et_al_2018_C2,Site_2,Control_1_2_3,Murphy et al. 2018 | Murphy_et_al_2018_C2 | Site_2 | Control_1_2_3,NO3,2012,1,1.4541338842245797,0.037860457428801474,31,0.7963538475019257,0.03786045742880146,31,4.623916892638996e-5,4.623916892638993e-5
Murphy et al. 2018,Murphy_et_al_2018_C2,Site_2,Control_1_2_3,Murphy et al. 2018 | Murphy_et_al_2018_C2 | Site_2 | Control_1_2_3,NO3,2012,2,1.6354996947573264,0.09962006789607808,29,0.9777196580346723,0.0996200678960781,29,3.422123423316968e-4,3.422123423316969e-4
Murphy et al. 2018,Murphy_et_al_2018_C2,Site_2,Control_1_2_3,Murphy et al. 2018 | Murphy_et_al_2018_C2 | Site_2 | Control_1_2_3,NO3,2012,3,1.9769471069237798,0.11861961848251787,31,1.3191670702011258,0.11861961848251791,31,4.538907706109063e-4,4.538907706109066e-4
Murphy et al. 2018,Murphy_et_al_2018_C2,Site_2,Control_1_2_3,Murphy et al. 2018 | Murphy_et_al_2018_C2 | Site_2 | Control_1_2_3,NO3,2012,4,2.6315495237185345,0.45310134006822506,30,1.9737694869958804,0.45310134006822506,30,0.006843360812387378,0.006843360812387378
Murphy et al. 2018,Murphy_et_al_2018_C2,Site_2,Control_1_2_3,Murphy et al. 2018 | Murphy_et_al_2018_C2 | Site_2 | Control_1_2_3,NO3,2012,5,0.656574548622745,0.6219619970651632,31,-0.0012054880999088286,0.6219619970651632,31,0.012478604057847939,0.012478604057847939
Murphy et al. 2018,Murphy_et_al_2018_C2,Site_2,Control_1_2_3,Murphy et al. 2018 | Murphy_et_al_2018_C2 | Site_2 | Control_1_2_3,NO3,2012,6,-0.1121234405688861,0.3549550107217455,30,-0.7699034772915402,0.3549550107217455,30,0.004199768654549149,0.004199768654549149
Murphy et al. 2018,Murphy_et_al_2018_C2,Site_2,Control_1_2_3,Murphy et al. 2018 | Murphy_et_al_2018_C2 | Site_2 | Control_1_2_3,NO3,2012,7,2.803894320549229,1.7775475868027995,31,2.146114283826575,1.7775475868027992,31,0.1019250136564018,0.10192501365640178
Murphy et al. 2018,Murphy_et_al_2018_C2,Site_2,Control_1_2_3,Murphy et al. 2018 | Murphy_et_al_2018_C2 | Site_2 | Control_1_2_3,NO3,2012,8,2.2989027337752597,0.3582652968731151,31,1.6411226970526056,0.35826529687311515,31,0.004140452353018751,0.0041404523530187524
Murphy et al. 2018,Murphy_et_al_2018_C2,Site_2,Control_1_2_3,Murphy et al. 2018 | Murphy_et_al_2018_C2 | Site_2 | Control_1_2_3,NO3,2012,9,1.0693315230442053,0.503346638635581,20,0.4115514863215514,0.5033466386355809,20,0.01266789193128691,0.012667891931286904
Murphy et al. 2018,Murphy_et_al_2018_C2,Site_2,Control_1_2_3,Murphy et al. 2018 | Murphy_et_al_2018_C2 | Site_2 | Control_1_2_3,NO3,2013,3,0.9153005324982274,0.17219997403317822,10,0.25752049577557334,0.17219997403317822,10,0.002965283105702725,0.002965283105702725
Murphy et al. 2018,Murphy_et_al_2018_C2,Site_2,Control_1_2_3,Murphy et al. 2018 | Murphy_et_al_2018_C2 | Site_2 | Control_1_2_3,NO3,2013,4,2.079819987549508,0.4507052185267901,30,1.4220399508268537,0.4507052185267902,30,0.006771173133576053,0.006771173133576057
Murphy et al. 2018,Murphy_et_al_2018_C2,Site_2,Control_1_2_3,Murphy et al. 2018 | Murphy_et_al_2018_C2 | Site_2 | Control_1_2_3,NO3,2013,5,2.663883293278391,0.4373669715991532,31,2.0061032565557366,0.43736697159915333,31,0.006170640898252081,0.006170640898252084
Murphy et al. 2018,Murphy_et_al_2018_C2,Site_2,Control_1_2_3,Murphy et al. 2018 | Murphy_et_al_2018_C2 | Site_2 | Control_1_2_3,NO3,2013,6,1.0204510132633395,0.8977210950265708,30,0.36267097654068553,0.8977210950265708,30,0.02686343881519018,0.02686343881519018
Murphy et al. 2018,Murphy_et_al_2018_C2,Site_2,Control_1_2_3,Murphy et al. 2018 | Murphy_et_al_2018_C2 | Site_2 | Control_1_2_3,NO3,2013,7,1.6351609593680982,1.4651289157914518,31,0.9773809226454441,1.4651289157914518,31,0.06924524967381403,0.06924524967381403
Murphy et al. 2018,Murphy_et_al_2018_C2,Site_2,Control_1_2_3,Murphy et al. 2018 | Murphy_et_al_2018_C2 | Site_2 | Control_1_2_3,NO3,2013,8,1.2217586611708502,1.1533566094514522,31,0.5639786244481961,1.153356609451452,31,0.04291069253436612,0.0429106925343661
Murphy et al. 2018,Murphy_et_al_2018_C2,Site_2,Control_1_2_3,Murphy et al. 2018 | Murphy_et_al_2018_C2 | Site_2 | Control_1_2_3,NO3,2013,9,2.37406015195546,0.13194328976249958,30,1.7162801152328055,0.13194328976249967,30,5.803010571116976e-4,5.803010571116984e-4
Murphy et al. 2018,Murphy_et_al_2018_C2,Site_2,Control_1_2_3,Murphy et al. 2018 | Murphy_et_al_2018_C2 | Site_2 | Control_1_2_3,NO3,2013,10,2.333090357366987,0.470000096995661,31,1.675310320644333,0.470000096995661,31,0.007125809392771959,0.007125809392771959
Murphy et al. 2018,Murphy_et_al_2018_C2,Site_2,Control_1_2_3,Murphy et al. 2018 | Murphy_et_al_2018_C2 | Site_2 | Control_1_2_3,NO3,2013,11,1.0826532963011077,0.1502545658368626,30,0.4248732595784536,0.1502545658368626,30,7.525478184941361e-4,7.525478184941361e-4
Murphy et al. 2018,Murphy_et_al_2018_C2,Site_2,Control_1_2_3,Murphy et al. 2018 | Murphy_et_al_2018_C2 | Site_2 | Control_1_2_3,NO3,2013,12,1.4519714149860639,0.06972333474595868,16,0.7941913782634097,0.06972333474595868,16,3.0383396300606307e-4,3.0383396300606307e-4
Murphy et al. 2018,Murphy_et_al_2018_C2,Site_2,Control_1_2_3,Murphy et al. 2018 | Murphy_et_al_2018_C2 | Site_2 | Control_1_2_3,NO3,2014,4,1.3803187328716673,0.15686075243993608,19,0.7225386961490132,0.15686075243993608,19,0.001295015560843311,0.001295015560843311
Murphy et al. 2018,Murphy_et_al_2018_C2,Site_2,Control_1_2_3,Murphy et al. 2018 | Murphy_et_al_2018_C2 | Site_2 | Control_1_2_3,NO3,2014,5,1.3143329864913567,0.690406420666596,31,0.6565529497687027,0.690406420666596,31,0.015376162119279377,0.015376162119279377
Murphy et al. 2018,Murphy_et_al_2018_C2,Site_2,Control_1_2_3,Murphy et al. 2018 | Murphy_et_al_2018_C2 | Site_2 | Control_1_2_3,NO3,2014,6,1.6302915379560825,0.592480361710313,30,0.9725115012334283,0.5924803617103132,30,0.01170109930041278,0.011701099300412783
Murphy et al. 2018,Murphy_et_al_2018_C2,Site_2,Control_1_2_3,Murphy et al. 2018 | Murphy_et_al_2018_C2 | Site_2 | Control_1_2_3,NO3,2014,7,0.714234894472092,0.3151813024599572,31,0.056454857749437884,0.3151813024599572,31,0.0032044920458179035,0.0032044920458179035
Murphy et al. 2018,Murphy_et_al_2018_C2,Site_2,Control_1_2_3,Murphy et al. 2018 | Murphy_et_al_2018_C2 | Site_2 | Control_1_2_3,NO3,2014,8,0.6268746017879477,0.430702786294209,31,-0.030905434934706304,0.43070278629420905,31,0.005984028713599841,0.005984028713599842
Murphy et al. 2018,Murphy_et_al_2018_C2,Site_2,Control_1_2_3,Murphy et al. 2018 | Murphy_et_al_2018_C2 | Site_2 | Control_1_2_3,NO3,2014,9,-0.2557183120191384,0.15367312145437542,30,-0.9134983487417925,0.15367312145437542,30,7.871809419177073e-4,7.871809419177073e-4
Murphy et al. 2018,Murphy_et_al_2018_C2,Site_2,Control_1_2_3,Murphy et al. 2018 | Murphy_et_al_2018_C2 | Site_2 | Control_1_2_3,NO3,2014,10,0,NA,1,-0.657780036722654,NA,1,NA,NA
Murphy et al. 2018,Murphy_et_al_2018_C2,Site_2,Control_1_2_3,Murphy et al. 2018 | Murphy_et_al_2018_C2 | Site_2 | Control_1_2_3,NO3,2015,4,2.126704639114425,0.16884759109148972,20,1.4689246023917708,0.16884759109148967,20,0.001425475450869946,0.001425475450869945
Murphy et al. 2018,Murphy_et_al_2018_C2,Site_2,Control_1_2_3,Murphy et al. 2018 | Murphy_et_al_2018_C2 | Site_2 | Control_1_2_3,NO3,2015,5,1.998912335982516,0.3093203134641091,29,1.341132299259862,0.3093203134641091,29,0.003299277804190852,0.003299277804190852
Murphy et al. 2018,Murphy_et_al_2018_C2,Site_2,Control_1_2_3,Murphy et al. 2018 | Murphy_et_al_2018_C2 | Site_2 | Control_1_2_3,NO3,2015,7,1.6399951463352163,0.250047637970956,10,0.9822151096125622,0.25004763797095597,10,0.006252382125485428,0.006252382125485426
Murphy et al. 2018,Murphy_et_al_2018_C2,Site_2,Control_1_2_3,Murphy et al. 2018 | Murphy_et_al_2018_C2 | Site_2 | Control_1_2_3,NO3,2015,8,0.5235406204867323,0.388951836301278,31,-0.1342394162359217,0.388951836301278,31,0.0048801139020043915,0.0048801139020043915
Murphy et al. 2018,Murphy_et_al_2018_C2,Site_2,Control_1_2_3,Murphy et al. 2018 | Murphy_et_al_2018_C2 | Site_2 | Control_1_2_3,NO3,2015,9,-0.16258460892026053,0.07653996365155905,30,-0.8203646456429146,0.07653996365155906,30,1.9527886785939934e-4,1.952788678593994e-4
Murphy et al. 2018,Murphy_et_al_2018_C2,Site_2,Control_1_2_3,Murphy et al. 2018 | Murphy_et_al_2018_C2 | Site_2 | Control_1_2_3,NO3,2015,10,0.037279904877593625,0.0535077915146457,31,-0.6205001318450605,0.0535077915146457,31,9.235754041209e-5,9.235754041209e-5
Murphy et al. 2018,Murphy_et_al_2018_C2,Site_2,Control_1_2_3,Murphy et al. 2018 | Murphy_et_al_2018_C2 | Site_2 | Control_1_2_3,NO3,2015,11,-0.07964542216401439,0.007396775276098437,3,-0.7374254588866683,0.007396775276098298,3,1.823742816170037e-5,1.8237428161699687e-5
Murphy et al. 2018,Murphy_et_al_2018_C3,Site_3,Control_1_2_3,Murphy et al. 2018 | Murphy_et_al_2018_C3 | Site_3 | Control_1_2_3,DOC,2011,3,0.292776439009964,0.1182135068291146,30,-0.5977013618317115,0.1182135068291146,30,4.6581443989457085e-4,4.6581443989457085e-4
Murphy et al. 2018,Murphy_et_al_2018_C3,Site_3,Control_1_2_3,Murphy et al. 2018 | Murphy_et_al_2018_C3 | Site_3 | Control_1_2_3,DOC,2011,4,-0.03526575660189064,0.16065454809814347,30,-0.9257435574435662,0.16065454809814353,30,8.603294608206232e-4,8.603294608206237e-4
Murphy et al. 2018,Murphy_et_al_2018_C3,Site_3,Control_1_2_3,Murphy et al. 2018 | Murphy_et_al_2018_C3 | Site_3 | Control_1_2_3,DOC,2011,5,-0.04529812216543796,0.14997330884660687,31,-0.9357759230071134,0.1499733088466069,31,7.255481731096686e-4,7.25548173109669e-4
Murphy et al. 2018,Murphy_et_al_2018_C3,Site_3,Control_1_2_3,Murphy et al. 2018 | Murphy_et_al_2018_C3 | Site_3 | Control_1_2_3,DOC,2011,6,0.020760626021861323,0.1092940846820447,30,-0.8697171748198143,0.1092940846820447,30,3.981732315495319e-4,3.981732315495319e-4
Murphy et al. 2018,Murphy_et_al_2018_C3,Site_3,Control_1_2_3,Murphy et al. 2018 | Murphy_et_al_2018_C3 | Site_3 | Control_1_2_3,DOC,2011,7,0.2955917943402916,0.5240020809633339,31,-0.594886006501384,0.5240020809633339,31,0.008857360672706592,0.008857360672706592
Murphy et al. 2018,Murphy_et_al_2018_C3,Site_3,Control_1_2_3,Murphy et al. 2018 | Murphy_et_al_2018_C3 | Site_3 | Control_1_2_3,DOC,2011,8,0.6561616643275047,0.13565287295662024,31,-0.23431613651417083,0.13565287295662024,31,5.936032884317726e-4,5.936032884317726e-4
Murphy et al. 2018,Murphy_et_al_2018_C3,Site_3,Control_1_2_3,Murphy et al. 2018 | Murphy_et_al_2018_C3 | Site_3 | Control_1_2_3,DOC,2011,9,0.8844742171432135,0.21253660751769224,30,-0.006003583698461924,0.2125366075176923,30,0.0015057269845043183,0.0015057269845043194
Murphy et al. 2018,Murphy_et_al_2018_C3,Site_3,Control_1_2_3,Murphy et al. 2018 | Murphy_et_al_2018_C3 | Site_3 | Control_1_2_3,DOC,2011,10,0.8222010801857245,0.11236495798550447,31,-0.06827672065595103,0.11236495798550448,31,4.0728657364787695e-4,4.0728657364787706e-4
Murphy et al. 2018,Murphy_et_al_2018_C3,Site_3,Control_1_2_3,Murphy et al. 2018 | Murphy_et_al_2018_C3 | Site_3 | Control_1_2_3,DOC,2011,11,0.6034017635527005,0.07528258075267426,30,-0.28707603728897507,0.07528258075267426,30,1.8891556549276403e-4,1.8891556549276403e-4
Murphy et al. 2018,Murphy_et_al_2018_C3,Site_3,Control_1_2_3,Murphy et al. 2018 | Murphy_et_al_2018_C3 | Site_3 | Control_1_2_3,DOC,2011,12,0.5103488770061698,0.011866604203432428,31,-0.38012892383550567,0.011866604203432414,31,4.542461139384522e-6,4.5424611393845105e-6
Murphy et al. 2018,Murphy_et_al_2018_C3,Site_3,Control_1_2_3,Murphy et al. 2018 | Murphy_et_al_2018_C3 | Site_3 | Control_1_2_3,DOC,2012,1,0.5172477158658552,0.006581002346217259,31,-0.37323008497582033,0.00658100234621725,31,1.3970836090618407e-6,1.397083609061837e-6
Murphy et al. 2018,Murphy_et_al_2018_C3,Site_3,Control_1_2_3,Murphy et al. 2018 | Murphy_et_al_2018_C3 | Site_3 | Control_1_2_3,DOC,2012,2,0.48320822269710834,0.016445711552292724,29,-0.40726957814456716,0.01644571155229275,29,9.326256153834978e-6,9.326256153835009e-6
Murphy et al. 2018,Murphy_et_al_2018_C3,Site_3,Control_1_2_3,Murphy et al. 2018 | Murphy_et_al_2018_C3 | Site_3 | Control_1_2_3,DOC,2012,3,0.20047270063618705,0.19699542468533418,31,-0.6900051002054884,0.1969954246853342,31,0.0012518450757082315,0.0012518450757082317
Murphy et al. 2018,Murphy_et_al_2018_C3,Site_3,Control_1_2_3,Murphy et al. 2018 | Murphy_et_al_2018_C3 | Site_3 | Control_1_2_3,DOC,2012,4,-0.029731905118536586,0.02451998146280216,30,-0.920209705960212,0.02451998146280214,30,2.004098303120539e-5,2.004098303120535e-5
Murphy et al. 2018,Murphy_et_al_2018_C3,Site_3,Control_1_2_3,Murphy et al. 2018 | Murphy_et_al_2018_C3 | Site_3 | Control_1_2_3,DOC,2012,5,0.19595761070762607,0.0704357636875995,31,-0.6945201901340494,0.07043576368759953,31,1.6003860665339873e-4,1.6003860665339886e-4
Murphy et al. 2018,Murphy_et_al_2018_C3,Site_3,Control_1_2_3,Murphy et al. 2018 | Murphy_et_al_2018_C3 | Site_3 | Control_1_2_3,DOC,2012,6,0.25275978711353003,0.054405189502720504,30,-0.6377180137281455,0.054405189502720525,30,9.86641548275643e-5,9.866415482756439e-5
Murphy et al. 2018,Murphy_et_al_2018_C3,Site_3,Control_1_2_3,Murphy et al. 2018 | Murphy_et_al_2018_C3 | Site_3 | Control_1_2_3,DOC,2012,7,0.22657321820538395,0.5953519763842017,31,-0.6639045826362915,0.5953519763842017,31,0.011433676638212098,0.011433676638212098
Murphy et al. 2018,Murphy_et_al_2018_C3,Site_3,Control_1_2_3,Murphy et al. 2018 | Murphy_et_al_2018_C3 | Site_3 | Control_1_2_3,DOC,2012,8,0.16331636032948985,0.04332470673464816,31,-0.7271614405121857,0.043324706734648166,31,6.0549361730427986e-5,6.0549361730428006e-5
Murphy et al. 2018,Murphy_et_al_2018_C3,Site_3,Control_1_2_3,Murphy et al. 2018 | Murphy_et_al_2018_C3 | Site_3 | Control_1_2_3,DOC,2012,9,0.29731072782609796,0.03560717746874793,20,-0.5931670730155775,0.035607177468747926,20,6.339355436454553e-5,6.33935543645455e-5
Murphy et al. 2018,Murphy_et_al_2018_C3,Site_3,Control_1_2_3,Murphy et al. 2018 | Murphy_et_al_2018_C3 | Site_3 | Control_1_2_3,DOC,2013,3,0.24026242148530383,0.06433315306945861,10,-0.6502153793563717,0.06433315306945862,10,4.138754583858392e-4,4.1387545838583934e-4
Murphy et al. 2018,Murphy_et_al_2018_C3,Site_3,Control_1_2_3,Murphy et al. 2018 | Murphy_et_al_2018_C3 | Site_3 | Control_1_2_3,DOC,2013,4,0.04235755165007303,0.09425716325006145,30,-0.8481202491916024,0.09425716325006145,30,2.961470941316245e-4,2.961470941316245e-4
Murphy et al. 2018,Murphy_et_al_2018_C3,Site_3,Control_1_2_3,Murphy et al. 2018 | Murphy_et_al_2018_C3 | Site_3 | Control_1_2_3,DOC,2013,5,-0.05664602962069821,0.04677668811152943,31,-0.9471238304623737,0.04677668811152941,31,7.058253389300963e-5,7.058253389300958e-5
Murphy et al. 2018,Murphy_et_al_2018_C3,Site_3,Control_1_2_3,Murphy et al. 2018 | Murphy_et_al_2018_C3 | Site_3 | Control_1_2_3,DOC,2013,6,0.1958928824908015,0.10362011342661046,30,-0.694584918350874,0.10362011342661046,30,3.579042635514539e-4,3.579042635514539e-4
Murphy et al. 2018,Murphy_et_al_2018_C3,Site_3,Control_1_2_3,Murphy et al. 2018 | Murphy_et_al_2018_C3 | Site_3 | Control_1_2_3,DOC,2013,7,0.17467500480420864,0.24544741905011633,31,-0.7158027960374669,0.2454474190501163,31,0.0019433688876891422,0.0019433688876891416
Murphy et al. 2018,Murphy_et_al_2018_C3,Site_3,Control_1_2_3,Murphy et al. 2018 | Murphy_et_al_2018_C3 | Site_3 | Control_1_2_3,DOC,2013,8,0.12296771033547907,0.23974931575352243,31,-0.7675100905061963,0.23974931575352246,31,0.0018541849807832966,0.001854184980783297
Murphy et al. 2018,Murphy_et_al_2018_C3,Site_3,Control_1_2_3,Murphy et al. 2018 | Murphy_et_al_2018_C3 | Site_3 | Control_1_2_3,DOC,2013,9,0.19327526295837597,0.1990098966831108,30,-0.6972025378832996,0.19900989668311084,30,0.0013201646325940813,0.0013201646325940815
Murphy et al. 2018,Murphy_et_al_2018_C3,Site_3,Control_1_2_3,Murphy et al. 2018 | Murphy_et_al_2018_C3 | Site_3 | Control_1_2_3,DOC,2013,10,0.2768910408207609,0.16320145414889792,31,-0.6135867600209146,0.16320145414889792,31,8.5918434310693e-4,8.5918434310693e-4
Murphy et al. 2018,Murphy_et_al_2018_C3,Site_3,Control_1_2_3,Murphy et al. 2018 | Murphy_et_al_2018_C3 | Site_3 | Control_1_2_3,DOC,2013,11,0.4669655574304734,0.026108616266330913,30,-0.4235122434112021,0.026108616266330896,30,2.272199477808397e-5,2.272199477808394e-5
Murphy et al. 2018,Murphy_et_al_2018_C3,Site_3,Control_1_2_3,Murphy et al. 2018 | Murphy_et_al_2018_C3 | Site_3 | Control_1_2_3,DOC,2013,12,0.5472401915542062,0.01993835491752073,16,-0.34323760928746927,0.01993835491752072,16,2.4846124801063946e-5,2.484612480106392e-5
Murphy et al. 2018,Murphy_et_al_2018_C3,Site_3,Control_1_2_3,Murphy et al. 2018 | Murphy_et_al_2018_C3 | Site_3 | Control_1_2_3,DOC,2014,4,-0.1723083215360253,0.02530120939630758,19,-1.0627861223777009,0.025301209396307523,19,3.369216825872647e-5,3.3692168258726324e-5
Murphy et al. 2018,Murphy_et_al_2018_C3,Site_3,Control_1_2_3,Murphy et al. 2018 | Murphy_et_al_2018_C3 | Site_3 | Control_1_2_3,DOC,2014,5,-0.014793610514330409,0.05084503948943006,31,-0.9052714113560059,0.050845039489430095,31,8.339413034457104e-5,8.339413034457115e-5
Murphy et al. 2018,Murphy_et_al_2018_C3,Site_3,Control_1_2_3,Murphy et al. 2018 | Murphy_et_al_2018_C3 | Site_3 | Control_1_2_3,DOC,2014,6,0.10303603723909849,0.056429926136293856,30,-0.787441763602577,0.05642992613629388,30,1.0614455212491936e-4,1.0614455212491943e-4
Murphy et al. 2018,Murphy_et_al_2018_C3,Site_3,Control_1_2_3,Murphy et al. 2018 | Murphy_et_al_2018_C3 | Site_3 | Control_1_2_3,DOC,2014,7,0.060614755507868795,0.15074410911549113,31,-0.8298630453338067,0.1507441091154911,31,7.330253688071967e-4,7.330253688071964e-4
Murphy et al. 2018,Murphy_et_al_2018_C3,Site_3,Control_1_2_3,Murphy et al. 2018 | Murphy_et_al_2018_C3 | Site_3 | Control_1_2_3,DOC,2014,8,0.13075684071367502,0.22510367219551833,31,-0.7597209601280005,0.22510367219551833,31,0.0016345697818034635,0.0016345697818034635
Murphy et al. 2018,Murphy_et_al_2018_C3,Site_3,Control_1_2_3,Murphy et al. 2018 | Murphy_et_al_2018_C3 | Site_3 | Control_1_2_3,DOC,2014,9,0.4334033296544683,0.04786292654502403,30,-0.4570744711872072,0.04786292654502401,30,7.636199124847888e-5,7.63619912484788e-5
Murphy et al. 2018,Murphy_et_al_2018_C3,Site_3,Control_1_2_3,Murphy et al. 2018 | Murphy_et_al_2018_C3 | Site_3 | Control_1_2_3,DOC,2014,10,0.5234840206379141,NA,1,-0.3669937802037614,NA,1,NA,NA
Murphy et al. 2018,Murphy_et_al_2018_C3,Site_3,Control_1_2_3,Murphy et al. 2018 | Murphy_et_al_2018_C3 | Site_3 | Control_1_2_3,DOC,2015,4,-0.09962108364826489,0.0037655309768720073,20,-0.9900988844899403,0.0037655309768720017,20,7.089611768891327e-7,7.089611768891306e-7
Murphy et al. 2018,Murphy_et_al_2018_C3,Site_3,Control_1_2_3,Murphy et al. 2018 | Murphy_et_al_2018_C3 | Site_3 | Control_1_2_3,DOC,2015,5,-0.017306742226005867,0.05452188175849161,31,-0.9077845430676814,0.054521881758491576,31,9.589147066086904e-5,9.589147066086893e-5
Murphy et al. 2018,Murphy_et_al_2018_C3,Site_3,Control_1_2_3,Murphy et al. 2018 | Murphy_et_al_2018_C3 | Site_3 | Control_1_2_3,DOC,2015,6,0.14173467142750856,0.11712810015439823,30,-0.7487431294141669,0.11712810015439823,30,4.5729972819262473e-4,4.5729972819262473e-4
Murphy et al. 2018,Murphy_et_al_2018_C3,Site_3,Control_1_2_3,Murphy et al. 2018 | Murphy_et_al_2018_C3 | Site_3 | Control_1_2_3,DOC,2015,7,0.07206008173961669,0.11780141294143189,31,-0.8184177191020588,0.11780141294143193,31,4.4765073841928244e-4,4.4765073841928276e-4
Murphy et al. 2018,Murphy_et_al_2018_C3,Site_3,Control_1_2_3,Murphy et al. 2018 | Murphy_et_al_2018_C3 | Site_3 | Control_1_2_3,DOC,2015,8,0.35013383785648,0.05586077905380244,31,-0.5403439629851955,0.05586077905380244,31,1.006589237579914e-4,1.006589237579914e-4
Murphy et al. 2018,Murphy_et_al_2018_C3,Site_3,Control_1_2_3,Murphy et al. 2018 | Murphy_et_al_2018_C3 | Site_3 | Control_1_2_3,DOC,2015,9,0.4583186771570795,0.029816680346830913,30,-0.43215912368459597,0.029816680346830857,30,2.9634480896836425e-5,2.9634480896836317e-5
Murphy et al. 2018,Murphy_et_al_2018_C3,Site_3,Control_1_2_3,Murphy et al. 2018 | Murphy_et_al_2018_C3 | Site_3 | Control_1_2_3,DOC,2015,10,0.5542038685894124,0.040120293436476495,31,-0.33627393225226304,0.040120293436476516,31,5.1923804691257385e-5,5.192380469125744e-5
Murphy et al. 2018,Murphy_et_al_2018_C3,Site_3,Control_1_2_3,Murphy et al. 2018 | Murphy_et_al_2018_C3 | Site_3 | Control_1_2_3,DOC,2015,11,0.4559514824629082,0.008136695399654479,3,-0.43452631837876726,0.008136695399654423,3,2.2068604008919452e-5,2.2068604008919154e-5
Murphy et al. 2018,Murphy_et_al_2018_C3,Site_3,Control_1_2_3,Murphy et al. 2018 | Murphy_et_al_2018_C3 | Site_3 | Control_1_2_3,NO3,2011,3,-1.9832968163716582,0.4341322584189315,30,-2.873774617213334,0.4341322584189314,30,0.006282360593330731,0.006282360593330727
Murphy et al. 2018,Murphy_et_al_2018_C3,Site_3,Control_1_2_3,Murphy et al. 2018 | Murphy_et_al_2018_C3 | Site_3 | Control_1_2_3,NO3,2011,4,-1.264727310635338,0.7684723642776765,30,-2.1552051114770134,0.7684723642776765,30,0.0196849924886174,0.0196849924886174
Murphy et al. 2018,Murphy_et_al_2018_C3,Site_3,Control_1_2_3,Murphy et al. 2018 | Murphy_et_al_2018_C3 | Site_3 | Control_1_2_3,NO3,2011,5,0.24380855869541787,1.7158444371809727,31,-0.6466692421462575,1.7158444371809727,31,0.0949716816969319,0.0949716816969319
Murphy et al. 2018,Murphy_et_al_2018_C3,Site_3,Control_1_2_3,Murphy et al. 2018 | Murphy_et_al_2018_C3 | Site_3 | Control_1_2_3,NO3,2011,6,0.22160869698855143,0.9734256424875246,30,-0.668869103853124,0.9734256424875246,30,0.03158524938174167,0.03158524938174167
Murphy et al. 2018,Murphy_et_al_2018_C3,Site_3,Control_1_2_3,Murphy et al. 2018 | Murphy_et_al_2018_C3 | Site_3 | Control_1_2_3,NO3,2011,7,2.1788631555706286,2.062771498786423,31,1.2883853547289532,2.062771498786423,31,0.13725891149050276,0.13725891149050276
Murphy et al. 2018,Murphy_et_al_2018_C3,Site_3,Control_1_2_3,Murphy et al. 2018 | Murphy_et_al_2018_C3 | Site_3 | Control_1_2_3,NO3,2011,8,1.7104516084158383,0.8717369244534691,31,0.8199738075741628,0.8717369244534691,31,0.024513718240503007,0.024513718240503007
Murphy et al. 2018,Murphy_et_al_2018_C3,Site_3,Control_1_2_3,Murphy et al. 2018 | Murphy_et_al_2018_C3 | Site_3 | Control_1_2_3,NO3,2011,9,3.185433404412291,0.8443650992003038,30,2.2949556035706156,0.8443650992003039,30,0.023765080691584627,0.023765080691584634
Murphy et al. 2018,Murphy_et_al_2018_C3,Site_3,Control_1_2_3,Murphy et al. 2018 | Murphy_et_al_2018_C3 | Site_3 | Control_1_2_3,NO3,2011,10,1.2249328478855084,0.9146417871356405,31,0.3344550470438329,0.9146417871356405,31,0.02698611608950575,0.02698611608950575
Murphy et al. 2018,Murphy_et_al_2018_C3,Site_3,Control_1_2_3,Murphy et al. 2018 | Murphy_et_al_2018_C3 | Site_3 | Control_1_2_3,NO3,2011,11,0.526238889924054,0.8423601194826549,30,-0.36423891091762145,0.8423601194826549,30,0.023652352363161086,0.023652352363161086
Murphy et al. 2018,Murphy_et_al_2018_C3,Site_3,Control_1_2_3,Murphy et al. 2018 | Murphy_et_al_2018_C3 | Site_3 | Control_1_2_3,NO3,2011,12,0.8044172498034621,0.26622540124253086,31,-0.08606055103821343,0.26622540124253086,31,0.0022863214279595662,0.0022863214279595662
Murphy et al. 2018,Murphy_et_al_2018_C3,Site_3,Control_1_2_3,Murphy et al. 2018 | Murphy_et_al_2018_C3 | Site_3 | Control_1_2_3,NO3,2012,1,0.8548016867610327,0.14459388177966823,31,-0.03567611408064279,0.14459388177966825,31,6.744319563907313e-4,6.744319563907316e-4
Murphy et al. 2018,Murphy_et_al_2018_C3,Site_3,Control_1_2_3,Murphy et al. 2018 | Murphy_et_al_2018_C3 | Site_3 | Control_1_2_3,NO3,2012,2,1.2166423797822112,0.10700506571287163,29,0.32616457894053574,0.10700506571287163,29,3.948304858005509e-4,3.948304858005509e-4
Murphy et al. 2018,Murphy_et_al_2018_C3,Site_3,Control_1_2_3,Murphy et al. 2018 | Murphy_et_al_2018_C3 | Site_3 | Control_1_2_3,NO3,2012,3,1.6080891051604567,0.15607851385654567,31,0.7176113043187813,0.15607851385654567,31,7.858226608925135e-4,7.858226608925135e-4
Murphy et al. 2018,Murphy_et_al_2018_C3,Site_3,Control_1_2_3,Murphy et al. 2018 | Murphy_et_al_2018_C3 | Site_3 | Control_1_2_3,NO3,2012,4,2.310387075727407,0.5901983875855243,30,1.4199092748857314,0.5901983875855242,30,0.011611137890285093,0.01161113789028509
Murphy et al. 2018,Murphy_et_al_2018_C3,Site_3,Control_1_2_3,Murphy et al. 2018 | Murphy_et_al_2018_C3 | Site_3 | Control_1_2_3,NO3,2012,5,1.2206115725595568,1.1406280205278214,31,0.3301337717178814,1.1406280205278214,31,0.04196878326494246,0.04196878326494246
Murphy et al. 2018,Murphy_et_al_2018_C3,Site_3,Control_1_2_3,Murphy et al. 2018 | Murphy_et_al_2018_C3 | Site_3 | Control_1_2_3,NO3,2012,6,0.9112038265566086,0.9796742801004934,30,0.02072602571493336,0.9796742801004933,30,0.031992056503013996,0.03199205650301399
Murphy et al. 2018,Murphy_et_al_2018_C3,Site_3,Control_1_2_3,Murphy et al. 2018 | Murphy_et_al_2018_C3 | Site_3 | Control_1_2_3,NO3,2012,7,2.5055688128026987,1.2355373038348763,31,1.6150910119610233,1.2355373038348763,31,0.049243626747340494,0.049243626747340494
Murphy et al. 2018,Murphy_et_al_2018_C3,Site_3,Control_1_2_3,Murphy et al. 2018 | Murphy_et_al_2018_C3 | Site_3 | Control_1_2_3,NO3,2012,8,1.0202663715901832,1.2191960789890675,31,0.12978857074850825,1.2191960789890672,31,0.0479496477103973,0.04794964771039729
Murphy et al. 2018,Murphy_et_al_2018_C3,Site_3,Control_1_2_3,Murphy et al. 2018 | Murphy_et_al_2018_C3 | Site_3 | Control_1_2_3,NO3,2012,9,0,0,20,-0.8904778008416754,0,20,0,0
Murphy et al. 2018,Murphy_et_al_2018_C3,Site_3,Control_1_2_3,Murphy et al. 2018 | Murphy_et_al_2018_C3 | Site_3 | Control_1_2_3,NO3,2013,3,0.2633105231092792,0.24861201477821393,10,-0.6271672777323963,0.24861201477821393,10,0.006180793389208286,0.006180793389208286
Murphy et al. 2018,Murphy_et_al_2018_C3,Site_3,Control_1_2_3,Murphy et al. 2018 | Murphy_et_al_2018_C3 | Site_3 | Control_1_2_3,NO3,2013,4,1.834585709026408,0.5580941181313839,30,0.9441079081847326,0.5580941181313839,30,0.01038230148976157,0.01038230148976157
Murphy et al. 2018,Murphy_et_al_2018_C3,Site_3,Control_1_2_3,Murphy et al. 2018 | Murphy_et_al_2018_C3 | Site_3 | Control_1_2_3,NO3,2013,5,2.61837917746434,0.44011903517161693,31,1.7279013766226645,0.4401190351716169,31,0.006248540810335322,0.006248540810335321
Murphy et al. 2018,Murphy_et_al_2018_C3,Site_3,Control_1_2_3,Murphy et al. 2018 | Murphy_et_al_2018_C3 | Site_3 | Control_1_2_3,NO3,2013,6,0.6535411424411924,0.9778587329308277,30,-0.23693665840048286,0.9778587329308275,30,0.031873590052302794,0.03187359005230278
Murphy et al. 2018,Murphy_et_al_2018_C3,Site_3,Control_1_2_3,Murphy et al. 2018 | Murphy_et_al_2018_C3 | Site_3 | Control_1_2_3,NO3,2013,7,0.8260533986085584,1.0739117708804833,31,-0.06442440223311707,1.0739117708804833,31,0.037202790052763085,0.037202790052763085
Murphy et al. 2018,Murphy_et_al_2018_C3,Site_3,Control_1_2_3,Murphy et al. 2018 | Murphy_et_al_2018_C3 | Site_3 | Control_1_2_3,NO3,2013,8,0.2818868841533379,1.686017118112785,31,-0.6085909166883378,1.6860171181127854,31,0.09169850717965615,0.0916985071796562
Murphy et al. 2018,Murphy_et_al_2018_C3,Site_3,Control_1_2_3,Murphy et al. 2018 | Murphy_et_al_2018_C3 | Site_3 | Control_1_2_3,NO3,2013,9,2.548081582834791,0.1705904665983634,30,1.6576037819931153,0.17059046659836344,30,9.700369098082448e-4,9.700369098082451e-4
Murphy et al. 2018,Murphy_et_al_2018_C3,Site_3,Control_1_2_3,Murphy et al. 2018 | Murphy_et_al_2018_C3 | Site_3 | Control_1_2_3,NO3,2013,10,2.386344036450766,0.39041230770079244,31,1.4958662356090908,0.39041230770079244,31,0.004916831290459943,0.004916831290459943
Murphy et al. 2018,Murphy_et_al_2018_C3,Site_3,Control_1_2_3,Murphy et al. 2018 | Murphy_et_al_2018_C3 | Site_3 | Control_1_2_3,NO3,2013,11,1.3098109224780505,0.10366000055923717,30,0.419333121636375,0.10366000055923716,30,3.58179857198035e-4,3.581798571980349e-4
Murphy et al. 2018,Murphy_et_al_2018_C3,Site_3,Control_1_2_3,Murphy et al. 2018 | Murphy_et_al_2018_C3 | Site_3 | Control_1_2_3,NO3,2013,12,1.5623456945166259,0.052010384274300756,16,0.6718678936749504,0.05201038427430076,16,1.6906750452252696e-4,1.69067504522527e-4
Murphy et al. 2018,Murphy_et_al_2018_C3,Site_3,Control_1_2_3,Murphy et al. 2018 | Murphy_et_al_2018_C3 | Site_3 | Control_1_2_3,NO3,2014,4,1.439367596106412,0.10450666301438453,19,0.5488897952647367,0.10450666301438456,19,5.748232954948489e-4,5.748232954948491e-4
Murphy et al. 2018,Murphy_et_al_2018_C3,Site_3,Control_1_2_3,Murphy et al. 2018 | Murphy_et_al_2018_C3 | Site_3 | Control_1_2_3,NO3,2014,5,1.3448292033088112,0.7650465683968733,31,0.4543514024671356,0.7650465683968733,31,0.018880524252123606,0.018880524252123606
Murphy et al. 2018,Murphy_et_al_2018_C3,Site_3,Control_1_2_3,Murphy et al. 2018 | Murphy_et_al_2018_C3 | Site_3 | Control_1_2_3,NO3,2014,6,1.5100950694842246,0.9408043274991708,30,0.6196172686425491,0.9408043274991708,30,0.029503759421372233,0.029503759421372233
Murphy et al. 2018,Murphy_et_al_2018_C3,Site_3,Control_1_2_3,Murphy et al. 2018 | Murphy_et_al_2018_C3 | Site_3 | Control_1_2_3,NO3,2014,7,-0.4078645526226093,0.36963130471876254,31,-1.2983423534642848,0.36963130471876254,31,0.004407332304132087,0.004407332304132087
Murphy et al. 2018,Murphy_et_al_2018_C3,Site_3,Control_1_2_3,Murphy et al. 2018 | Murphy_et_al_2018_C3 | Site_3 | Control_1_2_3,NO3,2014,8,0.04670942989119046,0.9498214863591237,31,-0.8437683709504851,0.9498214863591237,31,0.029101963095143707,0.029101963095143707
Murphy et al. 2018,Murphy_et_al_2018_C3,Site_3,Control_1_2_3,Murphy et al. 2018 | Murphy_et_al_2018_C3 | Site_3 | Control_1_2_3,NO3,2014,9,-0.4048351395841422,0.2222542849339225,30,-1.2953129404258177,0.22225428493392246,30,0.0016465655723829735,0.001646565572382973
Murphy et al. 2018,Murphy_et_al_2018_C3,Site_3,Control_1_2_3,Murphy et al. 2018 | Murphy_et_al_2018_C3 | Site_3 | Control_1_2_3,NO3,2014,10,0,NA,1,-0.8904778008416754,NA,1,NA,NA
Murphy et al. 2018,Murphy_et_al_2018_C3,Site_3,Control_1_2_3,Murphy et al. 2018 | Murphy_et_al_2018_C3 | Site_3 | Control_1_2_3,NO3,2015,4,2.189676346558281,0.1265363480344269,20,1.2991985457166058,0.12653634803442693,20,8.005723686944806e-4,8.005723686944809e-4
Murphy et al. 2018,Murphy_et_al_2018_C3,Site_3,Control_1_2_3,Murphy et al. 2018 | Murphy_et_al_2018_C3 | Site_3 | Control_1_2_3,NO3,2015,5,2.2965370518903923,0.2505984688843105,31,1.4060592510487167,0.2505984688843105,31,0.0020257933099084107,0.0020257933099084107
Murphy et al. 2018,Murphy_et_al_2018_C3,Site_3,Control_1_2_3,Murphy et al. 2018 | Murphy_et_al_2018_C3 | Site_3 | Control_1_2_3,NO3,2015,6,0.8448142626998607,0.9006945751996921,30,-0.04566353814181481,0.9006945751996921,30,0.02704169059313846,0.02704169059313846
Murphy et al. 2018,Murphy_et_al_2018_C3,Site_3,Control_1_2_3,Murphy et al. 2018 | Murphy_et_al_2018_C3 | Site_3 | Control_1_2_3,NO3,2015,7,2.218048535189949,0.5962861867146467,31,1.3275707343482732,0.5962861867146467,31,0.011469587627957889,0.011469587627957889
Murphy et al. 2018,Murphy_et_al_2018_C3,Site_3,Control_1_2_3,Murphy et al. 2018 | Murphy_et_al_2018_C3 | Site_3 | Control_1_2_3,NO3,2015,8,-0.5163341260285347,0.6277235166616834,31,-1.4068119268702102,0.6277235166616834,31,0.012710864947422924,0.012710864947422924
Murphy et al. 2018,Murphy_et_al_2018_C3,Site_3,Control_1_2_3,Murphy et al. 2018 | Murphy_et_al_2018_C3 | Site_3 | Control_1_2_3,NO3,2015,9,-0.22133619626542417,0.24182926930597087,30,-1.1118139971070997,0.2418292693059709,30,0.0019493798497686595,0.00194937984976866
Murphy et al. 2018,Murphy_et_al_2018_C3,Site_3,Control_1_2_3,Murphy et al. 2018 | Murphy_et_al_2018_C3 | Site_3 | Control_1_2_3,NO3,2015,10,-0.7768239352069211,0.13336844632867528,31,-1.6673017360485964,0.13336844632867526,31,5.737787895524109e-4,5.737787895524107e-4
Murphy et al. 2018,Murphy_et_al_2018_C3,Site_3,Control_1_2_3,Murphy et al. 2018 | Murphy_et_al_2018_C3 | Site_3 | Control_1_2_3,NO3,2015,11,-0.7013560161243191,0.008265214498760791,3,-1.5918338169659947,0.008265214498760902,3,2.2771256903508533e-5,2.2771256903509143e-5
Neary & Currier; 1982,Neary_Currier_1982_C1,Site_1,Control_1,Neary & Currier; 1982 | Neary_Currier_1982_C1 | Site_1 | Control_1,NO3,1978,5,0.7479132661843934,0.30131285092194643,23,1.2660515367966705,0.3013128509219464,23,0.003947366701335266,0.003947366701335264
Neary & Currier; 1982,Neary_Currier_1982_C1,Site_1,Control_1,Neary & Currier; 1982 | Neary_Currier_1982_C1 | Site_1 | Control_1,NO3,1978,6,1.2776828908176696,0.3725545701517022,30,1.7958211614299469,0.3725545701517021,30,0.004626563591363986,0.004626563591363985
Neary & Currier; 1982,Neary_Currier_1982_C1,Site_1,Control_1,Neary & Currier; 1982 | Neary_Currier_1982_C1 | Site_1 | Control_1,NO3,1978,7,1.2418593045893875,0.3918162731457271,31,1.7599975752016648,0.39181627314572703,31,0.004952257803284097,0.004952257803284096
Neary & Currier; 1982,Neary_Currier_1982_C1,Site_1,Control_1,Neary & Currier; 1982 | Neary_Currier_1982_C1 | Site_1 | Control_1,NO3,1978,8,1.2408035210794277,0.42771846785719003,31,1.758941791691705,0.42771846785719003,31,0.005901389927293616,0.005901389927293616
Neary & Currier; 1982,Neary_Currier_1982_C1,Site_1,Control_1,Neary & Currier; 1982 | Neary_Currier_1982_C1 | Site_1 | Control_1,NO3,1978,9,1.3779879998084947,0.18038536438659478,30,1.896126270420772,0.1803853643865948,30,0.0010846293228294857,0.0010846293228294862
Neary & Currier; 1982,Neary_Currier_1982_C1,Site_1,Control_1,Neary & Currier; 1982 | Neary_Currier_1982_C1 | Site_1 | Control_1,NO3,1978,10,1.2146414987886394,0.24189429077262795,31,1.7327797694009166,0.24189429077262797,31,0.0018875112228513768,0.0018875112228513772
Neary & Currier; 1982,Neary_Currier_1982_C1,Site_1,Control_1,Neary & Currier; 1982 | Neary_Currier_1982_C1 | Site_1 | Control_1,NO3,1978,11,0.30317749737019334,0.23856009314019755,30,0.8213157679824705,0.23856009314019758,30,0.0018970306013019911,0.0018970306013019913
Neary & Currier; 1982,Neary_Currier_1982_C1,Site_1,Control_1,Neary & Currier; 1982 | Neary_Currier_1982_C1 | Site_1 | Control_1,NO3,1978,12,-0.036916672972614105,0.11893735846969222,31,0.48122159763966316,0.1189373584696922,31,4.56325652895099e-4,4.5632565289509876e-4
Neary & Currier; 1982,Neary_Currier_1982_C1,Site_1,Control_1,Neary & Currier; 1982 | Neary_Currier_1982_C1 | Site_1 | Control_1,NO3,1979,1,0.1685146663240515,0.007522350820125295,2,0.6866529369363286,0.0075223508201251186,2,2.8292880930519845e-5,2.829288093051852e-5
Neary & Currier; 1982,Neary_Currier_1982_C1,Site_1,Control_1,Neary & Currier; 1982 | Neary_Currier_1982_C1 | Site_1 | Control_1,NO3,1979,2,0.4680241189657808,0.17448074023491056,16,0.9861623895780579,0.17448074023491056,16,0.001902720544557646,0.001902720544557646
Neary & Currier; 1982,Neary_Currier_1982_C1,Site_1,Control_1,Neary & Currier; 1982 | Neary_Currier_1982_C1 | Site_1 | Control_1,NO3,1979,3,0.40576057256086334,0.049118800557853975,23,0.9238988431731405,0.049118800557853955,23,1.0489811166270591e-4,1.0489811166270583e-4
Oliver et al. 2012,Oliver_et_al_2012_C1,Site_1,Control_1_2_3,Oliver et al. 2012 | Oliver_et_al_2012_C1 | Site_1 | Control_1_2_3,NO3,2008,1,1.7330373374261443,0.04600973141988472,17,0.8381646884591242,0.04600973141988475,17,1.2452325796058396e-4,1.2452325796058413e-4
Oliver et al. 2012,Oliver_et_al_2012_C1,Site_1,Control_1_2_3,Oliver et al. 2012 | Oliver_et_al_2012_C1 | Site_1 | Control_1_2_3,NO3,2008,2,2.0108720319440883,0.11454776144631723,29,1.1159993829770682,0.11454776144631729,29,4.5245481559870346e-4,4.524548155987039e-4
Oliver et al. 2012,Oliver_et_al_2012_C1,Site_1,Control_1_2_3,Oliver et al. 2012 | Oliver_et_al_2012_C1 | Site_1 | Control_1_2_3,NO3,2008,3,1.6444908791833468,0.3515607383511821,31,0.7496182302163268,0.3515607383511822,31,0.003986933959678333,0.003986933959678335
Oliver et al. 2012,Oliver_et_al_2012_C1,Site_1,Control_1_2_3,Oliver et al. 2012 | Oliver_et_al_2012_C1 | Site_1 | Control_1_2_3,NO3,2008,4,-0.5049525065507,0.5585569938404645,30,-1.3998251555177201,0.5585569938404645,30,0.01039953051226989,0.01039953051226989
Oliver et al. 2012,Oliver_et_al_2012_C1,Site_1,Control_1_2_3,Oliver et al. 2012 | Oliver_et_al_2012_C1 | Site_1 | Control_1_2_3,NO3,2008,5,-0.4546843626861688,0.3525139310977488,23,-1.349557011653189,0.35251393109774876,23,0.005402872679042974,0.005402872679042972
Oliver et al. 2012,Oliver_et_al_2012_C1,Site_1,Control_1_2_3,Oliver et al. 2012 | Oliver_et_al_2012_C1 | Site_1 | Control_1_2_3,NO3,2008,12,1.38338612627272,0.035749116447769826,2,0.48851347730569994,0.03574911644776987,2,6.389996633981035e-4,6.38999663398105e-4
Oliver et al. 2012,Oliver_et_al_2012_C1,Site_1,Control_1_2_3,Oliver et al. 2012 | Oliver_et_al_2012_C1 | Site_1 | Control_1_2_3,NO3,2009,1,-0.12581850693702684,1.0843855934293098,31,-1.0206911559040468,1.0843855934293098,31,0.03793200371732376,0.03793200371732376
Oliver et al. 2012,Oliver_et_al_2012_C1,Site_1,Control_1_2_3,Oliver et al. 2012 | Oliver_et_al_2012_C1 | Site_1 | Control_1_2_3,NO3,2009,2,-0.17848788805130777,0.12435167346641497,4,-1.0733605370183277,0.12435167346641489,4,0.0038658346734744735,0.0038658346734744683
Oliver et al. 2012,Oliver_et_al_2012_C1,Site_1,Control_1_2_3,Oliver et al. 2012 | Oliver_et_al_2012_C1 | Site_1 | Control_1_2_3,NO3,2009,3,0.1759217444225381,0.12285599531098251,11,-0.718950904544482,0.12285599531098255,11,0.0013721450530774688,0.0013721450530774697
Oliver et al. 2012,Oliver_et_al_2012_C1,Site_1,Control_1_2_3,Oliver et al. 2012 | Oliver_et_al_2012_C1 | Site_1 | Control_1_2_3,NO3,2009,4,-0.3074601980726263,0.14753475815782865,30,-1.2023328470396464,0.14753475815782865,30,7.255501621562996e-4,7.255501621562996e-4
Oliver et al. 2012,Oliver_et_al_2012_C1,Site_1,Control_1_2_3,Oliver et al. 2012 | Oliver_et_al_2012_C1 | Site_1 | Control_1_2_3,NO3,2009,5,0.026921906011246464,0.34526211664837186,10,-0.8679507429557736,0.34526211664837186,10,0.011920592919251394,0.011920592919251394
Oliver et al. 2012,Oliver_et_al_2012_C2,Site_2,Control_1_2_3,Oliver et al. 2012 | Oliver_et_al_2012_C2 | Site_2 | Control_1_2_3,NO3,2008,1,1.9564475698806196,0.1702948412216395,17,0.8276463639228271,0.17029484122163946,17,0.0017059019380413767,0.001705901938041376
Oliver et al. 2012,Oliver_et_al_2012_C2,Site_2,Control_1_2_3,Oliver et al. 2012 | Oliver_et_al_2012_C2 | Site_2 | Control_1_2_3,NO3,2008,2,1.496095174288311,0.09101333650415706,29,0.36729396833051864,0.09101333650415705,29,2.856354283316872e-4,2.8563542833168713e-4
Oliver et al. 2012,Oliver_et_al_2012_C2,Site_2,Control_1_2_3,Oliver et al. 2012 | Oliver_et_al_2012_C2 | Site_2 | Control_1_2_3,NO3,2008,3,1.2942695312157888,0.314587169328518,31,0.1654683252579964,0.314587169328518,31,0.0031924221647138596,0.0031924221647138596
Oliver et al. 2012,Oliver_et_al_2012_C2,Site_2,Control_1_2_3,Oliver et al. 2012 | Oliver_et_al_2012_C2 | Site_2 | Control_1_2_3,NO3,2008,4,-1.1877373606620913,1.0463969037341805,30,-2.316538566619884,1.0463969037341805,30,0.03649821600481599,0.03649821600481599
Oliver et al. 2012,Oliver_et_al_2012_C2,Site_2,Control_1_2_3,Oliver et al. 2012 | Oliver_et_al_2012_C2 | Site_2 | Control_1_2_3,NO3,2008,5,-1.8494263110477447,0.4797890290793086,31,-2.9782275170055375,0.4797890290793086,31,0.00742572620725373,0.00742572620725373
Oliver et al. 2012,Oliver_et_al_2012_C2,Site_2,Control_1_2_3,Oliver et al. 2012 | Oliver_et_al_2012_C2 | Site_2 | Control_1_2_3,NO3,2008,6,-0.22558206269587716,0.237311225378711,30,-1.3543832686536696,0.23731122537871102,30,0.0018772205896915122,0.0018772205896915126
Oliver et al. 2012,Oliver_et_al_2012_C2,Site_2,Control_1_2_3,Oliver et al. 2012 | Oliver_et_al_2012_C2 | Site_2 | Control_1_2_3,NO3,2008,7,0.5538137239414893,0.3924172467111848,31,-0.5749874820163031,0.3924172467111848,31,0.004967461145689899,0.004967461145689899
Oliver et al. 2012,Oliver_et_al_2012_C2,Site_2,Control_1_2_3,Oliver et al. 2012 | Oliver_et_al_2012_C2 | Site_2 | Control_1_2_3,NO3,2008,8,-0.3259034681577667,0.3149827119406808,31,-1.4547046741155591,0.3149827119406807,31,0.0032004551232743834,0.0032004551232743825
Oliver et al. 2012,Oliver_et_al_2012_C2,Site_2,Control_1_2_3,Oliver et al. 2012 | Oliver_et_al_2012_C2 | Site_2 | Control_1_2_3,NO3,2008,9,0.26340223095465337,0.4667788554345122,3,-0.8653989750031391,0.4667788554345122,3,0.07262749996025107,0.07262749996025107
Oliver et al. 2012,Oliver_et_al_2012_C2,Site_2,Control_1_2_3,Oliver et al. 2012 | Oliver_et_al_2012_C2 | Site_2 | Control_1_2_3,NO3,2008,12,-0.026077000390510204,0.011030069254081261,4,-1.1548782063483027,0.011030069254081199,4,3.0415606937457188e-5,3.0415606937456842e-5
Oliver et al. 2012,Oliver_et_al_2012_C2,Site_2,Control_1_2_3,Oliver et al. 2012 | Oliver_et_al_2012_C2 | Site_2 | Control_1_2_3,NO3,2009,1,-0.18398503421274767,0.22242804243130937,31,-1.3127862401705401,0.22242804243130937,31,0.0015959430341878826,0.0015959430341878826
Oliver et al. 2012,Oliver_et_al_2012_C2,Site_2,Control_1_2_3,Oliver et al. 2012 | Oliver_et_al_2012_C2 | Site_2 | Control_1_2_3,NO3,2009,2,-1.1124623744282434,0.11633108766979039,4,-2.2412635803860357,0.11633108766979035,4,0.003383230489609114,0.003383230489609112
Oliver et al. 2012,Oliver_et_al_2012_C2,Site_2,Control_1_2_3,Oliver et al. 2012 | Oliver_et_al_2012_C2 | Site_2 | Control_1_2_3,NO3,2009,3,-0.4657865705642592,0.09655532246656655,11,-1.5945877765220517,0.09655532246656652,11,8.475391178747863e-4,8.475391178747859e-4
Oliver et al. 2012,Oliver_et_al_2012_C2,Site_2,Control_1_2_3,Oliver et al. 2012 | Oliver_et_al_2012_C2 | Site_2 | Control_1_2_3,NO3,2009,4,-1.0595935284842959,0.560645438288249,30,-2.188394734442088,0.560645438288249,30,0.010477443582447427,0.010477443582447427
Oliver et al. 2012,Oliver_et_al_2012_C2,Site_2,Control_1_2_3,Oliver et al. 2012 | Oliver_et_al_2012_C2 | Site_2 | Control_1_2_3,NO3,2009,5,-2.1670515004528,0.2564198752252304,31,-3.2958527064105922,0.25641987522523035,31,0.0021210049164684754,0.0021210049164684746
Oliver et al. 2012,Oliver_et_al_2012_C2,Site_2,Control_1_2_3,Oliver et al. 2012 | Oliver_et_al_2012_C2 | Site_2 | Control_1_2_3,NO3,2009,6,-2.6202898401005204,0.9884080213214409,30,-3.749091046058313,0.9884080213214409,30,0.032565013887085534,0.032565013887085534
Oliver et al. 2012,Oliver_et_al_2012_C2,Site_2,Control_1_2_3,Oliver et al. 2012 | Oliver_et_al_2012_C2 | Site_2 | Control_1_2_3,NO3,2009,7,-1.6456445387341496,0.036299326771377594,13,-2.774445744691942,0.03629932677137756,13,1.0135700954271154e-4,1.0135700954271135e-4
Oliver et al. 2012,Oliver_et_al_2012_C3,Site_3,Control_1_2_3,Oliver et al. 2012 | Oliver_et_al_2012_C3 | Site_3 | Control_1_2_3,NO3,2008,1,0.7738676457897381,0.3396138253391909,17,-0.9379412434538227,0.3396138253391909,17,0.006784561785971674,0.006784561785971674
Oliver et al. 2012,Oliver_et_al_2012_C3,Site_3,Control_1_2_3,Oliver et al. 2012 | Oliver_et_al_2012_C3 | Site_3 | Control_1_2_3,NO3,2008,2,1.347413315344266,0.10302347794217699,29,-0.36439557389929467,0.10302347794217703,29,3.6599437956214584e-4,3.659943795621461e-4
Oliver et al. 2012,Oliver_et_al_2012_C3,Site_3,Control_1_2_3,Oliver et al. 2012 | Oliver_et_al_2012_C3 | Site_3 | Control_1_2_3,NO3,2008,3,-0.09940526083598067,0.4815379454379364,31,-1.8112141500795413,0.4815379454379364,31,0.00747996106118029,0.00747996106118029
Oliver et al. 2012,Oliver_et_al_2012_C3,Site_3,Control_1_2_3,Oliver et al. 2012 | Oliver_et_al_2012_C3 | Site_3 | Control_1_2_3,NO3,2008,4,-2.1170367222990545,0.829429650645879,30,-3.828845611542615,0.8294296506458789,30,0.02293178484568483,0.022931784845684824
Oliver et al. 2012,Oliver_et_al_2012_C3,Site_3,Control_1_2_3,Oliver et al. 2012 | Oliver_et_al_2012_C3 | Site_3 | Control_1_2_3,NO3,2008,5,-2.295504339576891,1.0847994470580244,30,-4.007313228820451,1.0847994470580247,30,0.039226328011246515,0.03922632801124653
Oliver et al. 2012,Oliver_et_al_2012_C3,Site_3,Control_1_2_3,Oliver et al. 2012 | Oliver_et_al_2012_C3 | Site_3 | Control_1_2_3,NO3,2008,6,-0.054825709808996384,0.9639335812293235,30,-1.7666345990525574,0.9639335812293237,30,0.030972264967386295,0.030972264967386306
Oliver et al. 2012,Oliver_et_al_2012_C3,Site_3,Control_1_2_3,Oliver et al. 2012 | Oliver_et_al_2012_C3 | Site_3 | Control_1_2_3,NO3,2008,7,1.7957494520175301,0.4257330615880658,31,0.08394056277396941,0.42573306158806573,31,0.005846730313843478,0.005846730313843476
Oliver et al. 2012,Oliver_et_al_2012_C3,Site_3,Control_1_2_3,Oliver et al. 2012 | Oliver_et_al_2012_C3 | Site_3 | Control_1_2_3,NO3,2008,8,1.3758739370704702,0.5050655222576178,31,-0.3359349521730905,0.5050655222576179,31,0.008228747799140653,0.008228747799140656
Oliver et al. 2012,Oliver_et_al_2012_C3,Site_3,Control_1_2_3,Oliver et al. 2012 | Oliver_et_al_2012_C3 | Site_3 | Control_1_2_3,NO3,2008,9,-0.08199525826927458,0.13001579414332065,3,-1.7938041475128352,0.13001579414332065,3,0.005634702242239445,0.005634702242239445
Oliver et al. 2012,Oliver_et_al_2012_C3,Site_3,Control_1_2_3,Oliver et al. 2012 | Oliver_et_al_2012_C3 | Site_3 | Control_1_2_3,NO3,2008,12,0.9203724658489976,0.07147449023531105,4,-0.7914364233945632,0.07147449023531097,4,0.0012771506885993938,0.0012771506885993907
Oliver et al. 2012,Oliver_et_al_2012_C3,Site_3,Control_1_2_3,Oliver et al. 2012 | Oliver_et_al_2012_C3 | Site_3 | Control_1_2_3,NO3,2009,1,0.24132240461926271,0.33348787067830166,31,-1.470486484624298,0.33348787067830166,31,0.003587553544824118,0.003587553544824118
Oliver et al. 2012,Oliver_et_al_2012_C3,Site_3,Control_1_2_3,Oliver et al. 2012 | Oliver_et_al_2012_C3 | Site_3 | Control_1_2_3,NO3,2009,2,-0.29925459760876244,0.028271253323732412,4,-2.011063486852323,0.028271253323732433,4,1.9981594112366275e-4,1.9981594112366302e-4
Oliver et al. 2012,Oliver_et_al_2012_C3,Site_3,Control_1_2_3,Oliver et al. 2012 | Oliver_et_al_2012_C3 | Site_3 | Control_1_2_3,NO3,2009,3,-0.7611455813430371,0.04368741545121146,11,-2.472954470586598,0.04368741545121148,11,1.7350820625515906e-4,1.735082062551592e-4
Oliver et al. 2012,Oliver_et_al_2012_C3,Site_3,Control_1_2_3,Oliver et al. 2012 | Oliver_et_al_2012_C3 | Site_3 | Control_1_2_3,NO3,2009,4,-1.0246871529567356,0.08989371062053049,30,-2.7364960422002964,0.08989371062053053,30,2.693626403042559e-4,2.693626403042561e-4
Oliver et al. 2012,Oliver_et_al_2012_C3,Site_3,Control_1_2_3,Oliver et al. 2012 | Oliver_et_al_2012_C3 | Site_3 | Control_1_2_3,NO3,2009,5,-0.9464751190460382,0.028803132286653377,31,-2.658284008289599,0.028803132286653377,31,2.6761949339434006e-5,2.6761949339434006e-5
Oliver et al. 2012,Oliver_et_al_2012_C3,Site_3,Control_1_2_3,Oliver et al. 2012 | Oliver_et_al_2012_C3 | Site_3 | Control_1_2_3,NO3,2009,6,0.08748089663722643,0.7848564105005263,30,-1.624327992606334,0.7848564105005263,30,0.020533319503459026,0.020533319503459026
Oliver et al. 2012,Oliver_et_al_2012_C3,Site_3,Control_1_2_3,Oliver et al. 2012 | Oliver_et_al_2012_C3 | Site_3 | Control_1_2_3,NO3,2009,7,0.6569182186075837,0.05805595843563022,4,-1.0548906706359769,0.05805595843563022,4,8.426235774699058e-4,8.426235774699058e-4
Rhea et al. 2021,Rhea_et_al_2021_C1,Site_1,Control_1,Rhea et al. 2021 | Rhea_et_al_2021_C1 | Site_1 | Control_1,DOC,2017,6,-0.38720998916432436,0.021597473672027672,16,0.38574318466398055,0.021597473672027717,16,2.9153179313370528e-5,2.915317931337065e-5
Rhea et al. 2021,Rhea_et_al_2021_C1,Site_1,Control_1,Rhea et al. 2021 | Rhea_et_al_2021_C1 | Site_1 | Control_1,DOC,2017,7,-0.3807001568788357,0.07127226568523856,56,0.8443215152944108,0.4516450888023114,56,9.070956885548632e-5,0.00364255868284371
Rhea et al. 2021,Rhea_et_al_2021_C1,Site_1,Control_1,Rhea et al. 2021 | Rhea_et_al_2021_C1 | Site_1 | Control_1,DOC,2017,8,-0.34767985231261994,0.10965729034439636,14,0.9315900396620196,0.4511028722894071,14,8.589086661196603e-4,0.014535271527696653
Rhea et al. 2021,Rhea_et_al_2021_C1,Site_1,Control_1,Rhea et al. 2021 | Rhea_et_al_2021_C1 | Site_1 | Control_1,NO3,2017,6,2.9635598977706827,0.20647306639598142,16,3.7365130715989876,0.2064730663959814,16,0.0026644454466849595,0.002664445446684959
Rhea et al. 2021,Rhea_et_al_2021_C1,Site_1,Control_1,Rhea et al. 2021 | Rhea_et_al_2021_C1 | Site_1 | Control_1,NO3,2017,7,2.906757392529036,0.8870298391720097,56,4.1317790647022825,0.7822200758439731,56,0.014050391706812883,0.010926218697381269
Rhea et al. 2021,Rhea_et_al_2021_C1,Site_1,Control_1,Rhea et al. 2021 | Rhea_et_al_2021_C1 | Site_1 | Control_1,NO3,2017,8,2.1978991864532733,0.8512808332865682,13,3.516116518285323,0.5252114452690895,13,0.055744542855467226,0.021219004787818907
Rhea et al. 2021,Rhea_et_al_2021_C2,Site_2,Control_2_3,Rhea et al. 2021 | Rhea_et_al_2021_C2 | Site_2 | Control_2_3,DOC,2017,6,-0.28157280875845925,0.11413348817433404,6,0.07510213518027324,0.114133488174334,6,0.0021710755204734744,0.002171075520473473
Rhea et al. 2021,Rhea_et_al_2021_C2,Site_2,Control_2_3,Rhea et al. 2021 | Rhea_et_al_2021_C2 | Site_2 | Control_2_3,DOC,2017,7,0.08133331167539751,0.11700956325525318,31,0.43800825561413,0.11700956325525319,31,4.416528352640353e-4,4.416528352640354e-4
Rhea et al. 2021,Rhea_et_al_2021_C2,Site_2,Control_2_3,Rhea et al. 2021 | Rhea_et_al_2021_C2 | Site_2 | Control_2_3,DOC,2017,8,-0.22362971067383763,0.03594153534524002,15,0.13304523326489476,0.03594153534524001,15,8.611959753154251e-5,8.611959753154244e-5
Rhea et al. 2021,Rhea_et_al_2021_C2,Site_2,Control_2_3,Rhea et al. 2021 | Rhea_et_al_2021_C2 | Site_2 | Control_2_3,NO3,2017,6,2.8025620714232486,0.1883337816793944,6,3.159237015361981,0.1883337816793944,6,0.005911602220276966,0.005911602220276966
Rhea et al. 2021,Rhea_et_al_2021_C2,Site_2,Control_2_3,Rhea et al. 2021 | Rhea_et_al_2021_C2 | Site_2 | Control_2_3,NO3,2017,7,1.8437788671933595,0.2787971208754927,31,2.2004538111320917,0.2787971208754927,31,0.0025073495034988414,0.0025073495034988414
Rhea et al. 2021,Rhea_et_al_2021_C2,Site_2,Control_2_3,Rhea et al. 2021 | Rhea_et_al_2021_C2 | Site_2 | Control_2_3,NO3,2017,8,3.3331401754563617,0.5752311721451652,15,3.689815119395094,0.575231172145165,15,0.022059393427166712,0.02205939342716669
Rhea et al. 2021,Rhea_et_al_2021_C3,Site_3,Control_2_3,Rhea et al. 2021 | Rhea_et_al_2021_C3 | Site_3 | Control_2_3,DOC,2017,6,-0.09537657017825973,0.03558824674537763,6,-0.06347782309754899,0.035588246745377645,6,2.1108721773498024e-4,2.1108721773498043e-4
Rhea et al. 2021,Rhea_et_al_2021_C3,Site_3,Control_2_3,Rhea et al. 2021 | Rhea_et_al_2021_C3 | Site_3 | Control_2_3,DOC,2017,7,0.06179400829372531,0.12714261336079227,31,0.09369275537443604,0.12714261336079222,31,5.214594881358681e-4,5.214594881358677e-4
Rhea et al. 2021,Rhea_et_al_2021_C3,Site_3,Control_2_3,Rhea et al. 2021 | Rhea_et_al_2021_C3 | Site_3 | Control_2_3,DOC,2017,8,0.5688896665492249,0.1093004949239285,15,0.6007884136299355,0.10930049492392847,15,7.964398793743814e-4,7.964398793743808e-4
Rhea et al. 2021,Rhea_et_al_2021_C3,Site_3,Control_2_3,Rhea et al. 2021 | Rhea_et_al_2021_C3 | Site_3 | Control_2_3,NO3,2017,6,2.6822045145894493,0.15819219559623982,6,2.71410326167016,0.15819219559623982,6,0.004170795124593166,0.004170795124593166
Rhea et al. 2021,Rhea_et_al_2021_C3,Site_3,Control_2_3,Rhea et al. 2021 | Rhea_et_al_2021_C3 | Site_3 | Control_2_3,NO3,2017,7,1.6049309394963596,0.4568931897334916,31,1.63682968657707,0.45689318973349147,31,0.006733915704027237,0.006733915704027233
Rhea et al. 2021,Rhea_et_al_2021_C3,Site_3,Control_2_3,Rhea et al. 2021 | Rhea_et_al_2021_C3 | Site_3 | Control_2_3,NO3,2017,8,2.9341283009223265,0.5190373604688492,15,2.966027048003037,0.5190373604688493,15,0.017959985437498004,0.01795998543749801
Tiedemann; 1973,Tiedemann_1973_C1,Site_1,Control_1,Tiedemann; 1973 | Tiedemann_1973_C1 | Site_1 | Control_1,NO3,1970,9,-0.03039523593697253,1.3551351591101806e-4,12,1.3848866620561704,1.3551351591102278e-4,12,1.5303260828804788e-9,1.5303260828805855e-9
Tiedemann; 1973,Tiedemann_1973_C1,Site_1,Control_1,Tiedemann; 1973 | Tiedemann_1973_C1 | Site_1 | Control_1,NO3,1970,10,-0.014316984366856828,0.05768562221798637,31,1.400964913626286,0.057685622217986385,31,1.073429358282659e-4,1.0734293582826594e-4
Tiedemann; 1973,Tiedemann_1973_C1,Site_1,Control_1,Tiedemann; 1973 | Tiedemann_1973_C1 | Site_1 | Control_1,NO3,1970,11,0.7451700515885644,0.3522999537304596,16,2.1604519495817076,0.3522999537304596,16,0.0077572035874052475,0.0077572035874052475
Tiedemann; 1973,Tiedemann_1973_C1,Site_1,Control_1,Tiedemann; 1973 | Tiedemann_1973_C1 | Site_1 | Control_1,NO3,1971,1,-1.7217002691770094,0.4908212183381876,14,-0.3064183711838664,0.4908212183381876,14,0.0172075334550702,0.0172075334550702
Tiedemann; 1973,Tiedemann_1973_C1,Site_1,Control_1,Tiedemann; 1973 | Tiedemann_1973_C1 | Site_1 | Control_1,NO3,1971,2,0.9975258298573655,1.5925540426239178,28,2.4128077278505082,1.5925540426239175,28,0.09057958495277797,0.09057958495277794
Tiedemann; 1973,Tiedemann_1973_C1,Site_1,Control_1,Tiedemann; 1973 | Tiedemann_1973_C1 | Site_1 | Control_1,NO3,1971,3,1.4391857798448802,0.4343665210990305,31,2.854467677838023,0.43436652109903057,31,0.0060862669242475655,0.006086266924247567
Tiedemann; 1973,Tiedemann_1973_C1,Site_1,Control_1,Tiedemann; 1973 | Tiedemann_1973_C1 | Site_1 | Control_1,NO3,1971,4,1.313226612947157,0.9281170408177629,30,2.7285085109403,0.9281170408177631,30,0.0287133747152107,0.028713374715210713
Tiedemann; 1973,Tiedemann_1973_C1,Site_1,Control_1,Tiedemann; 1973 | Tiedemann_1973_C1 | Site_1 | Control_1,NO3,1971,5,0.31672901554207,0.2015345499770121,31,1.7320109135352129,0.2015345499770121,31,0.001310199188207638,0.001310199188207638
Tiedemann; 1973,Tiedemann_1973_C1,Site_1,Control_1,Tiedemann; 1973 | Tiedemann_1973_C1 | Site_1 | Control_1,NO3,1971,6,0.607167486350935,1.2935657012820994,30,2.022449384344078,1.2935657012820991,30,0.05577707411778165,0.055777074117781635
Tiedemann; 1973,Tiedemann_1973_C1,Site_1,Control_1,Tiedemann; 1973 | Tiedemann_1973_C1 | Site_1 | Control_1,NO3,1971,7,2.7793843402491585,0.1343410155993446,31,4.194666238242301,0.13434101559934464,31,5.821776926536565e-4,5.821776926536568e-4
Tiedemann; 1973,Tiedemann_1973_C1,Site_1,Control_1,Tiedemann; 1973 | Tiedemann_1973_C1 | Site_1 | Control_1,NO3,1971,8,2.132916989615183,0.4299093556154434,31,3.548198887608326,0.4299093556154434,31,0.0059620017434092185,0.0059620017434092185
Tiedemann; 1973,Tiedemann_1973_C1,Site_1,Control_1,Tiedemann; 1973 | Tiedemann_1973_C1 | Site_1 | Control_1,NO3,1971,9,1.0259901012985913,0.14588262714012767,15,2.441271999291734,0.14588262714012776,15,0.0014187827267537012,0.0014187827267537027
Tiedemann; 1973,Tiedemann_1973_C1,Site_1,Control_1,Tiedemann; 1973 | Tiedemann_1973_C1 | Site_1 | Control_1,NO3,1972,3,2.9894851615778992,0.13892063890764428,13,4.404767059571042,0.1389206389076444,13,0.001484534147269853,0.0014845341472698554
Tiedemann; 1973,Tiedemann_1973_C1,Site_1,Control_1,Tiedemann; 1973 | Tiedemann_1973_C1 | Site_1 | Control_1,NO3,1972,4,1.5835192418234678,0.716652164406388,30,2.9988011398166106,0.7166521644063881,30,0.017119677491612022,0.017119677491612025
Tiedemann; 1973,Tiedemann_1973_C1,Site_1,Control_1,Tiedemann; 1973 | Tiedemann_1973_C1 | Site_1 | Control_1,NO3,1972,5,0.7742092419618789,0.26988221744823243,31,2.189491139955022,0.2698822174482324,31,0.002349561654670162,0.002349561654670161
Tiedemann; 1973,Tiedemann_1973_C1,Site_1,Control_1,Tiedemann; 1973 | Tiedemann_1973_C1 | Site_1 | Control_1,NO3,1972,6,-0.8003305940502036,0.4001593445622426,30,0.6149513039429394,0.40015934456224267,30,0.00533758336801612,0.005337583368016122
Tiedemann; 1973,Tiedemann_1973_C1,Site_1,Control_1,Tiedemann; 1973 | Tiedemann_1973_C1 | Site_1 | Control_1,NO3,1972,7,-0.5280929572679471,0.16625416893424755,20,0.8871889407251957,0.16625416893424755,20,0.001382022434400866,0.001382022434400866
Uzun et al. 2020,Uzun_et_al_2020_C1,Site_1,Control_1_2,Uzun et al. 2020 | Uzun_et_al_2020_C1 | Site_1 | Control_1_2,DOC,2016,1,-0.06288547646249004,0.22062911499530463,8,-3.7181948889319596,0.2206291149953047,8,0.006084650797951419,0.006084650797951422
Uzun et al. 2020,Uzun_et_al_2020_C1,Site_1,Control_1_2,Uzun et al. 2020 | Uzun_et_al_2020_C1 | Site_1 | Control_1_2,DOC,2016,3,-0.10945325069702672,0.2489593996336686,28,-3.764762663166496,0.24895939963366862,28,0.0022135993809270253,0.0022135993809270257
Uzun et al. 2020,Uzun_et_al_2020_C1,Site_1,Control_1_2,Uzun et al. 2020 | Uzun_et_al_2020_C1 | Site_1 | Control_1_2,DOC,2016,4,0.6660850536838325,0.22676051588098625,10,-2.989224358785637,0.22676051588098628,10,0.005142033156261102,0.005142033156261104
Uzun et al. 2020,Uzun_et_al_2020_C1,Site_1,Control_1_2,Uzun et al. 2020 | Uzun_et_al_2020_C1 | Site_1 | Control_1_2,DOC,2017,1,0.10815428217133886,0.19812112509143065,25,-3.5471551302981306,0.19812112509143062,25,0.0015700792082997724,0.001570079208299772
Uzun et al. 2020,Uzun_et_al_2020_C1,Site_1,Control_1_2,Uzun et al. 2020 | Uzun_et_al_2020_C1 | Site_1 | Control_1_2,DOC,2017,2,0.10295364440470839,0.3432404518347372,28,-3.552355768064761,0.3432404518347371,28,0.004207643134846948,0.004207643134846946
Uzun et al. 2020,Uzun_et_al_2020_C1,Site_1,Control_1_2,Uzun et al. 2020 | Uzun_et_al_2020_C1 | Site_1 | Control_1_2,DOC,2017,3,0.41643142317074083,0.3500520963751203,30,-3.2388779892987287,0.3500520963751203,30,0.004084549005887217,0.004084549005887217
Uzun et al. 2020,Uzun_et_al_2020_C1,Site_1,Control_1_2,Uzun et al. 2020 | Uzun_et_al_2020_C1 | Site_1 | Control_1_2,NO3,2016,12,1.0654343501501038,0.4289639671523293,17,-2.589875062319366,0.42896396715232926,17,0.010824122653827333,0.010824122653827331
Uzun et al. 2020,Uzun_et_al_2020_C1,Site_1,Control_1_2,Uzun et al. 2020 | Uzun_et_al_2020_C1 | Site_1 | Control_1_2,NO3,2017,1,0.6826041564403986,0.32431800769738145,31,-2.9727052560290708,0.32431800769738145,31,0.003392973229574154,0.003392973229574154
Uzun et al. 2020,Uzun_et_al_2020_C1,Site_1,Control_1_2,Uzun et al. 2020 | Uzun_et_al_2020_C1 | Site_1 | Control_1_2,NO3,2017,2,1.4190164635482834,0.45785311708341286,28,-2.236292948921186,0.45785311708341275,28,0.0074867670293927635,0.007486767029392759
Uzun et al. 2020,Uzun_et_al_2020_C1,Site_1,Control_1_2,Uzun et al. 2020 | Uzun_et_al_2020_C1 | Site_1 | Control_1_2,NO3,2017,3,1.4270810899730746,0.3173112721476764,23,-2.2282283224963946,0.3173112721476764,23,0.004377671453564207,0.004377671453564207
Uzun et al. 2020,Uzun_et_al_2020_C2,Site_2,Control_1_2,Uzun et al. 2020 | Uzun_et_al_2020_C2 | Site_2 | Control_1_2,DOC,2016,1,0.20854660501896058,0.3141381519823727,8,-2.742276607363184,0.31413815198237277,8,0.012335347316362537,0.012335347316362542
Uzun et al. 2020,Uzun_et_al_2020_C2,Site_2,Control_1_2,Uzun et al. 2020 | Uzun_et_al_2020_C2 | Site_2 | Control_1_2,DOC,2016,3,-0.28691802201097755,0.19223279622816436,28,-3.237741234393122,0.1922327962281643,28,0.0013197659980606774,0.0013197659980606765
Uzun et al. 2020,Uzun_et_al_2020_C2,Site_2,Control_1_2,Uzun et al. 2020 | Uzun_et_al_2020_C2 | Site_2 | Control_1_2,DOC,2016,4,0.09249921978247515,0.2181098428222287,10,-2.8583239925996695,0.21810984282222873,10,0.00475719035359373,0.004757190353593732
Uzun et al. 2020,Uzun_et_al_2020_C2,Site_2,Control_1_2,Uzun et al. 2020 | Uzun_et_al_2020_C2 | Site_2 | Control_1_2,DOC,2017,1,0.10197971909986545,0.08265866697367859,25,-2.848843493282279,0.08265866697367857,25,2.732982090346201e-4,2.7329820903462007e-4
Uzun et al. 2020,Uzun_et_al_2020_C2,Site_2,Control_1_2,Uzun et al. 2020 | Uzun_et_al_2020_C2 | Site_2 | Control_1_2,DOC,2017,2,0.15827173864693925,0.2379757057674988,28,-2.7925514737352053,0.2379757057674988,28,0.0020225870191263986,0.0020225870191263986
Uzun et al. 2020,Uzun_et_al_2020_C2,Site_2,Control_1_2,Uzun et al. 2020 | Uzun_et_al_2020_C2 | Site_2 | Control_1_2,DOC,2017,3,-0.02379169590880474,0.5387115480035913,30,-2.9746149082909494,0.5387115480035912,30,0.009673671065080856,0.009673671065080852
Uzun et al. 2020,Uzun_et_al_2020_C2,Site_2,Control_1_2,Uzun et al. 2020 | Uzun_et_al_2020_C2 | Site_2 | Control_1_2,NO3,2016,12,1.342150927819966,0.2150550409235441,17,-1.6086722845621786,0.21505504092354408,17,0.002720510036860425,0.0027205100368604246
Uzun et al. 2020,Uzun_et_al_2020_C2,Site_2,Control_1_2,Uzun et al. 2020 | Uzun_et_al_2020_C2 | Site_2 | Control_1_2,NO3,2017,1,1.493048544826437,0.429854110773113,31,-1.4577746675557075,0.4298541107731129,31,0.005960469566082055,0.005960469566082053
Uzun et al. 2020,Uzun_et_al_2020_C2,Site_2,Control_1_2,Uzun et al. 2020 | Uzun_et_al_2020_C2 | Site_2 | Control_1_2,NO3,2017,2,1.0829671397886402,0.38384721434422986,28,-1.8678560725935043,0.38384721434422986,28,0.0052620958557080405,0.0052620958557080405
Uzun et al. 2020,Uzun_et_al_2020_C2,Site_2,Control_1_2,Uzun et al. 2020 | Uzun_et_al_2020_C2 | Site_2 | Control_1_2,NO3,2017,3,0.6184307408749262,0.3694413324826868,23,-2.3323924715072186,0.3694413324826868,23,0.005934212962894919,0.005934212962894919
Wagner et al. 2015,Wagner_et_al_2015_C1,Site_1,Control_1_2,Wagner et al. 2015 | Wagner_et_al_2015_C1 | Site_1 | Control_1_2,DOC,2013,3,-0.11384959607873837,0.013381813792841146,6,-0.5569404439058182,0.01338181379284108,6,2.9845490064378926e-5,2.984549006437863e-5
Wagner et al. 2015,Wagner_et_al_2015_C1,Site_1,Control_1_2,Wagner et al. 2015 | Wagner_et_al_2015_C1 | Site_1 | Control_1_2,DOC,2013,4,0.06387531220415572,0.09966687432561969,30,-0.37921553562292415,0.09966687432561969,30,3.3111619459462894e-4,3.3111619459462894e-4
Wagner et al. 2015,Wagner_et_al_2015_C1,Site_1,Control_1_2,Wagner et al. 2015 | Wagner_et_al_2015_C1 | Site_1 | Control_1_2,DOC,2013,5,0.026986764546598076,0.09253542067552926,31,-0.4161040832804817,0.09253542067552926,31,2.7621948643861835e-4,2.7621948643861835e-4
Wagner et al. 2015,Wagner_et_al_2015_C1,Site_1,Control_1_2,Wagner et al. 2015 | Wagner_et_al_2015_C1 | Site_1 | Control_1_2,DOC,2013,6,0.02871821554759929,0.011153064072253398,30,-0.4143726322794805,0.011153064072253407,30,4.146361273326319e-6,4.146361273326326e-6
Wagner et al. 2015,Wagner_et_al_2015_C1,Site_1,Control_1_2,Wagner et al. 2015 | Wagner_et_al_2015_C1 | Site_1 | Control_1_2,DOC,2013,7,0.04866446820059817,0.0030275781948294694,31,-0.39442637962648164,0.0030275781948294867,31,2.956848298647377e-7,2.956848298647411e-7
Wagner et al. 2015,Wagner_et_al_2015_C1,Site_1,Control_1_2,Wagner et al. 2015 | Wagner_et_al_2015_C1 | Site_1 | Control_1_2,DOC,2013,8,-0.03153030540062668,0.03708470656580737,24,-0.4746211532277065,0.03708470656580735,24,5.730314421133483e-5,5.730314421133477e-5
Wagner et al. 2015,Wagner_et_al_2015_C2,Site_2,Control_1_2,Wagner et al. 2015 | Wagner_et_al_2015_C2 | Site_2 | Control_1_2,DOC,2013,3,-0.1389014764750361,0.027297599086696076,6,-0.846679325664904,0.027297599086695993,6,1.2419315264966508e-4,1.2419315264966432e-4
Wagner et al. 2015,Wagner_et_al_2015_C2,Site_2,Control_1_2,Wagner et al. 2015 | Wagner_et_al_2015_C2 | Site_2 | Control_1_2,DOC,2013,4,0.1735452558270881,0.15548923287782768,30,-0.5342325933627798,0.15548923287782768,30,8.058967180311777e-4,8.058967180311777e-4
Wagner et al. 2015,Wagner_et_al_2015_C2,Site_2,Control_1_2,Wagner et al. 2015 | Wagner_et_al_2015_C2 | Site_2 | Control_1_2,DOC,2013,5,0.11339778031234594,0.12822097068488875,31,-0.594380068877522,0.12822097068488875,31,5.303424943024225e-4,5.303424943024225e-4
Wagner et al. 2015,Wagner_et_al_2015_C2,Site_2,Control_1_2,Wagner et al. 2015 | Wagner_et_al_2015_C2 | Site_2 | Control_1_2,DOC,2013,6,0.02833021161884924,0.03132949738909645,30,-0.6794476375710187,0.03132949738909646,30,3.2717913555113365e-5,3.27179135551134e-5
Wagner et al. 2015,Wagner_et_al_2015_C2,Site_2,Control_1_2,Wagner et al. 2015 | Wagner_et_al_2015_C2 | Site_2 | Control_1_2,DOC,2013,7,0.18573501705383588,0.06295811929326912,31,-0.522042832136032,0.06295811929326911,31,1.278620898369518e-4,1.2786208983695175e-4
Wagner et al. 2015,Wagner_et_al_2015_C2,Site_2,Control_1_2,Wagner et al. 2015 | Wagner_et_al_2015_C2 | Site_2 | Control_1_2,DOC,2013,8,0.0881833299544295,0.09539151393924009,24,-0.6195945192354384,0.09539151393924011,24,3.791475388175098e-4,3.7914753881751e-4
Writer et al. 2014,Writer_et_al_2014_C1,Site_1,Control_1_2,Writer et al. 2014 | Writer_et_al_2014_C1 | Site_1 | Control_1_2,DOC,2012,8,0.0722503038714825,0.045979901962083104,17,-0.6355275453183855,0.04597990196208306,17,1.2436184614369257e-4,1.2436184614369235e-4
Writer et al. 2014,Writer_et_al_2014_C1,Site_1,Control_1_2,Writer et al. 2014 | Writer_et_al_2014_C1 | Site_1 | Control_1_2,DOC,2012,9,0.1832764711589515,0.03625942574176067,30,-0.5245013780309165,0.03625942574176067,30,4.382486517074188e-5,4.382486517074188e-5
Writer et al. 2014,Writer_et_al_2014_C1,Site_1,Control_1_2,Writer et al. 2014 | Writer_et_al_2014_C1 | Site_1 | Control_1_2,DOC,2012,10,-0.002496738763526709,0.06430814089781968,31,-0.7102745879533946,0.06430814089781967,31,1.3340441889463962e-4,1.3340441889463957e-4
Writer et al. 2014,Writer_et_al_2014_C1,Site_1,Control_1_2,Writer et al. 2014 | Writer_et_al_2014_C1 | Site_1 | Control_1_2,DOC,2012,11,-0.12151890960153086,0.009525384986988511,5,-0.8292967587913987,0.009525384986988492,5,1.8146591830069224e-5,1.8146591830069153e-5
Writer et al. 2014,Writer_et_al_2014_C1,Site_1,Control_1_2,Writer et al. 2014 | Writer_et_al_2014_C1 | Site_1 | Control_1_2,DOC,2013,4,0.20183440317318876,0.10765479985304102,29,-0.5059434460166791,0.10765479985304105,29,3.9963985970339037e-4,3.9963985970339064e-4
Writer et al. 2014,Writer_et_al_2014_C1,Site_1,Control_1_2,Writer et al. 2014 | Writer_et_al_2014_C1 | Site_1 | Control_1_2,DOC,2013,5,0.23922550459054218,0.0915913813038813,31,-0.4685523445993257,0.09159138130388128,31,2.706122944888057e-4,2.7061229448880556e-4
Writer et al. 2014,Writer_et_al_2014_C1,Site_1,Control_1_2,Writer et al. 2014 | Writer_et_al_2014_C1 | Site_1 | Control_1_2,DOC,2013,6,0.0813456394539524,NA,1,-0.6264322097359155,NA,1,NA,NA
Writer et al. 2014,Writer_et_al_2014_C1,Site_1,Control_1_2,Writer et al. 2014 | Writer_et_al_2014_C1 | Site_1 | Control_1_2,NO3,2012,11,-0.31845373111853426,NA,1,-1.0262315803084023,NA,1,NA,NA
Writer et al. 2014,Writer_et_al_2014_C1,Site_1,Control_1_2,Writer et al. 2014 | Writer_et_al_2014_C1 | Site_1 | Control_1_2,NO3,2013,6,2.159484249353372,NA,1,1.4517064001635045,NA,1,NA,NA
Writer et al. 2014,Writer_et_al_2014_C2,Site_2,Control_1_2,Writer et al. 2014 | Writer_et_al_2014_C2 | Site_2 | Control_1_2,DOC,2012,8,0.04895767953176752,0.03138516601035078,17,-0.3941331682953123,0.031385166010350796,17,5.7942861499839886e-5,5.794286149983993e-5
Writer et al. 2014,Writer_et_al_2014_C2,Site_2,Control_1_2,Writer et al. 2014 | Writer_et_al_2014_C2 | Site_2 | Control_1_2,DOC,2012,9,0.12596931092150637,0.025570872876185313,30,-0.31712153690557343,0.025570872876185317,30,2.179565132166766e-5,2.1795651321667665e-5
Writer et al. 2014,Writer_et_al_2014_C2,Site_2,Control_1_2,Writer et al. 2014 | Writer_et_al_2014_C2 | Site_2 | Control_1_2,DOC,2012,10,-0.011045426754490814,0.05405421185185323,31,-0.4541362745815706,0.05405421185185318,31,9.425347802983969e-5,9.425347802983952e-5
Writer et al. 2014,Writer_et_al_2014_C2,Site_2,Control_1_2,Writer et al. 2014 | Writer_et_al_2014_C2 | Site_2 | Control_1_2,DOC,2012,11,-0.12151890960153086,0.009525384986988511,5,-0.5646097574286106,0.009525384986988458,5,1.8146591830069224e-5,1.814659183006902e-5
Writer et al. 2014,Writer_et_al_2014_C2,Site_2,Control_1_2,Writer et al. 2014 | Writer_et_al_2014_C2 | Site_2 | Control_1_2,DOC,2013,4,0.12587796868841492,0.05854438707264023,29,-0.31721287913866486,0.058544387072640224,29,1.1818776750728015e-4,1.1818776750728013e-4
Writer et al. 2014,Writer_et_al_2014_C2,Site_2,Control_1_2,Writer et al. 2014 | Writer_et_al_2014_C2 | Site_2 | Control_1_2,DOC,2013,5,0.12665348442887328,0.0648709217447548,31,-0.31643736339820655,0.0648709217447548,31,1.3574956412948713e-4,1.3574956412948713e-4
Writer et al. 2014,Writer_et_al_2014_C2,Site_2,Control_1_2,Writer et al. 2014 | Writer_et_al_2014_C2 | Site_2 | Control_1_2,DOC,2013,6,0.01680711831638119,NA,1,-0.4262837295106985,NA,1,NA,NA
Writer et al. 2014,Writer_et_al_2014_C2,Site_2,Control_1_2,Writer et al. 2014 | Writer_et_al_2014_C2 | Site_2 | Control_1_2,NO3,2012,11,0,NA,1,-0.4430908478270799,NA,1,NA,NA
Writer et al. 2014,Writer_et_al_2014_C2,Site_2,Control_1_2,Writer et al. 2014 | Writer_et_al_2014_C2 | Site_2 | Control_1_2,NO3,2013,4,1.2347856438834066,0.09732211751951979,29,0.7916947960563268,0.09732211751951982,29,3.266067089132145e-4,3.266067089132147e-4
Writer et al. 2014,Writer_et_al_2014_C2,Site_2,Control_1_2,Writer et al. 2014 | Writer_et_al_2014_C2 | Site_2 | Control_1_2,NO3,2013,5,1.1236027361154441,0.08512285573824523,31,0.6805118882883643,0.08512285573824521,31,2.3373872803335833e-4,2.3373872803335825e-4
Writer et al. 2014,Writer_et_al_2014_C2,Site_2,Control_1_2,Writer et al. 2014 | Writer_et_al_2014_C2 | Site_2 | Control_1_2,NO3,2013,6,0.28768207245178085,NA,1,-0.15540877537529893,NA,1,NA,NA
