iteration,Study_ID,Pair,Site,Sampling_Date,NO3_Interp
1,Coombs & Melack; 2013,Control,Rattlesnake,2004-12-27,1.5484442532090001
1,Coombs & Melack; 2013,Control,Rattlesnake,2004-12-28,1.03052280271941
1,Coombs & Melack; 2013,Control,Rattlesnake,2004-12-29,1.8320777194692002
1,Coombs & Melack; 2013,Control,Rattlesnake,2004-12-29,1.4592926074629
1,Coombs & Melack; 2013,Control,Rattlesnake,2004-12-29,1.695447718209
1,Coombs & Melack; 2013,Control,Rattlesnake,2005-01-02,0.97126457715378
1,Coombs & Melack; 2013,Control,Rattlesnake,2005-01-02,1.08940275342213
1,Coombs & Melack; 2013,Control,Rattlesnake,2005-01-03,0.76258289733822
1,Coombs & Melack; 2013,Control,Rattlesnake,2005-01-03,0.84487709729493
1,Coombs & Melack; 2013,Control,Rattlesnake,2005-01-04,0.70448859464319
1,Coombs & Melack; 2013,Control,Rattlesnake,2005-01-05,0.56410009199145
1,Coombs & Melack; 2013,Site_1,San Onofre,2004-12-28,7.8300634982115
1,Coombs & Melack; 2013,Site_1,San Onofre,2004-12-28,3.3520737556782003
1,Coombs & Melack; 2013,Site_1,San Onofre,2004-12-28,8.467020315060301
1,Coombs & Melack; 2013,Site_1,San Onofre,2004-12-29,6.82050100673025
1,Coombs & Melack; 2013,Site_1,San Onofre,2004-12-30,5.1739816984002
1,Coombs & Melack; 2013,Site_1,San Onofre,2004-12-30,5.6837702382867
1,Coombs & Melack; 2013,Site_1,San Onofre,2005-01-01,3.8284528579941
1,Coombs & Melack; 2013,Site_1,San Onofre,2005-01-01,4.63901362764
1,Coombs & Melack; 2013,Site_1,San Onofre,2005-01-02,4.8126078805896
1,Coombs & Melack; 2013,Site_1,San Onofre,2005-01-02,4.4118207235578
1,Coombs & Melack; 2013,Site_1,San Onofre,2005-01-03,4.80428340773325
1,Coombs & Melack; 2013,Site_1,San Onofre,2005-01-04,5.196746091908699
1,Coombs & Melack; 2013,Site_2,Gaviota,2004-12-26,1.21111999258761
1,Coombs & Melack; 2013,Site_2,Gaviota,2004-12-27,0.8197897088094
1,Coombs & Melack; 2013,Site_2,Gaviota,2004-12-28,1.6490265914451
1,Coombs & Melack; 2013,Site_2,Gaviota,2004-12-29,1.14486125541543
1,Coombs & Melack; 2013,Site_2,Gaviota,2004-12-30,0.64069591938576
1,Coombs & Melack; 2013,Site_2,Gaviota,2004-12-30,1.03219594195095
1,Coombs & Melack; 2013,Site_2,Gaviota,2005-01-01,1.38925354557297
1,Coombs & Melack; 2013,Site_2,Gaviota,2005-01-01,1.03368479332461
1,Coombs & Melack; 2013,Site_2,Gaviota,2005-01-01,0.77958587123655
1,Coombs & Melack; 2013,Site_2,Gaviota,2005-01-01,1.14375795372027
1,Coombs & Melack; 2013,Site_2,Gaviota,2005-01-02,0.67046809763556
1,Coombs & Melack; 2013,Site_3,Arroyo Hondo,2004-12-27,1.08403900865001
1,Coombs & Melack; 2013,Site_3,Arroyo Hondo,2004-12-28,1.703769767154
1,Coombs & Melack; 2013,Site_3,Arroyo Hondo,2004-12-29,1.7321112900336
1,Coombs & Melack; 2013,Site_3,Arroyo Hondo,2004-12-30,1.7604528129132
1,Coombs & Melack; 2013,Site_3,Arroyo Hondo,2004-12-30,1.36881699892623
1,Coombs & Melack; 2013,Site_3,Arroyo Hondo,2004-12-31,2.0529417917168997
1,Coombs & Melack; 2013,Site_3,Arroyo Hondo,2005-01-01,1.6710586821852
1,Coombs & Melack; 2013,Site_3,Arroyo Hondo,2005-01-02,2.0179028624076003
1,Coombs & Melack; 2013,Site_3,Arroyo Hondo,2005-01-02,2.1367878898149
1,Coombs & Melack; 2013,Site_3,Arroyo Hondo,2005-01-02,1.8816074883773999
1,Coombs & Melack; 2013,Site_3,Arroyo Hondo,2005-01-03,2.0188388507679003
2,Coombs & Melack; 2013,Control,Rattlesnake,2004-12-28,0.86702558046216
2,Coombs & Melack; 2013,Control,Rattlesnake,2004-12-28,0.7576750222870501
2,Coombs & Melack; 2013,Control,Rattlesnake,2004-12-29,1.7592112954647001
2,Coombs & Melack; 2013,Control,Rattlesnake,2004-12-30,1.47808753777167
2,Coombs & Melack; 2013,Control,Rattlesnake,2004-12-31,1.19696378007864
2,Coombs & Melack; 2013,Control,Rattlesnake,2004-12-31,1.0153772557704301
2,Coombs & Melack; 2013,Control,Rattlesnake,2005-01-01,0.93424212904071
2,Coombs & Melack; 2013,Control,Rattlesnake,2005-01-01,0.93431487425514
2,Coombs & Melack; 2013,Control,Rattlesnake,2005-01-02,0.8346685233988501
2,Coombs & Melack; 2013,Control,Rattlesnake,2005-01-02,0.78939677155521
2,Coombs & Melack; 2013,Control,Rattlesnake,2005-01-02,0.85303910674017
2,Coombs & Melack; 2013,Site_1,San Onofre,2004-12-27,5.9268361409019
2,Coombs & Melack; 2013,Site_1,San Onofre,2004-12-27,6.6364847929044
2,Coombs & Melack; 2013,Site_1,San Onofre,2004-12-27,4.0701899487354
2,Coombs & Melack; 2013,Site_1,San Onofre,2004-12-28,8.3305406537325
2,Coombs & Melack; 2013,Site_1,San Onofre,2004-12-29,6.48370536146445
2,Coombs & Melack; 2013,Site_1,San Onofre,2004-12-30,4.6368700691964
2,Coombs & Melack; 2013,Site_1,San Onofre,2005-01-01,3.6647858968098
2,Coombs & Melack; 2013,Site_1,San Onofre,2005-01-01,1.6803555174798
2,Coombs & Melack; 2013,Site_1,San Onofre,2005-01-02,3.5790217515675
2,Coombs & Melack; 2013,Site_1,San Onofre,2005-01-03,5.4776879856552
2,Coombs & Melack; 2013,Site_1,San Onofre,2005-01-03,5.3964413164220995
2,Coombs & Melack; 2013,Site_1,San Onofre,2005-01-04,4.8512113252659
2,Coombs & Melack; 2013,Site_2,Gaviota,2004-12-27,0.045974955265638
2,Coombs & Melack; 2013,Site_2,Gaviota,2004-12-27,1.6489005004311
2,Coombs & Melack; 2013,Site_2,Gaviota,2004-12-28,1.8089035287645
2,Coombs & Melack; 2013,Site_2,Gaviota,2004-12-29,1.9689065570978999
2,Coombs & Melack; 2013,Site_2,Gaviota,2004-12-30,1.69670135941635
2,Coombs & Melack; 2013,Site_2,Gaviota,2004-12-31,1.4244961617348
2,Coombs & Melack; 2013,Site_2,Gaviota,2004-12-31,1.39693058715546
2,Coombs & Melack; 2013,Site_2,Gaviota,2005-01-01,0.63342625080798
2,Coombs & Melack; 2013,Site_2,Gaviota,2005-01-01,0.77958587123655
2,Coombs & Melack; 2013,Site_2,Gaviota,2005-01-01,1.4708396925201
2,Coombs & Melack; 2013,Site_2,Gaviota,2005-01-02,0.67046809763556
2,Coombs & Melack; 2013,Site_2,Gaviota,2005-01-03,1.4819357577801
2,Coombs & Melack; 2013,Site_3,Arroyo Hondo,2004-12-28,1.09456766140554
2,Coombs & Melack; 2013,Site_3,Arroyo Hondo,2004-12-28,1.5041472865944
2,Coombs & Melack; 2013,Site_3,Arroyo Hondo,2004-12-29,2.5422743855417997
2,Coombs & Melack; 2013,Site_3,Arroyo Hondo,2004-12-30,1.1231080212139202
2,Coombs & Melack; 2013,Site_3,Arroyo Hondo,2004-12-30,1.8424657308792
2,Coombs & Melack; 2013,Site_3,Arroyo Hondo,2005-01-01,2.5180793380638
2,Coombs & Melack; 2013,Site_3,Arroyo Hondo,2005-01-02,2.3597470240701
2,Coombs & Melack; 2013,Site_3,Arroyo Hondo,2005-01-03,2.2014147100764
2,Coombs & Melack; 2013,Site_3,Arroyo Hondo,2005-01-03,1.6545358274865
2,Coombs & Melack; 2013,Site_3,Arroyo Hondo,2005-01-03,2.2830299539047
2,Coombs & Melack; 2013,Site_3,Arroyo Hondo,2005-01-04,1.9564913798115
3,Coombs & Melack; 2013,Control,Rattlesnake,2004-12-28,0.7576750222870501
3,Coombs & Melack; 2013,Control,Rattlesnake,2004-12-29,1.5229300923039
3,Coombs & Melack; 2013,Control,Rattlesnake,2004-12-29,1.7592112954647001
3,Coombs & Melack; 2013,Control,Rattlesnake,2004-12-29,1.7047978977623999
3,Coombs & Melack; 2013,Control,Rattlesnake,2004-12-30,1.18655636939385
3,Coombs & Melack; 2013,Control,Rattlesnake,2005-01-01,0.8337616334604899
3,Coombs & Melack; 2013,Control,Rattlesnake,2005-01-01,0.90676384888677
3,Coombs & Melack; 2013,Control,Rattlesnake,2005-01-02,0.9436796040000001
3,Coombs & Melack; 2013,Control,Rattlesnake,2005-01-02,0.91627406906049
3,Coombs & Melack; 2013,Control,Rattlesnake,2005-01-03,0.76319880655893
3,Coombs & Melack; 2013,Site_1,San Onofre,2004-12-27,3.0684790874073
3,Coombs & Melack; 2013,Site_1,San Onofre,2004-12-27,6.6184633867044
3,Coombs & Melack; 2013,Site_1,San Onofre,2004-12-27,7.6746070426284
3,Coombs & Melack; 2013,Site_1,San Onofre,2004-12-27,7.5748491494087995
3,Coombs & Melack; 2013,Site_1,San Onofre,2004-12-28,5.2454077685877
3,Coombs & Melack; 2013,Site_1,San Onofre,2005-01-01,4.0286912459535
3,Coombs & Melack; 2013,Site_1,San Onofre,2005-01-01,5.3947487777757
3,Coombs & Melack; 2013,Site_1,San Onofre,2005-01-01,3.8284528579941
3,Coombs & Melack; 2013,Site_1,San Onofre,2005-01-02,4.6898867588937
3,Coombs & Melack; 2013,Site_1,San Onofre,2005-01-03,5.5513206597933005
3,Coombs & Melack; 2013,Site_1,San Onofre,2005-01-04,5.1511833589272005
3,Coombs & Melack; 2013,Site_2,Gaviota,2004-12-27,2.7227794317612
3,Coombs & Melack; 2013,Site_2,Gaviota,2004-12-28,2.4685713920616
3,Coombs & Melack; 2013,Site_2,Gaviota,2004-12-29,2.214363352362
3,Coombs & Melack; 2013,Site_2,Gaviota,2004-12-29,1.9689065570978999
3,Coombs & Melack; 2013,Site_2,Gaviota,2004-12-30,1.24124134783866
3,Coombs & Melack; 2013,Site_2,Gaviota,2004-12-30,0.99551297127177
3,Coombs & Melack; 2013,Site_2,Gaviota,2005-01-01,0.63342625080798
3,Coombs & Melack; 2013,Site_2,Gaviota,2005-01-01,1.38925354557297
3,Coombs & Melack; 2013,Site_2,Gaviota,2005-01-02,1.31716306986873
3,Coombs & Melack; 2013,Site_2,Gaviota,2005-01-02,1.39945242018183
3,Coombs & Melack; 2013,Site_2,Gaviota,2005-01-03,1.422898192679565
3,Coombs & Melack; 2013,Site_2,Gaviota,2005-01-04,1.4463439651773
3,Coombs & Melack; 2013,Site_3,Arroyo Hondo,2004-12-28,1.2766052057910902
3,Coombs & Melack; 2013,Site_3,Arroyo Hondo,2004-12-28,1.5946131951435
3,Coombs & Melack; 2013,Site_3,Arroyo Hondo,2004-12-29,1.8146334240804003
3,Coombs & Melack; 2013,Site_3,Arroyo Hondo,2004-12-30,2.2976953837551
3,Coombs & Melack; 2013,Site_3,Arroyo Hondo,2004-12-31,2.5257272819247003
3,Coombs & Melack; 2013,Site_3,Arroyo Hondo,2005-01-01,1.7623344880806
3,Coombs & Melack; 2013,Site_3,Arroyo Hondo,2005-01-01,2.5180793380638
3,Coombs & Melack; 2013,Site_3,Arroyo Hondo,2005-01-01,2.4543060609606
3,Coombs & Melack; 2013,Site_3,Arroyo Hondo,2005-01-02,2.30488745649435
3,Coombs & Melack; 2013,Site_3,Arroyo Hondo,2005-01-03,2.1554688520281
3,Coombs & Melack; 2013,Site_3,Arroyo Hondo,2005-01-03,2.0188388507679003
4,Coombs & Melack; 2013,Control,Rattlesnake,2004-12-26,1.4113923288927
4,Coombs & Melack; 2013,Control,Rattlesnake,2004-12-27,1.339081193003505
4,Coombs & Melack; 2013,Control,Rattlesnake,2004-12-28,1.2667700571143101
4,Coombs & Melack; 2013,Control,Rattlesnake,2004-12-29,1.1039202669713402
4,Coombs & Melack; 2013,Control,Rattlesnake,2004-12-30,0.94107047682837
4,Coombs & Melack; 2013,Control,Rattlesnake,2004-12-30,0.86829134668899
4,Coombs & Melack; 2013,Control,Rattlesnake,2004-12-30,1.18655636939385
4,Coombs & Melack; 2013,Control,Rattlesnake,2005-01-01,0.9064340706000301
4,Coombs & Melack; 2013,Control,Rattlesnake,2005-01-01,0.93424212904071
4,Coombs & Melack; 2013,Control,Rattlesnake,2005-01-02,0.74326662662952
4,Coombs & Melack; 2013,Control,Rattlesnake,2005-01-03,0.76319880655893
4,Coombs & Melack; 2013,Control,Rattlesnake,2005-01-03,0.84487709729493
4,Coombs & Melack; 2013,Site_1,San Onofre,2004-12-27,8.2118205153285
4,Coombs & Melack; 2013,Site_1,San Onofre,2004-12-27,10.3597820649813
4,Coombs & Melack; 2013,Site_1,San Onofre,2004-12-27,6.6184633867044
4,Coombs & Melack; 2013,Site_1,San Onofre,2004-12-28,7.13357929784535
4,Coombs & Melack; 2013,Site_1,San Onofre,2004-12-29,7.6486952089863
4,Coombs & Melack; 2013,Site_1,San Onofre,2004-12-30,5.5657533031085995
4,Coombs & Melack; 2013,Site_1,San Onofre,2005-01-01,2.0534801059395
4,Coombs & Melack; 2013,Site_1,San Onofre,2005-01-02,3.7018568412189
4,Coombs & Melack; 2013,Site_1,San Onofre,2005-01-02,4.8402704491617
4,Coombs & Melack; 2013,Site_1,San Onofre,2005-01-02,4.3300696874673
4,Coombs & Melack; 2013,Site_1,San Onofre,2005-01-03,5.478468783458999
4,Coombs & Melack; 2013,Site_2,Gaviota,2004-12-27,1.6489005004311
4,Coombs & Melack; 2013,Site_2,Gaviota,2004-12-28,0.9214098789021
4,Coombs & Melack; 2013,Site_2,Gaviota,2004-12-29,1.5686577142887002
4,Coombs & Melack; 2013,Site_2,Gaviota,2004-12-30,1.24124134783866
4,Coombs & Melack; 2013,Site_2,Gaviota,2004-12-30,1.15934482145937
4,Coombs & Melack; 2013,Site_2,Gaviota,2005-01-01,0.88817018025855
4,Coombs & Melack; 2013,Site_2,Gaviota,2005-01-01,1.03368479332461
4,Coombs & Melack; 2013,Site_2,Gaviota,2005-01-02,1.15005445333674
4,Coombs & Melack; 2013,Site_2,Gaviota,2005-01-03,1.2664241133488698
4,Coombs & Melack; 2013,Site_2,Gaviota,2005-01-04,1.3827937733609998
4,Coombs & Melack; 2013,Site_2,Gaviota,2005-01-04,1.33753172080458
4,Coombs & Melack; 2013,Site_2,Gaviota,2005-01-04,1.5189048586929002
4,Coombs & Melack; 2013,Site_3,Arroyo Hondo,2004-12-27,1.5030124618656
4,Coombs & Melack; 2013,Site_3,Arroyo Hondo,2004-12-27,2.395198176588
4,Coombs & Melack; 2013,Site_3,Arroyo Hondo,2004-12-27,1.4300247960705
4,Coombs & Melack; 2013,Site_3,Arroyo Hondo,2004-12-27,2.4681373459470004
4,Coombs & Melack; 2013,Site_3,Arroyo Hondo,2004-12-28,2.3354323512093003
4,Coombs & Melack; 2013,Site_3,Arroyo Hondo,2004-12-29,2.2027273564716
4,Coombs & Melack; 2013,Site_3,Arroyo Hondo,2004-12-30,2.0700223617339
4,Coombs & Melack; 2013,Site_3,Arroyo Hondo,2005-01-02,2.0361716028129
4,Coombs & Melack; 2013,Site_3,Arroyo Hondo,2005-01-02,1.9269762342138002
4,Coombs & Melack; 2013,Site_3,Arroyo Hondo,2005-01-02,1.7446331600397
4,Coombs & Melack; 2013,Site_3,Arroyo Hondo,2005-01-03,2.2559347990977
4,Coombs & Melack; 2013,Site_3,Arroyo Hondo,2005-01-03,2.1915795605592
5,Coombs & Melack; 2013,Control,Rattlesnake,2004-12-26,1.4113923288927
5,Coombs & Melack; 2013,Control,Rattlesnake,2004-12-27,1.5303501016545
5,Coombs & Melack; 2013,Control,Rattlesnake,2004-12-28,1.4978556368083
5,Coombs & Melack; 2013,Control,Rattlesnake,2004-12-29,1.4653611719621
5,Coombs & Melack; 2013,Control,Rattlesnake,2004-12-30,1.4328667071159
5,Coombs & Melack; 2013,Control,Rattlesnake,2004-12-30,1.4875662342114
5,Coombs & Melack; 2013,Control,Rattlesnake,2004-12-30,1.0502803943583001
5,Coombs & Melack; 2013,Control,Rattlesnake,2005-01-01,0.8336840386024501
5,Coombs & Melack; 2013,Control,Rattlesnake,2005-01-02,0.74326662662952
5,Coombs & Melack; 2013,Control,Rattlesnake,2005-01-02,0.9436796040000001
5,Coombs & Melack; 2013,Control,Rattlesnake,2005-01-02,0.78939677155521
5,Coombs & Melack; 2013,Control,Rattlesnake,2005-01-03,0.71429787836729
5,Coombs & Melack; 2013,Control,Rattlesnake,2005-01-04,0.63919898517937
5,Coombs & Melack; 2013,Control,Rattlesnake,2005-01-05,0.56410009199145
5,Coombs & Melack; 2013,Site_1,San Onofre,2004-12-27,5.353259776242
5,Coombs & Melack; 2013,Site_1,San Onofre,2004-12-28,7.648428476486701
5,Coombs & Melack; 2013,Site_1,San Onofre,2004-12-29,5.81046324723375
5,Coombs & Melack; 2013,Site_1,San Onofre,2004-12-30,3.9724980179808003
5,Coombs & Melack; 2013,Site_1,San Onofre,2004-12-30,5.9754493211448
5,Coombs & Melack; 2013,Site_1,San Onofre,2004-12-30,6.0024571829271
5,Coombs & Melack; 2013,Site_1,San Onofre,2005-01-01,5.3947487777757
5,Coombs & Melack; 2013,Site_1,San Onofre,2005-01-01,3.8284528579941
5,Coombs & Melack; 2013,Site_1,San Onofre,2005-01-01,5.0759890891815
5,Coombs & Melack; 2013,Site_1,San Onofre,2005-01-01,5.0851258832955
5,Coombs & Melack; 2013,Site_1,San Onofre,2005-01-02,3.2107686646413
5,Coombs & Melack; 2013,Site_2,Gaviota,2004-12-27,1.9305892446162
5,Coombs & Melack; 2013,Site_2,Gaviota,2004-12-27,1.885419336549
5,Coombs & Melack; 2013,Site_2,Gaviota,2004-12-28,0.86688978946059
5,Coombs & Melack; 2013,Site_2,Gaviota,2004-12-29,2.0140425177998997
5,Coombs & Melack; 2013,Site_2,Gaviota,2004-12-30,0.64069591938576
5,Coombs & Melack; 2013,Site_2,Gaviota,2005-01-01,1.4347095856947
5,Coombs & Melack; 2013,Site_2,Gaviota,2005-01-02,0.9253187199459
5,Coombs & Melack; 2013,Site_2,Gaviota,2005-01-02,0.67046809763556
5,Coombs & Melack; 2013,Site_2,Gaviota,2005-01-03,1.4819357577801
5,Coombs & Melack; 2013,Site_2,Gaviota,2005-01-04,1.4463439651773
5,Coombs & Melack; 2013,Site_3,Arroyo Hondo,2004-12-27,1.17512567634357
5,Coombs & Melack; 2013,Site_3,Arroyo Hondo,2004-12-28,1.1397957660364801
5,Coombs & Melack; 2013,Site_3,Arroyo Hondo,2004-12-29,2.5422743855417997
5,Coombs & Melack; 2013,Site_3,Arroyo Hondo,2004-12-30,1.7604528129132
5,Coombs & Melack; 2013,Site_3,Arroyo Hondo,2004-12-30,1.7423489615112002
5,Coombs & Melack; 2013,Site_3,Arroyo Hondo,2005-01-01,1.25241985746024
5,Coombs & Melack; 2013,Site_3,Arroyo Hondo,2005-01-01,1.4895449036517001
5,Coombs & Melack; 2013,Site_3,Arroyo Hondo,2005-01-01,2.399621082936
5,Coombs & Melack; 2013,Site_3,Arroyo Hondo,2005-01-02,1.7446331600397
5,Coombs & Melack; 2013,Site_3,Arroyo Hondo,2005-01-03,2.2831463464719
6,Coombs & Melack; 2013,Control,Rattlesnake,2004-12-27,0.9019093203355201
6,Coombs & Melack; 2013,Control,Rattlesnake,2004-12-28,0.93966891959997
6,Coombs & Melack; 2013,Control,Rattlesnake,2004-12-29,1.8320777194692002
6,Coombs & Melack; 2013,Control,Rattlesnake,2004-12-29,1.5229300923039
6,Coombs & Melack; 2013,Control,Rattlesnake,2004-12-30,0.86829134668899
6,Coombs & Melack; 2013,Control,Rattlesnake,2005-01-01,0.90676384888677
6,Coombs & Melack; 2013,Control,Rattlesnake,2005-01-01,0.94325768192439
6,Coombs & Melack; 2013,Control,Rattlesnake,2005-01-02,0.74326662662952
6,Coombs & Melack; 2013,Control,Rattlesnake,2005-01-02,0.93490653511773
6,Coombs & Melack; 2013,Control,Rattlesnake,2005-01-02,0.8346685233988501
6,Coombs & Melack; 2013,Site_1,San Onofre,2004-12-27,10.3597820649813
6,Coombs & Melack; 2013,Site_1,San Onofre,2004-12-28,7.648428476486701
6,Coombs & Melack; 2013,Site_1,San Onofre,2004-12-28,7.8300634982115
6,Coombs & Melack; 2013,Site_1,San Onofre,2004-12-29,8.094855961077899
6,Coombs & Melack; 2013,Site_1,San Onofre,2004-12-30,3.7085590982727
6,Coombs & Melack; 2013,Site_1,San Onofre,2005-01-02,3.2107686646413
6,Coombs & Melack; 2013,Site_1,San Onofre,2005-01-02,4.9218905436141
6,Coombs & Melack; 2013,Site_1,San Onofre,2005-01-03,5.4776879856552
6,Coombs & Melack; 2013,Site_1,San Onofre,2005-01-04,5.4331485354594005
6,Coombs & Melack; 2013,Site_1,San Onofre,2005-01-04,5.1511833589272005
6,Coombs & Melack; 2013,Site_2,Gaviota,2004-12-26,1.21111999258761
6,Coombs & Melack; 2013,Site_2,Gaviota,2004-12-27,1.9218016268031
6,Coombs & Melack; 2013,Site_2,Gaviota,2004-12-28,1.3216441730606099
6,Coombs & Melack; 2013,Site_2,Gaviota,2004-12-29,1.5506072099469
6,Coombs & Melack; 2013,Site_2,Gaviota,2004-12-30,0.88631760295281
6,Coombs & Melack; 2013,Site_2,Gaviota,2005-01-01,1.14375795372027
6,Coombs & Melack; 2013,Site_2,Gaviota,2005-01-01,1.3072406269066201
6,Coombs & Melack; 2013,Site_2,Gaviota,2005-01-02,1.1986466185974
6,Coombs & Melack; 2013,Site_2,Gaviota,2005-01-02,1.4538512675526
6,Coombs & Melack; 2013,Site_2,Gaviota,2005-01-03,1.4183225204568
6,Coombs & Melack; 2013,Site_2,Gaviota,2005-01-04,1.3827937733609998
6,Coombs & Melack; 2013,Site_3,Arroyo Hondo,2004-12-27,2.3406392895774
6,Coombs & Melack; 2013,Site_3,Arroyo Hondo,2004-12-28,1.6679500386402
6,Coombs & Melack; 2013,Site_3,Arroyo Hondo,2004-12-29,1.7051495000757
6,Coombs & Melack; 2013,Site_3,Arroyo Hondo,2004-12-30,1.7423489615112002
6,Coombs & Melack; 2013,Site_3,Arroyo Hondo,2004-12-30,1.1231080212139202
6,Coombs & Melack; 2013,Site_3,Arroyo Hondo,2004-12-30,0.91377163474863
6,Coombs & Melack; 2013,Site_3,Arroyo Hondo,2005-01-01,2.4087481786032
6,Coombs & Melack; 2013,Site_3,Arroyo Hondo,2005-01-02,1.5717857575287002
6,Coombs & Melack; 2013,Site_3,Arroyo Hondo,2005-01-02,1.7446331600397
6,Coombs & Melack; 2013,Site_3,Arroyo Hondo,2005-01-02,1.8816074883773999
6,Coombs & Melack; 2013,Site_3,Arroyo Hondo,2005-01-03,2.1554688520281
7,Coombs & Melack; 2013,Control,Rattlesnake,2004-12-29,1.4592926074629
7,Coombs & Melack; 2013,Control,Rattlesnake,2004-12-29,1.5229300923039
7,Coombs & Melack; 2013,Control,Rattlesnake,2004-12-29,1.7047978977623999
7,Coombs & Melack; 2013,Control,Rattlesnake,2004-12-30,1.4875662342114
7,Coombs & Melack; 2013,Control,Rattlesnake,2004-12-30,0.94107047682837
7,Coombs & Melack; 2013,Control,Rattlesnake,2005-01-01,0.93424212904071
7,Coombs & Melack; 2013,Control,Rattlesnake,2005-01-01,0.94325768192439
7,Coombs & Melack; 2013,Control,Rattlesnake,2005-01-02,1.0348438665516002
7,Coombs & Melack; 2013,Control,Rattlesnake,2005-01-02,0.97126457715378
7,Coombs & Melack; 2013,Control,Rattlesnake,2005-01-02,0.8346685233988501
7,Coombs & Melack; 2013,Site_1,San Onofre,2004-12-27,9.6499636733514
7,Coombs & Melack; 2013,Site_1,San Onofre,2004-12-28,8.3305406537325
7,Coombs & Melack; 2013,Site_1,San Onofre,2004-12-29,7.15299498743865
7,Coombs & Melack; 2013,Site_1,San Onofre,2004-12-30,5.9754493211448
7,Coombs & Melack; 2013,Site_1,San Onofre,2004-12-30,5.1739816984002
7,Coombs & Melack; 2013,Site_1,San Onofre,2004-12-30,5.5657533031085995
7,Coombs & Melack; 2013,Site_1,San Onofre,2005-01-02,5.1498205982874
7,Coombs & Melack; 2013,Site_1,San Onofre,2005-01-02,4.4118207235578
7,Coombs & Melack; 2013,Site_1,San Onofre,2005-01-02,4.9218905436141
7,Coombs & Melack; 2013,Site_1,San Onofre,2005-01-03,5.4054277706037
7,Coombs & Melack; 2013,Site_1,San Onofre,2005-01-03,5.478468783458999
7,Coombs & Melack; 2013,Site_2,Gaviota,2004-12-27,0.045974955265638
7,Coombs & Melack; 2013,Site_2,Gaviota,2004-12-27,1.8126838541826003
7,Coombs & Melack; 2013,Site_2,Gaviota,2004-12-28,0.8488004875497001
7,Coombs & Melack; 2013,Site_2,Gaviota,2004-12-28,1.06657046546337
7,Coombs & Melack; 2013,Site_2,Gaviota,2004-12-29,2.068882686381
7,Coombs & Melack; 2013,Site_2,Gaviota,2005-01-01,0.52426967977797
7,Coombs & Melack; 2013,Site_2,Gaviota,2005-01-01,0.88817018025855
7,Coombs & Melack; 2013,Site_2,Gaviota,2005-01-02,1.05290407060083
7,Coombs & Melack; 2013,Site_2,Gaviota,2005-01-02,0.9253187199459
7,Coombs & Melack; 2013,Site_2,Gaviota,2005-01-02,1.2535207345437
7,Coombs & Melack; 2013,Site_3,Arroyo Hondo,2004-12-27,0.027778960312887
7,Coombs & Melack; 2013,Site_3,Arroyo Hondo,2004-12-27,2.7409511778936
7,Coombs & Melack; 2013,Site_3,Arroyo Hondo,2004-12-27,2.395198176588
7,Coombs & Melack; 2013,Site_3,Arroyo Hondo,2004-12-28,2.1775817715624
7,Coombs & Melack; 2013,Site_3,Arroyo Hondo,2004-12-29,1.9599653665368002
7,Coombs & Melack; 2013,Site_3,Arroyo Hondo,2004-12-30,1.7423489615112002
7,Coombs & Melack; 2013,Site_3,Arroyo Hondo,2004-12-30,0.91377163474863
7,Coombs & Melack; 2013,Site_3,Arroyo Hondo,2005-01-01,1.4254563976128
7,Coombs & Melack; 2013,Site_3,Arroyo Hondo,2005-01-01,2.4543060609606
7,Coombs & Melack; 2013,Site_3,Arroyo Hondo,2005-01-01,1.6710586821852
7,Coombs & Melack; 2013,Site_3,Arroyo Hondo,2005-01-02,1.8816074883773999
7,Coombs & Melack; 2013,Site_3,Arroyo Hondo,2005-01-03,1.6545358274865
8,Coombs & Melack; 2013,Control,Rattlesnake,2004-12-27,1.5484442532090001
8,Coombs & Melack; 2013,Control,Rattlesnake,2004-12-28,1.3823896335921002
8,Coombs & Melack; 2013,Control,Rattlesnake,2004-12-29,1.2163350139752
8,Coombs & Melack; 2013,Control,Rattlesnake,2004-12-30,1.0502803943583001
8,Coombs & Melack; 2013,Control,Rattlesnake,2004-12-30,0.94107047682837
8,Coombs & Melack; 2013,Control,Rattlesnake,2004-12-30,1.4328667071159
8,Coombs & Melack; 2013,Control,Rattlesnake,2004-12-31,1.19696378007864
8,Coombs & Melack; 2013,Control,Rattlesnake,2005-01-01,0.9064340706000301
8,Coombs & Melack; 2013,Control,Rattlesnake,2005-01-01,0.8336840386024501
8,Coombs & Melack; 2013,Control,Rattlesnake,2005-01-02,0.78939677155521
8,Coombs & Melack; 2013,Control,Rattlesnake,2005-01-02,0.91627406906049
8,Coombs & Melack; 2013,Control,Rattlesnake,2005-01-02,0.97126457715378
8,Coombs & Melack; 2013,Site_1,San Onofre,2004-12-27,6.6184633867044
8,Coombs & Melack; 2013,Site_1,San Onofre,2004-12-27,8.630430242191801
8,Coombs & Melack; 2013,Site_1,San Onofre,2004-12-28,8.217024220881001
8,Coombs & Melack; 2013,Site_1,San Onofre,2004-12-29,7.8036181995702005
8,Coombs & Melack; 2013,Site_1,San Onofre,2004-12-30,2.7069937276536002
8,Coombs & Melack; 2013,Site_1,San Onofre,2004-12-30,5.5657533031085995
8,Coombs & Melack; 2013,Site_1,San Onofre,2005-01-01,4.63901362764
8,Coombs & Melack; 2013,Site_1,San Onofre,2005-01-01,4.0650589885374
8,Coombs & Melack; 2013,Site_1,San Onofre,2005-01-02,2.5729631538576
8,Coombs & Melack; 2013,Site_1,San Onofre,2005-01-02,5.0218036273902
8,Coombs & Melack; 2013,Site_1,San Onofre,2005-01-03,5.4054277706037
8,Coombs & Melack; 2013,Site_2,Gaviota,2004-12-26,0.118695889261488
8,Coombs & Melack; 2013,Site_2,Gaviota,2004-12-27,1.9305892446162
8,Coombs & Melack; 2013,Site_2,Gaviota,2004-12-27,1.5578332307517
8,Coombs & Melack; 2013,Site_2,Gaviota,2004-12-28,1.37039314425839
8,Coombs & Melack; 2013,Site_2,Gaviota,2004-12-29,1.18295305776508
8,Coombs & Melack; 2013,Site_2,Gaviota,2004-12-30,0.99551297127177
8,Coombs & Melack; 2013,Site_2,Gaviota,2004-12-31,1.4243506710258
8,Coombs & Melack; 2013,Site_2,Gaviota,2005-01-01,1.4708396925201
8,Coombs & Melack; 2013,Site_2,Gaviota,2005-01-01,1.4347095856947
8,Coombs & Melack; 2013,Site_2,Gaviota,2005-01-01,0.52426967977797
8,Coombs & Melack; 2013,Site_2,Gaviota,2005-01-02,0.79535702678684
8,Coombs & Melack; 2013,Site_2,Gaviota,2005-01-03,1.06644437379571
8,Coombs & Melack; 2013,Site_2,Gaviota,2005-01-04,1.33753172080458
8,Coombs & Melack; 2013,Site_2,Gaviota,2005-01-04,1.3827937733609998
8,Coombs & Melack; 2013,Site_3,Arroyo Hondo,2004-12-27,2.395198176588
8,Coombs & Melack; 2013,Site_3,Arroyo Hondo,2004-12-27,2.3038884233274
8,Coombs & Melack; 2013,Site_3,Arroyo Hondo,2004-12-27,1.17512567634357
8,Coombs & Melack; 2013,Site_3,Arroyo Hondo,2004-12-28,1.54931557881408
8,Coombs & Melack; 2013,Site_3,Arroyo Hondo,2004-12-29,1.92350548128459
8,Coombs & Melack; 2013,Site_3,Arroyo Hondo,2004-12-30,2.2976953837551
8,Coombs & Melack; 2013,Site_3,Arroyo Hondo,2004-12-30,1.1231080212139202
8,Coombs & Melack; 2013,Site_3,Arroyo Hondo,2005-01-02,1.5717857575287002
8,Coombs & Melack; 2013,Site_3,Arroyo Hondo,2005-01-02,1.8816074883773999
8,Coombs & Melack; 2013,Site_3,Arroyo Hondo,2005-01-02,1.9996632201440998
8,Coombs & Melack; 2013,Site_3,Arroyo Hondo,2005-01-03,2.2831463464719
8,Coombs & Melack; 2013,Site_3,Arroyo Hondo,2005-01-04,2.0199009301422
8,Coombs & Melack; 2013,Site_3,Arroyo Hondo,2005-01-05,1.7566555138125002
9,Coombs & Melack; 2013,Control,Rattlesnake,2004-12-27,1.10226410170254
9,Coombs & Melack; 2013,Control,Rattlesnake,2004-12-28,0.86689463924427
9,Coombs & Melack; 2013,Control,Rattlesnake,2004-12-29,1.7775333815295
9,Coombs & Melack; 2013,Control,Rattlesnake,2004-12-30,1.1048247320178601
9,Coombs & Melack; 2013,Control,Rattlesnake,2004-12-31,1.16982012771498
9,Coombs & Melack; 2013,Control,Rattlesnake,2005-01-01,0.8156286843369
9,Coombs & Melack; 2013,Control,Rattlesnake,2005-01-01,0.88849025897793
9,Coombs & Melack; 2013,Control,Rattlesnake,2005-01-01,0.94325768192439
9,Coombs & Melack; 2013,Control,Rattlesnake,2005-01-01,0.8337616334604899
9,Coombs & Melack; 2013,Control,Rattlesnake,2005-01-02,0.9436796040000001
9,Coombs & Melack; 2013,Site_1,San Onofre,2004-12-27,3.2141779880511
9,Coombs & Melack; 2013,Site_1,San Onofre,2004-12-27,1.4664070863246
9,Coombs & Melack; 2013,Site_1,San Onofre,2004-12-28,2.8024143911421
9,Coombs & Melack; 2013,Site_1,San Onofre,2004-12-29,4.138421695959599
9,Coombs & Melack; 2013,Site_1,San Onofre,2004-12-30,5.4744290007771
9,Coombs & Melack; 2013,Site_1,San Onofre,2004-12-30,5.1739816984002
9,Coombs & Melack; 2013,Site_1,San Onofre,2004-12-30,2.7069937276536002
9,Coombs & Melack; 2013,Site_1,San Onofre,2005-01-01,1.6803555174798
9,Coombs & Melack; 2013,Site_1,San Onofre,2005-01-01,4.2200353247808
9,Coombs & Melack; 2013,Site_1,San Onofre,2005-01-01,2.0534801059395
9,Coombs & Melack; 2013,Site_1,San Onofre,2005-01-02,3.292408157388
9,Coombs & Melack; 2013,Site_1,San Onofre,2005-01-02,4.4118207235578
9,Coombs & Melack; 2013,Site_2,Gaviota,2004-12-27,1.7762336677974
9,Coombs & Melack; 2013,Site_2,Gaviota,2004-12-28,1.03053735179031
9,Coombs & Melack; 2013,Site_2,Gaviota,2004-12-28,1.2580066875192601
9,Coombs & Melack; 2013,Site_2,Gaviota,2004-12-29,1.9689065570978999
9,Coombs & Melack; 2013,Site_2,Gaviota,2004-12-30,1.24124134783866
9,Coombs & Melack; 2013,Site_2,Gaviota,2005-01-01,1.416416596371
9,Coombs & Melack; 2013,Site_2,Gaviota,2005-01-01,0.77958587123655
9,Coombs & Melack; 2013,Site_2,Gaviota,2005-01-02,1.05290407060083
9,Coombs & Melack; 2013,Site_2,Gaviota,2005-01-03,1.5091182070125
9,Coombs & Melack; 2013,Site_2,Gaviota,2005-01-03,1.5640117226538
9,Coombs & Melack; 2013,Site_3,Arroyo Hondo,2004-12-27,1.17512567634357
9,Coombs & Melack; 2013,Site_3,Arroyo Hondo,2004-12-28,0.77599710891213
9,Coombs & Melack; 2013,Site_3,Arroyo Hondo,2004-12-28,1.522226889078
9,Coombs & Melack; 2013,Site_3,Arroyo Hondo,2004-12-29,2.5422743855417997
9,Coombs & Melack; 2013,Site_3,Arroyo Hondo,2004-12-29,2.7242585835675
9,Coombs & Melack; 2013,Site_3,Arroyo Hondo,2005-01-01,1.7623344880806
9,Coombs & Melack; 2013,Site_3,Arroyo Hondo,2005-01-01,1.25241985746024
9,Coombs & Melack; 2013,Site_3,Arroyo Hondo,2005-01-02,1.7270045773533
9,Coombs & Melack; 2013,Site_3,Arroyo Hondo,2005-01-02,1.8816074883773999
9,Coombs & Melack; 2013,Site_3,Arroyo Hondo,2005-01-03,1.91904943409445
9,Coombs & Melack; 2013,Site_3,Arroyo Hondo,2005-01-04,1.9564913798115
10,Coombs & Melack; 2013,Control,Rattlesnake,2004-12-28,0.9668707682472301
10,Coombs & Melack; 2013,Control,Rattlesnake,2004-12-28,1.29418529148111
10,Coombs & Melack; 2013,Control,Rattlesnake,2004-12-28,0.86702558046216
10,Coombs & Melack; 2013,Control,Rattlesnake,2004-12-29,1.7047978977623999
10,Coombs & Melack; 2013,Control,Rattlesnake,2004-12-29,1.39565997128502
10,Coombs & Melack; 2013,Control,Rattlesnake,2005-01-02,0.9436796040000001
10,Coombs & Melack; 2013,Control,Rattlesnake,2005-01-02,0.6074077238859
10,Coombs & Melack; 2013,Control,Rattlesnake,2005-01-03,0.80858695068963
10,Coombs & Melack; 2013,Control,Rattlesnake,2005-01-03,0.85387810124778
10,Coombs & Melack; 2013,Control,Rattlesnake,2005-01-04,0.46302793554863997
10,Coombs & Melack; 2013,Site_1,San Onofre,2004-12-27,8.1208793380638
10,Coombs & Melack; 2013,Site_1,San Onofre,2004-12-27,8.785309585563
10,Coombs & Melack; 2013,Site_1,San Onofre,2004-12-27,6.9920050489968
10,Coombs & Melack; 2013,Site_1,San Onofre,2004-12-28,7.54343050503735
10,Coombs & Melack; 2013,Site_1,San Onofre,2004-12-29,8.094855961077899
10,Coombs & Melack; 2013,Site_1,San Onofre,2004-12-30,3.7085590982727
10,Coombs & Melack; 2013,Site_1,San Onofre,2005-01-01,1.05229301102373
10,Coombs & Melack; 2013,Site_1,San Onofre,2005-01-01,3.8284528579941
10,Coombs & Melack; 2013,Site_1,San Onofre,2005-01-01,4.0650589885374
10,Coombs & Melack; 2013,Site_1,San Onofre,2005-01-02,4.9218905436141
10,Coombs & Melack; 2013,Site_1,San Onofre,2005-01-03,5.478468783458999
10,Coombs & Melack; 2013,Site_2,Gaviota,2004-12-27,1.612518210177
10,Coombs & Melack; 2013,Site_2,Gaviota,2004-12-28,0.86688978946059
10,Coombs & Melack; 2013,Site_2,Gaviota,2004-12-29,1.5686577142887002
10,Coombs & Melack; 2013,Site_2,Gaviota,2004-12-29,2.068882686381
10,Coombs & Melack; 2013,Site_2,Gaviota,2004-12-30,0.88631760295281
10,Coombs & Melack; 2013,Site_2,Gaviota,2005-01-01,1.3072406269066201
10,Coombs & Melack; 2013,Site_2,Gaviota,2005-01-01,1.38925354557297
10,Coombs & Melack; 2013,Site_2,Gaviota,2005-01-02,1.4538512675526
10,Coombs & Melack; 2013,Site_2,Gaviota,2005-01-03,1.5640117226538
10,Coombs & Melack; 2013,Site_2,Gaviota,2005-01-04,1.5189048586929002
10,Coombs & Melack; 2013,Site_3,Arroyo Hondo,2004-12-27,1.08403900865001
10,Coombs & Melack; 2013,Site_3,Arroyo Hondo,2004-12-28,2.1223455452514
10,Coombs & Melack; 2013,Site_3,Arroyo Hondo,2004-12-28,1.7495022383621999
10,Coombs & Melack; 2013,Site_3,Arroyo Hondo,2004-12-28,1.5946131951435
10,Coombs & Melack; 2013,Site_3,Arroyo Hondo,2004-12-29,1.72766655867855
10,Coombs & Melack; 2013,Site_3,Arroyo Hondo,2004-12-30,1.8607199222136
10,Coombs & Melack; 2013,Site_3,Arroyo Hondo,2005-01-01,2.1629034104496
10,Coombs & Melack; 2013,Site_3,Arroyo Hondo,2005-01-02,1.7446331600397
10,Coombs & Melack; 2013,Site_3,Arroyo Hondo,2005-01-03,2.0188388507679003
10,Coombs & Melack; 2013,Site_3,Arroyo Hondo,2005-01-03,2.2831463464719
10,Coombs & Melack; 2013,Site_3,Arroyo Hondo,2005-01-03,2.2830299539047
11,Coombs & Melack; 2013,Control,Rattlesnake,2004-12-27,1.5484442532090001
11,Coombs & Melack; 2013,Control,Rattlesnake,2004-12-27,0.009728455718961
11,Coombs & Melack; 2013,Control,Rattlesnake,2004-12-28,1.29418529148111
11,Coombs & Melack; 2013,Control,Rattlesnake,2004-12-28,1.03052280271941
11,Coombs & Melack; 2013,Control,Rattlesnake,2004-12-29,1.2316947549176551
11,Coombs & Melack; 2013,Control,Rattlesnake,2004-12-30,1.4328667071159
11,Coombs & Melack; 2013,Control,Rattlesnake,2005-01-01,0.8336840386024501
11,Coombs & Melack; 2013,Control,Rattlesnake,2005-01-02,0.8346685233988501
11,Coombs & Melack; 2013,Control,Rattlesnake,2005-01-02,0.85303910674017
11,Coombs & Melack; 2013,Control,Rattlesnake,2005-01-03,0.85387810124778
11,Coombs & Melack; 2013,Control,Rattlesnake,2005-01-03,0.8172678757830301
11,Coombs & Melack; 2013,Site_1,San Onofre,2004-12-27,4.0701899487354
11,Coombs & Melack; 2013,Site_1,San Onofre,2004-12-27,6.9920050489968
11,Coombs & Melack; 2013,Site_1,San Onofre,2004-12-28,5.5636679418824
11,Coombs & Melack; 2013,Site_1,San Onofre,2004-12-29,4.135330834768
11,Coombs & Melack; 2013,Site_1,San Onofre,2004-12-30,2.7069937276536002
11,Coombs & Melack; 2013,Site_1,San Onofre,2004-12-31,5.9938053559755
11,Coombs & Melack; 2013,Site_1,San Onofre,2004-12-31,5.0931714998933995
11,Coombs & Melack; 2013,Site_1,San Onofre,2005-01-01,5.0851258832955
11,Coombs & Melack; 2013,Site_1,San Onofre,2005-01-01,3.8284528579941
11,Coombs & Melack; 2013,Site_1,San Onofre,2005-01-02,3.2107686646413
11,Coombs & Melack; 2013,Site_1,San Onofre,2005-01-02,3.292408157388
11,Coombs & Melack; 2013,Site_1,San Onofre,2005-01-03,5.5513206597933005
11,Coombs & Melack; 2013,Site_2,Gaviota,2004-12-27,1.6489005004311
11,Coombs & Melack; 2013,Site_2,Gaviota,2004-12-28,0.8488004875497001
11,Coombs & Melack; 2013,Site_2,Gaviota,2004-12-28,1.6490265914451
11,Coombs & Melack; 2013,Site_2,Gaviota,2004-12-29,1.2130889619703051
11,Coombs & Melack; 2013,Site_2,Gaviota,2004-12-30,0.7771513324955099
11,Coombs & Melack; 2013,Site_2,Gaviota,2004-12-30,1.15934482145937
11,Coombs & Melack; 2013,Site_2,Gaviota,2005-01-01,1.38925354557297
11,Coombs & Melack; 2013,Site_2,Gaviota,2005-01-02,0.80762186460774
11,Coombs & Melack; 2013,Site_2,Gaviota,2005-01-02,1.31716306986873
11,Coombs & Melack; 2013,Site_2,Gaviota,2005-01-02,1.2535207345437
11,Coombs & Melack; 2013,Site_2,Gaviota,2005-01-03,1.31815725395235
11,Coombs & Melack; 2013,Site_2,Gaviota,2005-01-04,1.3827937733609998
11,Coombs & Melack; 2013,Site_3,Arroyo Hondo,2004-12-27,2.049483971871
11,Coombs & Melack; 2013,Site_3,Arroyo Hondo,2004-12-27,2.9408646384705
11,Coombs & Melack; 2013,Site_3,Arroyo Hondo,2004-12-27,2.4859938631436997
11,Coombs & Melack; 2013,Site_3,Arroyo Hondo,2004-12-28,1.4765962613661001
11,Coombs & Melack; 2013,Site_3,Arroyo Hondo,2004-12-29,1.8020679068616001
11,Coombs & Melack; 2013,Site_3,Arroyo Hondo,2004-12-30,2.1275395523571
11,Coombs & Melack; 2013,Site_3,Arroyo Hondo,2004-12-31,2.4530111978526
11,Coombs & Melack; 2013,Site_3,Arroyo Hondo,2005-01-01,1.25241985746024
11,Coombs & Melack; 2013,Site_3,Arroyo Hondo,2005-01-02,2.1634320248247
11,Coombs & Melack; 2013,Site_3,Arroyo Hondo,2005-01-02,2.1367878898149
11,Coombs & Melack; 2013,Site_3,Arroyo Hondo,2005-01-02,1.5717857575287002
11,Coombs & Melack; 2013,Site_3,Arroyo Hondo,2005-01-03,2.2830299539047
12,Coombs & Melack; 2013,Control,Rattlesnake,2004-12-27,0.9019093203355201
12,Coombs & Melack; 2013,Control,Rattlesnake,2004-12-28,0.9668707682472301
12,Coombs & Melack; 2013,Control,Rattlesnake,2004-12-28,0.86689463924427
12,Coombs & Melack; 2013,Control,Rattlesnake,2004-12-29,1.177230436727835
12,Coombs & Melack; 2013,Control,Rattlesnake,2004-12-30,1.4875662342114
12,Coombs & Melack; 2013,Control,Rattlesnake,2004-12-30,0.86829134668899
12,Coombs & Melack; 2013,Control,Rattlesnake,2005-01-01,0.82516315286874
12,Coombs & Melack; 2013,Control,Rattlesnake,2005-01-01,0.93424212904071
12,Coombs & Melack; 2013,Control,Rattlesnake,2005-01-01,0.9064340706000301
12,Coombs & Melack; 2013,Control,Rattlesnake,2005-01-02,0.8346685233988501
12,Coombs & Melack; 2013,Control,Rattlesnake,2005-01-03,0.76258289733822
12,Coombs & Melack; 2013,Site_1,San Onofre,2004-12-27,3.2141779880511
12,Coombs & Melack; 2013,Site_1,San Onofre,2004-12-27,7.6746070426284
12,Coombs & Melack; 2013,Site_1,San Onofre,2004-12-28,6.9412143620113005
12,Coombs & Melack; 2013,Site_1,San Onofre,2004-12-29,6.207821681394201
12,Coombs & Melack; 2013,Site_1,San Onofre,2004-12-30,5.4744290007771
12,Coombs & Melack; 2013,Site_1,San Onofre,2004-12-30,5.6202976410483
12,Coombs & Melack; 2013,Site_1,San Onofre,2004-12-31,5.3205923398866
12,Coombs & Melack; 2013,Site_1,San Onofre,2005-01-01,5.0759890891815
12,Coombs & Melack; 2013,Site_1,San Onofre,2005-01-01,4.2200353247808
12,Coombs & Melack; 2013,Site_1,San Onofre,2005-01-02,2.5821726933261
12,Coombs & Melack; 2013,Site_1,San Onofre,2005-01-03,5.3964413164220995
12,Coombs & Melack; 2013,Site_1,San Onofre,2005-01-03,5.478468783458999
12,Coombs & Melack; 2013,Site_2,Gaviota,2004-12-27,1.9305892446162
12,Coombs & Melack; 2013,Site_2,Gaviota,2004-12-28,1.6490265914451
12,Coombs & Melack; 2013,Site_2,Gaviota,2004-12-29,1.9961423533905003
12,Coombs & Melack; 2013,Site_2,Gaviota,2004-12-29,1.5506072099469
12,Coombs & Melack; 2013,Site_2,Gaviota,2004-12-30,1.392046960672515
12,Coombs & Melack; 2013,Site_2,Gaviota,2004-12-31,1.23348671139813
12,Coombs & Melack; 2013,Site_2,Gaviota,2005-01-01,1.03368479332461
12,Coombs & Melack; 2013,Site_2,Gaviota,2005-01-01,0.88817018025855
12,Coombs & Melack; 2013,Site_2,Gaviota,2005-01-02,0.9802461823921199
12,Coombs & Melack; 2013,Site_2,Gaviota,2005-01-02,0.9253187199459
12,Coombs & Melack; 2013,Site_2,Gaviota,2005-01-02,1.1986466185974
12,Coombs & Melack; 2013,Site_3,Arroyo Hondo,2004-12-28,1.1397957660364801
12,Coombs & Melack; 2013,Site_3,Arroyo Hondo,2004-12-28,1.6767716038185
12,Coombs & Melack; 2013,Site_3,Arroyo Hondo,2004-12-28,2.0496294611793
12,Coombs & Melack; 2013,Site_3,Arroyo Hondo,2004-12-29,2.7242585835675
12,Coombs & Melack; 2013,Site_3,Arroyo Hondo,2004-12-30,1.5417225978609
12,Coombs & Melack; 2013,Site_3,Arroyo Hondo,2005-01-01,2.4087481786032
12,Coombs & Melack; 2013,Site_3,Arroyo Hondo,2005-01-01,2.4543060609606
12,Coombs & Melack; 2013,Site_3,Arroyo Hondo,2005-01-01,2.5180793380638
12,Coombs & Melack; 2013,Site_3,Arroyo Hondo,2005-01-02,1.5626198638722
12,Coombs & Melack; 2013,Site_3,Arroyo Hondo,2005-01-03,2.2559347990977
13,Coombs & Melack; 2013,Control,Rattlesnake,2004-12-28,0.81236485051554
13,Coombs & Melack; 2013,Control,Rattlesnake,2004-12-29,1.7775333815295
13,Coombs & Melack; 2013,Control,Rattlesnake,2004-12-29,1.7047978977623999
13,Coombs & Melack; 2013,Control,Rattlesnake,2004-12-30,1.18655636939385
13,Coombs & Melack; 2013,Control,Rattlesnake,2004-12-30,1.25071277058336
13,Coombs & Melack; 2013,Control,Rattlesnake,2005-01-01,0.9064340706000301
13,Coombs & Melack; 2013,Control,Rattlesnake,2005-01-01,0.90676384888677
13,Coombs & Melack; 2013,Control,Rattlesnake,2005-01-02,0.85303910674017
13,Coombs & Melack; 2013,Control,Rattlesnake,2005-01-03,0.84487709729493
13,Coombs & Melack; 2013,Control,Rattlesnake,2005-01-04,0.70448859464319
13,Coombs & Melack; 2013,Control,Rattlesnake,2005-01-05,0.56410009199145
13,Coombs & Melack; 2013,Site_1,San Onofre,2004-12-27,8.421215098497601
13,Coombs & Melack; 2013,Site_1,San Onofre,2004-12-28,7.508733478427301
13,Coombs & Melack; 2013,Site_1,San Onofre,2004-12-29,6.596251858357
13,Coombs & Melack; 2013,Site_1,San Onofre,2004-12-30,5.6837702382867
13,Coombs & Melack; 2013,Site_1,San Onofre,2004-12-30,5.9754493211448
13,Coombs & Melack; 2013,Site_1,San Onofre,2004-12-30,5.1739816984002
13,Coombs & Melack; 2013,Site_1,San Onofre,2004-12-30,4.6368700691964
13,Coombs & Melack; 2013,Site_1,San Onofre,2005-01-01,5.0851258832955
13,Coombs & Melack; 2013,Site_1,San Onofre,2005-01-01,4.2200353247808
13,Coombs & Melack; 2013,Site_1,San Onofre,2005-01-02,4.9218905436141
13,Coombs & Melack; 2013,Site_1,San Onofre,2005-01-03,5.4420525458397
13,Coombs & Melack; 2013,Site_1,San Onofre,2005-01-04,5.196746091908699
13,Coombs & Melack; 2013,Site_2,Gaviota,2004-12-26,0.118695889261488
13,Coombs & Melack; 2013,Site_2,Gaviota,2004-12-27,1.8216024122331
13,Coombs & Melack; 2013,Site_2,Gaviota,2004-12-28,1.6490265914451
13,Coombs & Melack; 2013,Site_2,Gaviota,2004-12-29,1.422565989220845
13,Coombs & Melack; 2013,Site_2,Gaviota,2004-12-30,1.19610538699659
13,Coombs & Melack; 2013,Site_2,Gaviota,2004-12-30,0.7771513324955099
13,Coombs & Melack; 2013,Site_2,Gaviota,2005-01-01,1.1978221733007601
13,Coombs & Melack; 2013,Site_2,Gaviota,2005-01-02,1.39945242018183
13,Coombs & Melack; 2013,Site_2,Gaviota,2005-01-02,0.80762186460774
13,Coombs & Melack; 2013,Site_2,Gaviota,2005-01-03,1.4819357577801
13,Coombs & Melack; 2013,Site_2,Gaviota,2005-01-04,1.5189048586929002
13,Coombs & Melack; 2013,Site_3,Arroyo Hondo,2004-12-27,2.4859938631436997
13,Coombs & Melack; 2013,Site_3,Arroyo Hondo,2004-12-28,0.74840243647113
13,Coombs & Melack; 2013,Site_3,Arroyo Hondo,2004-12-29,2.8788760436625003
13,Coombs & Melack; 2013,Site_3,Arroyo Hondo,2004-12-29,2.5422743855417997
13,Coombs & Melack; 2013,Site_3,Arroyo Hondo,2004-12-30,1.1231080212139202
13,Coombs & Melack; 2013,Site_3,Arroyo Hondo,2005-01-02,2.0179028624076003
13,Coombs & Melack; 2013,Site_3,Arroyo Hondo,2005-01-02,1.7270045773533
13,Coombs & Melack; 2013,Site_3,Arroyo Hondo,2005-01-03,2.2559347990977
13,Coombs & Melack; 2013,Site_3,Arroyo Hondo,2005-01-04,1.9564913798115
13,Coombs & Melack; 2013,Site_3,Arroyo Hondo,2005-01-04,2.0291250200823003
14,Coombs & Melack; 2013,Control,Rattlesnake,2004-12-27,1.2483655259875799
14,Coombs & Melack; 2013,Control,Rattlesnake,2004-12-27,1.6939491667077
14,Coombs & Melack; 2013,Control,Rattlesnake,2004-12-28,1.58263125553435
14,Coombs & Melack; 2013,Control,Rattlesnake,2004-12-29,1.471313344361
14,Coombs & Melack; 2013,Control,Rattlesnake,2004-12-30,1.35999543318765
14,Coombs & Melack; 2013,Control,Rattlesnake,2004-12-30,1.02307369606743
14,Coombs & Melack; 2013,Control,Rattlesnake,2004-12-30,1.25071277058336
14,Coombs & Melack; 2013,Control,Rattlesnake,2005-01-01,0.96095416004154
14,Coombs & Melack; 2013,Control,Rattlesnake,2005-01-01,0.9252653735860501
14,Coombs & Melack; 2013,Control,Rattlesnake,2005-01-02,0.8346685233988501
14,Coombs & Melack; 2013,Control,Rattlesnake,2005-01-03,0.8172678757830301
14,Coombs & Melack; 2013,Control,Rattlesnake,2005-01-03,0.76258289733822
14,Coombs & Melack; 2013,Site_1,San Onofre,2004-12-27,8.785421128906801
14,Coombs & Melack; 2013,Site_1,San Onofre,2004-12-28,6.728837227245
14,Coombs & Melack; 2013,Site_1,San Onofre,2004-12-28,7.266142843593899
14,Coombs & Melack; 2013,Site_1,San Onofre,2004-12-28,8.3305406537325
14,Coombs & Melack; 2013,Site_1,San Onofre,2004-12-29,6.948146978420549
14,Coombs & Melack; 2013,Site_1,San Onofre,2004-12-30,5.5657533031085995
14,Coombs & Melack; 2013,Site_1,San Onofre,2005-01-02,5.0403681970362
14,Coombs & Melack; 2013,Site_1,San Onofre,2005-01-02,4.8126078805896
14,Coombs & Melack; 2013,Site_1,San Onofre,2005-01-03,5.4326247703077
14,Coombs & Melack; 2013,Site_1,San Onofre,2005-01-04,5.4331485354594005
14,Coombs & Melack; 2013,Site_1,San Onofre,2005-01-04,4.8512113252659
14,Coombs & Melack; 2013,Site_2,Gaviota,2004-12-27,1.8126838541826003
14,Coombs & Melack; 2013,Site_2,Gaviota,2004-12-27,1.10191492484136
14,Coombs & Melack; 2013,Site_2,Gaviota,2004-12-27,1.885419336549
14,Coombs & Melack; 2013,Site_2,Gaviota,2004-12-27,1.8216024122331
14,Coombs & Melack; 2013,Site_2,Gaviota,2004-12-28,1.2580066875192601
14,Coombs & Melack; 2013,Site_2,Gaviota,2005-01-01,0.88817018025855
14,Coombs & Melack; 2013,Site_2,Gaviota,2005-01-01,1.416416596371
14,Coombs & Melack; 2013,Site_2,Gaviota,2005-01-02,0.9802461823921199
14,Coombs & Melack; 2013,Site_2,Gaviota,2005-01-02,1.1986466185974
14,Coombs & Melack; 2013,Site_2,Gaviota,2005-01-02,0.77069641006722
14,Coombs & Melack; 2013,Site_3,Arroyo Hondo,2004-12-27,2.3038884233274
14,Coombs & Melack; 2013,Site_3,Arroyo Hondo,2004-12-28,1.5946131951435
14,Coombs & Melack; 2013,Site_3,Arroyo Hondo,2004-12-29,2.2512063622608
14,Coombs & Melack; 2013,Site_3,Arroyo Hondo,2004-12-29,2.8788760436625003
14,Coombs & Melack; 2013,Site_3,Arroyo Hondo,2004-12-30,1.7604528129132
14,Coombs & Melack; 2013,Site_3,Arroyo Hondo,2005-01-01,2.1629034104496
14,Coombs & Melack; 2013,Site_3,Arroyo Hondo,2005-01-02,2.0179028624076003
14,Coombs & Melack; 2013,Site_3,Arroyo Hondo,2005-01-02,1.9996632201440998
14,Coombs & Melack; 2013,Site_3,Arroyo Hondo,2005-01-03,2.0961063582144
14,Coombs & Melack; 2013,Site_3,Arroyo Hondo,2005-01-04,2.1925494962847
14,Coombs & Melack; 2013,Site_3,Arroyo Hondo,2005-01-05,1.7566555138125002
15,Coombs & Melack; 2013,Control,Rattlesnake,2004-12-27,1.2483655259875799
15,Coombs & Melack; 2013,Control,Rattlesnake,2004-12-28,1.29418529148111
15,Coombs & Melack; 2013,Control,Rattlesnake,2004-12-28,1.2667700571143101
15,Coombs & Melack; 2013,Control,Rattlesnake,2004-12-29,1.1039202669713402
15,Coombs & Melack; 2013,Control,Rattlesnake,2004-12-30,0.94107047682837
15,Coombs & Melack; 2013,Control,Rattlesnake,2004-12-31,1.16982012771498
15,Coombs & Melack; 2013,Control,Rattlesnake,2005-01-01,0.8156286843369
15,Coombs & Melack; 2013,Control,Rattlesnake,2005-01-01,0.8337616334604899
15,Coombs & Melack; 2013,Control,Rattlesnake,2005-01-02,0.78939677155521
15,Coombs & Melack; 2013,Control,Rattlesnake,2005-01-02,0.74326662662952
15,Coombs & Melack; 2013,Control,Rattlesnake,2005-01-03,0.60314728108908
15,Coombs & Melack; 2013,Control,Rattlesnake,2005-01-04,0.46302793554863997
15,Coombs & Melack; 2013,Site_1,San Onofre,2004-12-27,3.0684790874073
15,Coombs & Melack; 2013,Site_1,San Onofre,2004-12-28,7.5113959518654
15,Coombs & Melack; 2013,Site_1,San Onofre,2004-12-28,7.274668579531499
15,Coombs & Melack; 2013,Site_1,San Onofre,2004-12-29,6.6385628812293
15,Coombs & Melack; 2013,Site_1,San Onofre,2004-12-30,6.0024571829271
15,Coombs & Melack; 2013,Site_1,San Onofre,2004-12-31,5.5935322642479
15,Coombs & Melack; 2013,Site_1,San Onofre,2005-01-01,2.2629522836865004
15,Coombs & Melack; 2013,Site_1,San Onofre,2005-01-01,4.0286912459535
15,Coombs & Melack; 2013,Site_1,San Onofre,2005-01-01,4.0650589885374
15,Coombs & Melack; 2013,Site_1,San Onofre,2005-01-02,5.1498205982874
15,Coombs & Melack; 2013,Site_1,San Onofre,2005-01-03,5.1505019786073
15,Coombs & Melack; 2013,Site_1,San Onofre,2005-01-04,5.1511833589272005
15,Coombs & Melack; 2013,Site_2,Gaviota,2004-12-27,1.8397014144117
15,Coombs & Melack; 2013,Site_2,Gaviota,2004-12-28,1.32156657820257
15,Coombs & Melack; 2013,Site_2,Gaviota,2004-12-29,1.3545710674501952
15,Coombs & Melack; 2013,Site_2,Gaviota,2004-12-30,1.38757555669782
15,Coombs & Melack; 2013,Site_2,Gaviota,2004-12-30,1.15934482145937
15,Coombs & Melack; 2013,Site_2,Gaviota,2004-12-31,1.4244961617348
15,Coombs & Melack; 2013,Site_2,Gaviota,2005-01-01,1.4439579231525
15,Coombs & Melack; 2013,Site_2,Gaviota,2005-01-01,0.52426967977797
15,Coombs & Melack; 2013,Site_2,Gaviota,2005-01-01,1.4708396925201
15,Coombs & Melack; 2013,Site_2,Gaviota,2005-01-02,1.05290407060083
15,Coombs & Melack; 2013,Site_2,Gaviota,2005-01-03,1.5460630604076
15,Coombs & Melack; 2013,Site_3,Arroyo Hondo,2004-12-27,2.3038884233274
15,Coombs & Melack; 2013,Site_3,Arroyo Hondo,2004-12-27,0.86545428458685
15,Coombs & Melack; 2013,Site_3,Arroyo Hondo,2004-12-28,1.522226889078
15,Coombs & Melack; 2013,Site_3,Arroyo Hondo,2004-12-29,1.6991318566242999
15,Coombs & Melack; 2013,Site_3,Arroyo Hondo,2004-12-30,1.8760368241705998
15,Coombs & Melack; 2013,Site_3,Arroyo Hondo,2004-12-31,2.0529417917168997
15,Coombs & Melack; 2013,Site_3,Arroyo Hondo,2004-12-31,2.1711284651217
15,Coombs & Melack; 2013,Site_3,Arroyo Hondo,2005-01-02,1.5717857575287002
15,Coombs & Melack; 2013,Site_3,Arroyo Hondo,2005-01-02,2.0361716028129
15,Coombs & Melack; 2013,Site_3,Arroyo Hondo,2005-01-02,2.136419313819
15,Coombs & Melack; 2013,Site_3,Arroyo Hondo,2005-01-03,2.1554688520281
15,Coombs & Melack; 2013,Site_3,Arroyo Hondo,2005-01-04,2.1199255558614003
16,Coombs & Melack; 2013,Control,Rattlesnake,2004-12-28,1.03052280271941
16,Coombs & Melack; 2013,Control,Rattlesnake,2004-12-28,0.81236485051554
16,Coombs & Melack; 2013,Control,Rattlesnake,2004-12-28,1.2667700571143101
16,Coombs & Melack; 2013,Control,Rattlesnake,2004-12-29,1.695447718209
16,Coombs & Melack; 2013,Control,Rattlesnake,2004-12-30,1.0502803943583001
16,Coombs & Melack; 2013,Control,Rattlesnake,2005-01-01,0.93431487425514
16,Coombs & Melack; 2013,Control,Rattlesnake,2005-01-01,0.8156286843369
16,Coombs & Melack; 2013,Control,Rattlesnake,2005-01-01,0.82516315286874
16,Coombs & Melack; 2013,Control,Rattlesnake,2005-01-01,0.93424212904071
16,Coombs & Melack; 2013,Control,Rattlesnake,2005-01-02,0.85303910674017
16,Coombs & Melack; 2013,Site_1,San Onofre,2004-12-27,6.9920050489968
16,Coombs & Melack; 2013,Site_1,San Onofre,2004-12-27,3.2141779880511
16,Coombs & Melack; 2013,Site_1,San Onofre,2004-12-27,6.6364847929044
16,Coombs & Melack; 2013,Site_1,San Onofre,2004-12-27,8.630430242191801
16,Coombs & Melack; 2013,Site_1,San Onofre,2004-12-28,8.467020315060301
16,Coombs & Melack; 2013,Site_1,San Onofre,2005-01-01,5.0851258832955
16,Coombs & Melack; 2013,Site_1,San Onofre,2005-01-02,4.2389878701177
16,Coombs & Melack; 2013,Site_1,San Onofre,2005-01-02,2.5821726933261
16,Coombs & Melack; 2013,Site_1,San Onofre,2005-01-03,5.559957937674
16,Coombs & Melack; 2013,Site_1,San Onofre,2005-01-03,5.478468783458999
16,Coombs & Melack; 2013,Site_2,Gaviota,2004-12-27,1.9305892446162
16,Coombs & Melack; 2013,Site_2,Gaviota,2004-12-27,1.8126838541826003
16,Coombs & Melack; 2013,Site_2,Gaviota,2004-12-28,1.28507759466849
16,Coombs & Melack; 2013,Site_2,Gaviota,2004-12-29,1.08569759881065
16,Coombs & Melack; 2013,Site_2,Gaviota,2004-12-30,0.88631760295281
16,Coombs & Melack; 2013,Site_2,Gaviota,2004-12-31,1.4243506710258
16,Coombs & Melack; 2013,Site_2,Gaviota,2005-01-01,1.4531286660324
16,Coombs & Melack; 2013,Site_2,Gaviota,2005-01-02,1.31716306986873
16,Coombs & Melack; 2013,Site_2,Gaviota,2005-01-03,0.99003768399627
16,Coombs & Melack; 2013,Site_2,Gaviota,2005-01-03,1.24499499916638
16,Coombs & Melack; 2013,Site_2,Gaviota,2005-01-04,1.264168204408095
16,Coombs & Melack; 2013,Site_2,Gaviota,2005-01-05,1.2833414096498101
16,Coombs & Melack; 2013,Site_3,Arroyo Hondo,2004-12-27,2.1948433946606998
16,Coombs & Melack; 2013,Site_3,Arroyo Hondo,2004-12-27,2.3038884233274
16,Coombs & Melack; 2013,Site_3,Arroyo Hondo,2004-12-28,1.5946131951435
16,Coombs & Melack; 2013,Site_3,Arroyo Hondo,2004-12-28,1.522226889078
16,Coombs & Melack; 2013,Site_3,Arroyo Hondo,2004-12-29,2.5422743855417997
16,Coombs & Melack; 2013,Site_3,Arroyo Hondo,2005-01-01,1.25241985746024
16,Coombs & Melack; 2013,Site_3,Arroyo Hondo,2005-01-01,2.1629034104496
16,Coombs & Melack; 2013,Site_3,Arroyo Hondo,2005-01-02,1.7446331600397
16,Coombs & Melack; 2013,Site_3,Arroyo Hondo,2005-01-02,1.9996632201440998
16,Coombs & Melack; 2013,Site_3,Arroyo Hondo,2005-01-03,2.0961063582144
16,Coombs & Melack; 2013,Site_3,Arroyo Hondo,2005-01-04,2.1925494962847
17,Coombs & Melack; 2013,Control,Rattlesnake,2004-12-27,1.5303501016545
17,Coombs & Melack; 2013,Control,Rattlesnake,2004-12-27,0.9019093203355201
17,Coombs & Melack; 2013,Control,Rattlesnake,2004-12-28,1.03052280271941
17,Coombs & Melack; 2013,Control,Rattlesnake,2004-12-28,0.7576750222870501
17,Coombs & Melack; 2013,Control,Rattlesnake,2004-12-29,0.8435757667815101
17,Coombs & Melack; 2013,Control,Rattlesnake,2004-12-30,0.9294765112759701
17,Coombs & Melack; 2013,Control,Rattlesnake,2004-12-31,1.0153772557704301
17,Coombs & Melack; 2013,Control,Rattlesnake,2005-01-01,0.90676384888677
17,Coombs & Melack; 2013,Control,Rattlesnake,2005-01-02,0.78939677155521
17,Coombs & Melack; 2013,Control,Rattlesnake,2005-01-02,0.6074077238859
17,Coombs & Melack; 2013,Control,Rattlesnake,2005-01-03,0.84487709729493
17,Coombs & Melack; 2013,Control,Rattlesnake,2005-01-03,0.76319880655893
17,Coombs & Melack; 2013,Site_1,San Onofre,2004-12-27,8.1208793380638
17,Coombs & Melack; 2013,Site_1,San Onofre,2004-12-27,3.0684790874073
17,Coombs & Melack; 2013,Site_1,San Onofre,2004-12-28,8.467020315060301
17,Coombs & Melack; 2013,Site_1,San Onofre,2004-12-28,7.4205808656147
17,Coombs & Melack; 2013,Site_1,San Onofre,2004-12-29,5.5645699819437
17,Coombs & Melack; 2013,Site_1,San Onofre,2004-12-30,3.7085590982727
17,Coombs & Melack; 2013,Site_1,San Onofre,2005-01-01,4.811943475353
17,Coombs & Melack; 2013,Site_1,San Onofre,2005-01-01,2.2629522836865004
17,Coombs & Melack; 2013,Site_1,San Onofre,2005-01-02,5.1498205982874
17,Coombs & Melack; 2013,Site_1,San Onofre,2005-01-02,4.2389878701177
17,Coombs & Melack; 2013,Site_1,San Onofre,2005-01-03,5.4776879856552
17,Coombs & Melack; 2013,Site_2,Gaviota,2004-12-26,1.21111999258761
17,Coombs & Melack; 2013,Site_2,Gaviota,2004-12-27,1.9218016268031
17,Coombs & Melack; 2013,Site_2,Gaviota,2004-12-28,0.9214098789021
17,Coombs & Melack; 2013,Site_2,Gaviota,2004-12-28,0.86688978946059
17,Coombs & Melack; 2013,Site_2,Gaviota,2004-12-29,1.0816456920897601
17,Coombs & Melack; 2013,Site_2,Gaviota,2004-12-30,1.29640159471893
17,Coombs & Melack; 2013,Site_2,Gaviota,2005-01-01,1.21648373735973
17,Coombs & Melack; 2013,Site_2,Gaviota,2005-01-01,1.38925354557297
17,Coombs & Melack; 2013,Site_2,Gaviota,2005-01-01,1.4439579231525
17,Coombs & Melack; 2013,Site_2,Gaviota,2005-01-02,1.4537445748328999
17,Coombs & Melack; 2013,Site_2,Gaviota,2005-01-03,1.4635312265133
17,Coombs & Melack; 2013,Site_2,Gaviota,2005-01-03,1.5640117226538
17,Coombs & Melack; 2013,Site_3,Arroyo Hondo,2004-12-28,1.5855685446783
17,Coombs & Melack; 2013,Site_3,Arroyo Hondo,2004-12-28,1.9585330947588002
17,Coombs & Melack; 2013,Site_3,Arroyo Hondo,2004-12-29,2.8788760436625003
17,Coombs & Melack; 2013,Site_3,Arroyo Hondo,2004-12-29,2.7242585835675
17,Coombs & Melack; 2013,Site_3,Arroyo Hondo,2004-12-30,1.7423489615112002
17,Coombs & Melack; 2013,Site_3,Arroyo Hondo,2005-01-01,1.6710586821852
17,Coombs & Melack; 2013,Site_3,Arroyo Hondo,2005-01-01,0.9434565188531701
17,Coombs & Melack; 2013,Site_3,Arroyo Hondo,2005-01-02,2.1367878898149
17,Coombs & Melack; 2013,Site_3,Arroyo Hondo,2005-01-02,2.136419313819
17,Coombs & Melack; 2013,Site_3,Arroyo Hondo,2005-01-02,1.5717857575287002
18,Coombs & Melack; 2013,Control,Rattlesnake,2004-12-27,1.10226410170254
18,Coombs & Melack; 2013,Control,Rattlesnake,2004-12-28,1.2667700571143101
18,Coombs & Melack; 2013,Control,Rattlesnake,2004-12-29,1.7592112954647001
18,Coombs & Melack; 2013,Control,Rattlesnake,2004-12-30,1.1048247320178601
18,Coombs & Melack; 2013,Control,Rattlesnake,2004-12-31,1.39692088772817
18,Coombs & Melack; 2013,Control,Rattlesnake,2005-01-01,0.8337616334604899
18,Coombs & Melack; 2013,Control,Rattlesnake,2005-01-01,0.88849025897793
18,Coombs & Melack; 2013,Control,Rattlesnake,2005-01-02,0.6074077238859
18,Coombs & Melack; 2013,Control,Rattlesnake,2005-01-02,0.74326662662952
18,Coombs & Melack; 2013,Control,Rattlesnake,2005-01-03,0.8355754133372101
18,Coombs & Melack; 2013,Site_1,San Onofre,2004-12-27,8.2118205153285
18,Coombs & Melack; 2013,Site_1,San Onofre,2004-12-27,7.6746070426284
18,Coombs & Melack; 2013,Site_1,San Onofre,2004-12-28,7.266142843593899
18,Coombs & Melack; 2013,Site_1,San Onofre,2004-12-29,4.98656828562375
18,Coombs & Melack; 2013,Site_1,San Onofre,2004-12-30,2.7069937276536002
18,Coombs & Melack; 2013,Site_1,San Onofre,2004-12-30,5.4744290007771
18,Coombs & Melack; 2013,Site_1,San Onofre,2005-01-01,2.2629522836865004
18,Coombs & Melack; 2013,Site_1,San Onofre,2005-01-02,4.8126078805896
18,Coombs & Melack; 2013,Site_1,San Onofre,2005-01-02,5.1498205982874
18,Coombs & Melack; 2013,Site_1,San Onofre,2005-01-03,5.559957937674
18,Coombs & Melack; 2013,Site_1,San Onofre,2005-01-04,5.4331485354594005
18,Coombs & Melack; 2013,Site_2,Gaviota,2004-12-27,0.75619102069707
18,Coombs & Melack; 2013,Site_2,Gaviota,2004-12-27,2.8137739560861
18,Coombs & Melack; 2013,Site_2,Gaviota,2004-12-28,0.8488004875497001
18,Coombs & Melack; 2013,Site_2,Gaviota,2004-12-29,1.1409984863361
18,Coombs & Melack; 2013,Site_2,Gaviota,2004-12-30,1.4331964851225
18,Coombs & Melack; 2013,Site_2,Gaviota,2004-12-30,1.24124134783866
18,Coombs & Melack; 2013,Site_2,Gaviota,2005-01-01,1.4531286660324
18,Coombs & Melack; 2013,Site_2,Gaviota,2005-01-02,1.1986466185974
18,Coombs & Melack; 2013,Site_2,Gaviota,2005-01-02,0.77069641006722
18,Coombs & Melack; 2013,Site_2,Gaviota,2005-01-02,1.31716306986873
18,Coombs & Melack; 2013,Site_2,Gaviota,2005-01-03,1.4635312265133
18,Coombs & Melack; 2013,Site_3,Arroyo Hondo,2004-12-27,2.9408646384705
18,Coombs & Melack; 2013,Site_3,Arroyo Hondo,2004-12-28,1.5041472865944
18,Coombs & Melack; 2013,Site_3,Arroyo Hondo,2004-12-28,1.4765962613661001
18,Coombs & Melack; 2013,Site_3,Arroyo Hondo,2004-12-29,2.8788760436625003
18,Coombs & Melack; 2013,Site_3,Arroyo Hondo,2004-12-30,1.8424657308792
18,Coombs & Melack; 2013,Site_3,Arroyo Hondo,2005-01-01,1.4895449036517001
18,Coombs & Melack; 2013,Site_3,Arroyo Hondo,2005-01-02,1.7446331600397
18,Coombs & Melack; 2013,Site_3,Arroyo Hondo,2005-01-02,2.1634320248247
18,Coombs & Melack; 2013,Site_3,Arroyo Hondo,2005-01-02,2.1367878898149
18,Coombs & Melack; 2013,Site_3,Arroyo Hondo,2005-01-03,2.2014147100764
19,Coombs & Melack; 2013,Control,Rattlesnake,2004-12-26,1.4113923288927
19,Coombs & Melack; 2013,Control,Rattlesnake,2004-12-27,1.02976625285352
19,Coombs & Melack; 2013,Control,Rattlesnake,2004-12-28,1.29418529148111
19,Coombs & Melack; 2013,Control,Rattlesnake,2004-12-28,0.86702558046216
19,Coombs & Melack; 2013,Control,Rattlesnake,2004-12-29,0.8676584635755751
19,Coombs & Melack; 2013,Control,Rattlesnake,2004-12-30,0.86829134668899
19,Coombs & Melack; 2013,Control,Rattlesnake,2005-01-01,0.88849025897793
19,Coombs & Melack; 2013,Control,Rattlesnake,2005-01-01,0.94325768192439
19,Coombs & Melack; 2013,Control,Rattlesnake,2005-01-01,0.96095416004154
19,Coombs & Melack; 2013,Control,Rattlesnake,2005-01-02,0.9436796040000001
19,Coombs & Melack; 2013,Control,Rattlesnake,2005-01-03,0.70335376977432
19,Coombs & Melack; 2013,Control,Rattlesnake,2005-01-04,0.46302793554863997
19,Coombs & Melack; 2013,Site_1,San Onofre,2004-12-27,8.421215098497601
19,Coombs & Melack; 2013,Site_1,San Onofre,2004-12-27,10.3597820649813
19,Coombs & Melack; 2013,Site_1,San Onofre,2004-12-27,7.6746070426284
19,Coombs & Melack; 2013,Site_1,San Onofre,2004-12-27,8.630430242191801
19,Coombs & Melack; 2013,Site_1,San Onofre,2004-12-28,7.746115556617201
19,Coombs & Melack; 2013,Site_1,San Onofre,2004-12-29,6.8618008710426
19,Coombs & Melack; 2013,Site_1,San Onofre,2004-12-30,5.977486185468
19,Coombs & Melack; 2013,Site_1,San Onofre,2004-12-31,5.0931714998933995
19,Coombs & Melack; 2013,Site_1,San Onofre,2005-01-01,2.0534801059395
19,Coombs & Melack; 2013,Site_1,San Onofre,2005-01-01,4.0286912459535
19,Coombs & Melack; 2013,Site_1,San Onofre,2005-01-01,4.2200353247808
19,Coombs & Melack; 2013,Site_1,San Onofre,2005-01-01,5.0851258832955
19,Coombs & Melack; 2013,Site_1,San Onofre,2005-01-02,4.8126078805896
19,Coombs & Melack; 2013,Site_2,Gaviota,2004-12-27,1.612518210177
19,Coombs & Melack; 2013,Site_2,Gaviota,2004-12-28,1.3216441730606099
19,Coombs & Melack; 2013,Site_2,Gaviota,2004-12-28,0.8488004875497001
19,Coombs & Melack; 2013,Site_2,Gaviota,2004-12-29,2.214363352362
19,Coombs & Melack; 2013,Site_2,Gaviota,2004-12-30,1.29640159471893
19,Coombs & Melack; 2013,Site_2,Gaviota,2005-01-01,1.14375795372027
19,Coombs & Melack; 2013,Site_2,Gaviota,2005-01-01,1.1978221733007601
19,Coombs & Melack; 2013,Site_2,Gaviota,2005-01-01,1.38925354557297
19,Coombs & Melack; 2013,Site_2,Gaviota,2005-01-02,1.4766326341133849
19,Coombs & Melack; 2013,Site_2,Gaviota,2005-01-03,1.5640117226538
19,Coombs & Melack; 2013,Site_2,Gaviota,2005-01-04,1.33753172080458
19,Coombs & Melack; 2013,Site_3,Arroyo Hondo,2004-12-27,2.3860468320023998
19,Coombs & Melack; 2013,Site_3,Arroyo Hondo,2004-12-27,2.3038884233274
19,Coombs & Melack; 2013,Site_3,Arroyo Hondo,2004-12-27,0.027778960312887
19,Coombs & Melack; 2013,Site_3,Arroyo Hondo,2004-12-27,1.5030124618656
19,Coombs & Melack; 2013,Site_3,Arroyo Hondo,2004-12-28,1.09456766140554
19,Coombs & Melack; 2013,Site_3,Arroyo Hondo,2005-01-01,1.7716895182581
19,Coombs & Melack; 2013,Site_3,Arroyo Hondo,2005-01-01,1.4254563976128
19,Coombs & Melack; 2013,Site_3,Arroyo Hondo,2005-01-01,1.6257335849622
19,Coombs & Melack; 2013,Site_3,Arroyo Hondo,2005-01-02,1.9544399657170501
19,Coombs & Melack; 2013,Site_3,Arroyo Hondo,2005-01-03,2.2831463464719
19,Coombs & Melack; 2013,Site_3,Arroyo Hondo,2005-01-03,1.8002589770487
20,Coombs & Melack; 2013,Control,Rattlesnake,2004-12-27,1.6939491667077
20,Coombs & Melack; 2013,Control,Rattlesnake,2004-12-27,1.10226410170254
20,Coombs & Melack; 2013,Control,Rattlesnake,2004-12-28,1.2489620364937801
20,Coombs & Melack; 2013,Control,Rattlesnake,2004-12-29,1.39565997128502
20,Coombs & Melack; 2013,Control,Rattlesnake,2004-12-30,1.4875662342114
20,Coombs & Melack; 2013,Control,Rattlesnake,2004-12-30,0.94107047682837
20,Coombs & Melack; 2013,Control,Rattlesnake,2005-01-01,0.82516315286874
20,Coombs & Melack; 2013,Control,Rattlesnake,2005-01-01,0.9064340706000301
20,Coombs & Melack; 2013,Control,Rattlesnake,2005-01-02,1.0348438665516002
20,Coombs & Melack; 2013,Control,Rattlesnake,2005-01-02,0.74326662662952
20,Coombs & Melack; 2013,Control,Rattlesnake,2005-01-03,0.84487709729493
20,Coombs & Melack; 2013,Site_1,San Onofre,2004-12-27,10.0050038101041
20,Coombs & Melack; 2013,Site_1,San Onofre,2004-12-27,6.6184633867044
20,Coombs & Melack; 2013,Site_1,San Onofre,2004-12-28,6.4648861823773505
20,Coombs & Melack; 2013,Site_1,San Onofre,2004-12-29,6.3113089780503
20,Coombs & Melack; 2013,Site_1,San Onofre,2004-12-30,3.9724980179808003
20,Coombs & Melack; 2013,Site_1,San Onofre,2004-12-31,5.3205923398866
20,Coombs & Melack; 2013,Site_1,San Onofre,2005-01-01,1.6803555174798
20,Coombs & Melack; 2013,Site_1,San Onofre,2005-01-01,5.0759890891815
20,Coombs & Melack; 2013,Site_1,San Onofre,2005-01-02,3.292408157388
20,Coombs & Melack; 2013,Site_1,San Onofre,2005-01-02,4.4118207235578
20,Coombs & Melack; 2013,Site_1,San Onofre,2005-01-02,4.2389878701177
20,Coombs & Melack; 2013,Site_2,Gaviota,2004-12-26,0.118695889261488
20,Coombs & Melack; 2013,Site_2,Gaviota,2004-12-27,0.7504780987742918
20,Coombs & Melack; 2013,Site_2,Gaviota,2004-12-28,1.3822603082870957
20,Coombs & Melack; 2013,Site_2,Gaviota,2004-12-29,2.0140425177998997
20,Coombs & Melack; 2013,Site_2,Gaviota,2004-12-30,0.99551297127177
20,Coombs & Melack; 2013,Site_2,Gaviota,2004-12-30,1.29640159471893
20,Coombs & Melack; 2013,Site_2,Gaviota,2004-12-30,0.7771513324955099
20,Coombs & Melack; 2013,Site_2,Gaviota,2005-01-01,0.88817018025855
20,Coombs & Melack; 2013,Site_2,Gaviota,2005-01-02,0.58860066939807
20,Coombs & Melack; 2013,Site_2,Gaviota,2005-01-02,1.4538512675526
20,Coombs & Melack; 2013,Site_2,Gaviota,2005-01-02,1.31716306986873
20,Coombs & Melack; 2013,Site_2,Gaviota,2005-01-02,0.67046809763556
20,Coombs & Melack; 2013,Site_3,Arroyo Hondo,2004-12-28,1.6679500386402
20,Coombs & Melack; 2013,Site_3,Arroyo Hondo,2004-12-28,1.09456766140554
20,Coombs & Melack; 2013,Site_3,Arroyo Hondo,2004-12-28,1.9585330947588002
20,Coombs & Melack; 2013,Site_3,Arroyo Hondo,2004-12-29,2.2512063622608
20,Coombs & Melack; 2013,Site_3,Arroyo Hondo,2004-12-29,1.8873834569184
20,Coombs & Melack; 2013,Site_3,Arroyo Hondo,2005-01-01,1.4254563976128
20,Coombs & Melack; 2013,Site_3,Arroyo Hondo,2005-01-01,1.4895449036517001
20,Coombs & Melack; 2013,Site_3,Arroyo Hondo,2005-01-02,1.9269762342138002
20,Coombs & Melack; 2013,Site_3,Arroyo Hondo,2005-01-03,2.0188388507679003
20,Coombs & Melack; 2013,Site_3,Arroyo Hondo,2005-01-03,2.2831463464719
21,Coombs & Melack; 2013,Control,Rattlesnake,2004-12-27,1.5303501016545
21,Coombs & Melack; 2013,Control,Rattlesnake,2004-12-28,0.86689463924427
21,Coombs & Melack; 2013,Control,Rattlesnake,2004-12-29,1.695447718209
21,Coombs & Melack; 2013,Control,Rattlesnake,2004-12-30,1.35999543318765
21,Coombs & Melack; 2013,Control,Rattlesnake,2004-12-30,1.25071277058336
21,Coombs & Melack; 2013,Control,Rattlesnake,2005-01-02,0.97126457715378
21,Coombs & Melack; 2013,Control,Rattlesnake,2005-01-02,0.74326662662952
21,Coombs & Melack; 2013,Control,Rattlesnake,2005-01-02,1.08940275342213
21,Coombs & Melack; 2013,Control,Rattlesnake,2005-01-02,0.6074077238859
21,Coombs & Melack; 2013,Control,Rattlesnake,2005-01-03,0.53521782971727
21,Coombs & Melack; 2013,Control,Rattlesnake,2005-01-04,0.46302793554863997
21,Coombs & Melack; 2013,Site_1,San Onofre,2004-12-27,8.785309585563
21,Coombs & Melack; 2013,Site_1,San Onofre,2004-12-28,7.8300634982115
21,Coombs & Melack; 2013,Site_1,San Onofre,2004-12-28,7.648428476486701
21,Coombs & Melack; 2013,Site_1,San Onofre,2004-12-29,6.60709088979765
21,Coombs & Melack; 2013,Site_1,San Onofre,2004-12-30,5.5657533031085995
21,Coombs & Melack; 2013,Site_1,San Onofre,2004-12-31,5.9938053559755
21,Coombs & Melack; 2013,Site_1,San Onofre,2005-01-02,4.8402704491617
21,Coombs & Melack; 2013,Site_1,San Onofre,2005-01-03,5.3964413164220995
21,Coombs & Melack; 2013,Site_1,San Onofre,2005-01-03,5.4326247703077
21,Coombs & Melack; 2013,Site_1,San Onofre,2005-01-03,5.559957937674
21,Coombs & Melack; 2013,Site_1,San Onofre,2005-01-04,4.8512113252659
21,Coombs & Melack; 2013,Site_2,Gaviota,2004-12-27,1.3388605328185499
21,Coombs & Melack; 2013,Site_2,Gaviota,2004-12-28,0.86688978946059
21,Coombs & Melack; 2013,Site_2,Gaviota,2004-12-28,1.28507759466849
21,Coombs & Melack; 2013,Site_2,Gaviota,2004-12-29,1.5506072099469
21,Coombs & Melack; 2013,Site_2,Gaviota,2004-12-30,1.48747894048635
21,Coombs & Melack; 2013,Site_2,Gaviota,2004-12-31,1.4243506710258
21,Coombs & Melack; 2013,Site_2,Gaviota,2005-01-01,1.416416596371
21,Coombs & Melack; 2013,Site_2,Gaviota,2005-01-01,1.21648373735973
21,Coombs & Melack; 2013,Site_2,Gaviota,2005-01-02,0.77069641006722
21,Coombs & Melack; 2013,Site_2,Gaviota,2005-01-02,0.67046809763556
21,Coombs & Melack; 2013,Site_2,Gaviota,2005-01-03,0.8747592016403101
21,Coombs & Melack; 2013,Site_2,Gaviota,2005-01-04,1.07905030564506
21,Coombs & Melack; 2013,Site_2,Gaviota,2005-01-05,1.2833414096498101
21,Coombs & Melack; 2013,Site_3,Arroyo Hondo,2004-12-27,1.08403900865001
21,Coombs & Melack; 2013,Site_3,Arroyo Hondo,2004-12-27,2.2861288990029003
21,Coombs & Melack; 2013,Site_3,Arroyo Hondo,2004-12-28,1.9585330947588002
21,Coombs & Melack; 2013,Site_3,Arroyo Hondo,2004-12-29,2.8788760436625003
21,Coombs & Melack; 2013,Site_3,Arroyo Hondo,2004-12-30,1.5417225978609
21,Coombs & Melack; 2013,Site_3,Arroyo Hondo,2005-01-01,1.6257335849622
21,Coombs & Melack; 2013,Site_3,Arroyo Hondo,2005-01-01,2.5180793380638
21,Coombs & Melack; 2013,Site_3,Arroyo Hondo,2005-01-01,1.25241985746024
21,Coombs & Melack; 2013,Site_3,Arroyo Hondo,2005-01-01,2.399621082936
21,Coombs & Melack; 2013,Site_3,Arroyo Hondo,2005-01-02,2.32777794101685
21,Coombs & Melack; 2013,Site_3,Arroyo Hondo,2005-01-03,2.2559347990977
22,Coombs & Melack; 2013,Control,Rattlesnake,2004-12-28,1.2667700571143101
22,Coombs & Melack; 2013,Control,Rattlesnake,2004-12-29,1.4592926074629
22,Coombs & Melack; 2013,Control,Rattlesnake,2004-12-29,1.695447718209
22,Coombs & Melack; 2013,Control,Rattlesnake,2004-12-29,1.8320777194692002
22,Coombs & Melack; 2013,Control,Rattlesnake,2004-12-30,1.35999543318765
22,Coombs & Melack; 2013,Control,Rattlesnake,2005-01-01,0.82516315286874
22,Coombs & Melack; 2013,Control,Rattlesnake,2005-01-01,0.9064340706000301
22,Coombs & Melack; 2013,Control,Rattlesnake,2005-01-02,1.0348438665516002
22,Coombs & Melack; 2013,Control,Rattlesnake,2005-01-03,0.80858695068963
22,Coombs & Melack; 2013,Control,Rattlesnake,2005-01-04,0.46302793554863997
22,Coombs & Melack; 2013,Site_1,San Onofre,2004-12-27,10.3597820649813
22,Coombs & Melack; 2013,Site_1,San Onofre,2004-12-27,8.1208793380638
22,Coombs & Melack; 2013,Site_1,San Onofre,2004-12-27,6.8370190129059
22,Coombs & Melack; 2013,Site_1,San Onofre,2004-12-28,5.2454077685877
22,Coombs & Melack; 2013,Site_1,San Onofre,2004-12-28,3.1700556102873
22,Coombs & Melack; 2013,Site_1,San Onofre,2005-01-01,4.63901362764
22,Coombs & Melack; 2013,Site_1,San Onofre,2005-01-01,3.6647858968098
22,Coombs & Melack; 2013,Site_1,San Onofre,2005-01-01,2.2629522836865004
22,Coombs & Melack; 2013,Site_1,San Onofre,2005-01-02,4.8126078805896
22,Coombs & Melack; 2013,Site_1,San Onofre,2005-01-02,2.5729631538576
22,Coombs & Melack; 2013,Site_2,Gaviota,2004-12-27,1.6489005004311
22,Coombs & Melack; 2013,Site_2,Gaviota,2004-12-27,1.5578332307517
22,Coombs & Melack; 2013,Site_2,Gaviota,2004-12-28,1.5632454725202
22,Coombs & Melack; 2013,Site_2,Gaviota,2004-12-29,1.5686577142887002
22,Coombs & Melack; 2013,Site_2,Gaviota,2004-12-30,0.99551297127177
22,Coombs & Melack; 2013,Site_2,Gaviota,2004-12-30,1.29640159471893
22,Coombs & Melack; 2013,Site_2,Gaviota,2005-01-01,0.52426967977797
22,Coombs & Melack; 2013,Site_2,Gaviota,2005-01-02,0.67046809763556
22,Coombs & Melack; 2013,Site_2,Gaviota,2005-01-02,0.80762186460774
22,Coombs & Melack; 2013,Site_2,Gaviota,2005-01-03,1.4635312265133
22,Coombs & Melack; 2013,Site_2,Gaviota,2005-01-04,1.3734363180815552
22,Coombs & Melack; 2013,Site_2,Gaviota,2005-01-05,1.2833414096498101
22,Coombs & Melack; 2013,Site_3,Arroyo Hondo,2004-12-27,0.027778960312887
22,Coombs & Melack; 2013,Site_3,Arroyo Hondo,2004-12-27,2.3860468320023998
22,Coombs & Melack; 2013,Site_3,Arroyo Hondo,2004-12-28,2.1367151444604
22,Coombs & Melack; 2013,Site_3,Arroyo Hondo,2004-12-29,1.8873834569184
22,Coombs & Melack; 2013,Site_3,Arroyo Hondo,2004-12-30,1.8424657308792
22,Coombs & Melack; 2013,Site_3,Arroyo Hondo,2004-12-30,1.7604528129132
22,Coombs & Melack; 2013,Site_3,Arroyo Hondo,2005-01-01,1.4254563976128
22,Coombs & Melack; 2013,Site_3,Arroyo Hondo,2005-01-02,2.0361716028129
22,Coombs & Melack; 2013,Site_3,Arroyo Hondo,2005-01-02,2.0364334860891
22,Coombs & Melack; 2013,Site_3,Arroyo Hondo,2005-01-03,2.2559347990977
22,Coombs & Melack; 2013,Site_3,Arroyo Hondo,2005-01-04,2.1925494962847
23,Coombs & Melack; 2013,Control,Rattlesnake,2004-12-27,1.5303501016545
23,Coombs & Melack; 2013,Control,Rattlesnake,2004-12-27,1.6939491667077
23,Coombs & Melack; 2013,Control,Rattlesnake,2004-12-28,0.81236485051554
23,Coombs & Melack; 2013,Control,Rattlesnake,2004-12-29,1.695447718209
23,Coombs & Melack; 2013,Control,Rattlesnake,2004-12-30,1.5461843029685851
23,Coombs & Melack; 2013,Control,Rattlesnake,2004-12-31,1.39692088772817
23,Coombs & Melack; 2013,Control,Rattlesnake,2005-01-01,0.8337616334604899
23,Coombs & Melack; 2013,Control,Rattlesnake,2005-01-01,0.93424212904071
23,Coombs & Melack; 2013,Control,Rattlesnake,2005-01-01,0.88849025897793
23,Coombs & Melack; 2013,Control,Rattlesnake,2005-01-01,0.9064340706000301
23,Coombs & Melack; 2013,Control,Rattlesnake,2005-01-02,0.7586320255829001
23,Coombs & Melack; 2013,Control,Rattlesnake,2005-01-03,0.61082998056577
23,Coombs & Melack; 2013,Control,Rattlesnake,2005-01-04,0.46302793554863997
23,Coombs & Melack; 2013,Site_1,San Onofre,2004-12-27,10.3597820649813
23,Coombs & Melack; 2013,Site_1,San Onofre,2004-12-27,4.0701899487354
23,Coombs & Melack; 2013,Site_1,San Onofre,2004-12-28,7.739102921251799
23,Coombs & Melack; 2013,Site_1,San Onofre,2004-12-29,6.274160439063301
23,Coombs & Melack; 2013,Site_1,San Onofre,2004-12-30,5.5657533031085995
23,Coombs & Melack; 2013,Site_1,San Onofre,2005-01-01,2.0534801059395
23,Coombs & Melack; 2013,Site_1,San Onofre,2005-01-01,4.2200353247808
23,Coombs & Melack; 2013,Site_1,San Onofre,2005-01-02,4.80823832060145
23,Coombs & Melack; 2013,Site_1,San Onofre,2005-01-03,5.3964413164220995
23,Coombs & Melack; 2013,Site_1,San Onofre,2005-01-04,4.8512113252659
23,Coombs & Melack; 2013,Site_1,San Onofre,2005-01-04,5.4331485354594005
23,Coombs & Melack; 2013,Site_2,Gaviota,2004-12-27,1.885419336549
23,Coombs & Melack; 2013,Site_2,Gaviota,2004-12-28,1.32156657820257
23,Coombs & Melack; 2013,Site_2,Gaviota,2004-12-29,1.10394209057769
23,Coombs & Melack; 2013,Site_2,Gaviota,2004-12-30,0.88631760295281
23,Coombs & Melack; 2013,Site_2,Gaviota,2004-12-30,1.15934482145937
23,Coombs & Melack; 2013,Site_2,Gaviota,2004-12-30,1.29640159471893
23,Coombs & Melack; 2013,Site_2,Gaviota,2005-01-01,1.1978221733007601
23,Coombs & Melack; 2013,Site_2,Gaviota,2005-01-02,0.67046809763556
23,Coombs & Melack; 2013,Site_2,Gaviota,2005-01-02,0.58860066939807
23,Coombs & Melack; 2013,Site_2,Gaviota,2005-01-03,1.0537527640454851
23,Coombs & Melack; 2013,Site_2,Gaviota,2005-01-04,1.5189048586929002
23,Coombs & Melack; 2013,Site_2,Gaviota,2005-01-04,1.3827937733609998
23,Coombs & Melack; 2013,Site_3,Arroyo Hondo,2004-12-27,2.4859938631436997
23,Coombs & Melack; 2013,Site_3,Arroyo Hondo,2004-12-27,0.027778960312887
23,Coombs & Melack; 2013,Site_3,Arroyo Hondo,2004-12-28,2.1223455452514
23,Coombs & Melack; 2013,Site_3,Arroyo Hondo,2004-12-29,2.0658791182141
23,Coombs & Melack; 2013,Site_3,Arroyo Hondo,2004-12-30,2.0094126911768
23,Coombs & Melack; 2013,Site_3,Arroyo Hondo,2004-12-31,1.9529462641395
23,Coombs & Melack; 2013,Site_3,Arroyo Hondo,2004-12-31,2.5257272819247003
23,Coombs & Melack; 2013,Site_3,Arroyo Hondo,2005-01-01,1.6257335849622
23,Coombs & Melack; 2013,Site_3,Arroyo Hondo,2005-01-01,1.7716895182581
23,Coombs & Melack; 2013,Site_3,Arroyo Hondo,2005-01-02,1.9269762342138002
23,Coombs & Melack; 2013,Site_3,Arroyo Hondo,2005-01-02,1.8816074883773999
23,Coombs & Melack; 2013,Site_3,Arroyo Hondo,2005-01-03,2.1554688520281
24,Coombs & Melack; 2013,Control,Rattlesnake,2004-12-28,1.29418529148111
24,Coombs & Melack; 2013,Control,Rattlesnake,2004-12-28,0.9668707682472301
24,Coombs & Melack; 2013,Control,Rattlesnake,2004-12-29,1.07671356882054
24,Coombs & Melack; 2013,Control,Rattlesnake,2004-12-30,1.18655636939385
24,Coombs & Melack; 2013,Control,Rattlesnake,2004-12-30,0.86829134668899
24,Coombs & Melack; 2013,Control,Rattlesnake,2004-12-31,1.16982012771498
24,Coombs & Melack; 2013,Control,Rattlesnake,2005-01-01,0.90676384888677
24,Coombs & Melack; 2013,Control,Rattlesnake,2005-01-01,0.8337616334604899
24,Coombs & Melack; 2013,Control,Rattlesnake,2005-01-01,0.9064340706000301
24,Coombs & Melack; 2013,Control,Rattlesnake,2005-01-01,0.88849025897793
24,Coombs & Melack; 2013,Control,Rattlesnake,2005-01-02,0.9347513452615801
24,Coombs & Melack; 2013,Site_1,San Onofre,2004-12-27,8.2666994804982
24,Coombs & Melack; 2013,Site_1,San Onofre,2004-12-27,8.5122581192586
24,Coombs & Melack; 2013,Site_1,San Onofre,2004-12-28,3.3520737556782003
24,Coombs & Melack; 2013,Site_1,San Onofre,2004-12-29,8.094855961077899
24,Coombs & Melack; 2013,Site_1,San Onofre,2004-12-30,6.594013730485649
24,Coombs & Melack; 2013,Site_1,San Onofre,2004-12-31,5.0931714998933995
24,Coombs & Melack; 2013,Site_1,San Onofre,2005-01-01,1.05229301102373
24,Coombs & Melack; 2013,Site_1,San Onofre,2005-01-01,3.6647858968098
24,Coombs & Melack; 2013,Site_1,San Onofre,2005-01-01,1.6803555174798
24,Coombs & Melack; 2013,Site_1,San Onofre,2005-01-02,4.3300696874673
24,Coombs & Melack; 2013,Site_1,San Onofre,2005-01-03,4.74062652319725
24,Coombs & Melack; 2013,Site_1,San Onofre,2005-01-04,5.1511833589272005
24,Coombs & Melack; 2013,Site_2,Gaviota,2004-12-27,1.5578332307517
24,Coombs & Melack; 2013,Site_2,Gaviota,2004-12-28,0.8488004875497001
24,Coombs & Melack; 2013,Site_2,Gaviota,2004-12-29,2.2326272421432
24,Coombs & Melack; 2013,Site_2,Gaviota,2004-12-30,0.7771513324955099
24,Coombs & Melack; 2013,Site_2,Gaviota,2004-12-30,0.72250515147972
24,Coombs & Melack; 2013,Site_2,Gaviota,2005-01-01,0.77958587123655
24,Coombs & Melack; 2013,Site_2,Gaviota,2005-01-02,0.9253187199459
24,Coombs & Melack; 2013,Site_2,Gaviota,2005-01-02,0.9802461823921199
24,Coombs & Melack; 2013,Site_2,Gaviota,2005-01-03,1.5460630604076
24,Coombs & Melack; 2013,Site_2,Gaviota,2005-01-04,1.3827937733609998
24,Coombs & Melack; 2013,Site_3,Arroyo Hondo,2004-12-27,2.049483971871
24,Coombs & Melack; 2013,Site_3,Arroyo Hondo,2004-12-27,0.86545428458685
24,Coombs & Melack; 2013,Site_3,Arroyo Hondo,2004-12-28,1.7495022383621999
24,Coombs & Melack; 2013,Site_3,Arroyo Hondo,2004-12-29,2.2512063622608
24,Coombs & Melack; 2013,Site_3,Arroyo Hondo,2004-12-30,1.36881699892623
24,Coombs & Melack; 2013,Site_3,Arroyo Hondo,2005-01-01,1.7623344880806
24,Coombs & Melack; 2013,Site_3,Arroyo Hondo,2005-01-01,1.4895449036517001
24,Coombs & Melack; 2013,Site_3,Arroyo Hondo,2005-01-02,1.84547980686405
24,Coombs & Melack; 2013,Site_3,Arroyo Hondo,2005-01-03,2.2014147100764
24,Coombs & Melack; 2013,Site_3,Arroyo Hondo,2005-01-03,2.2831463464719
24,Coombs & Melack; 2013,Site_3,Arroyo Hondo,2005-01-03,2.1915795605592
25,Coombs & Melack; 2013,Control,Rattlesnake,2004-12-26,1.4113923288927
25,Coombs & Melack; 2013,Control,Rattlesnake,2004-12-27,0.009728455718961
25,Coombs & Melack; 2013,Control,Rattlesnake,2004-12-28,0.9668707682472301
25,Coombs & Melack; 2013,Control,Rattlesnake,2004-12-29,1.7592112954647001
25,Coombs & Melack; 2013,Control,Rattlesnake,2004-12-30,1.4328667071159
25,Coombs & Melack; 2013,Control,Rattlesnake,2005-01-01,0.88849025897793
25,Coombs & Melack; 2013,Control,Rattlesnake,2005-01-01,0.82516315286874
25,Coombs & Melack; 2013,Control,Rattlesnake,2005-01-02,0.97126457715378
25,Coombs & Melack; 2013,Control,Rattlesnake,2005-01-02,0.93490653511773
25,Coombs & Melack; 2013,Control,Rattlesnake,2005-01-02,0.6074077238859
25,Coombs & Melack; 2013,Site_1,San Onofre,2004-12-27,9.6499636733514
25,Coombs & Melack; 2013,Site_1,San Onofre,2004-12-27,5.0529628137975005
25,Coombs & Melack; 2013,Site_1,San Onofre,2004-12-27,8.5122581192586
25,Coombs & Melack; 2013,Site_1,San Onofre,2004-12-27,8.630430242191801
25,Coombs & Melack; 2013,Site_1,San Onofre,2004-12-28,7.470869610121051
25,Coombs & Melack; 2013,Site_1,San Onofre,2004-12-29,6.3113089780503
25,Coombs & Melack; 2013,Site_1,San Onofre,2005-01-01,5.3947487777757
25,Coombs & Melack; 2013,Site_1,San Onofre,2005-01-01,1.05229301102373
25,Coombs & Melack; 2013,Site_1,San Onofre,2005-01-01,4.63901362764
25,Coombs & Melack; 2013,Site_1,San Onofre,2005-01-02,5.1498205982874
25,Coombs & Melack; 2013,Site_1,San Onofre,2005-01-03,5.3964413164220995
25,Coombs & Melack; 2013,Site_2,Gaviota,2004-12-26,1.21111999258761
25,Coombs & Melack; 2013,Site_2,Gaviota,2004-12-27,2.7227794317612
25,Coombs & Melack; 2013,Site_2,Gaviota,2004-12-28,1.9403758976973
25,Coombs & Melack; 2013,Site_2,Gaviota,2004-12-28,1.23037321750917
25,Coombs & Melack; 2013,Site_2,Gaviota,2004-12-29,1.9689065570978999
25,Coombs & Melack; 2013,Site_2,Gaviota,2005-01-01,1.4163487016406
25,Coombs & Melack; 2013,Site_2,Gaviota,2005-01-02,0.77069641006722
25,Coombs & Melack; 2013,Site_2,Gaviota,2005-01-02,1.05290407060083
25,Coombs & Melack; 2013,Site_2,Gaviota,2005-01-03,1.5640117226538
25,Coombs & Melack; 2013,Site_2,Gaviota,2005-01-03,1.4635312265133
25,Coombs & Melack; 2013,Site_3,Arroyo Hondo,2004-12-27,2.3038884233274
25,Coombs & Melack; 2013,Site_3,Arroyo Hondo,2004-12-28,2.21811700354965
25,Coombs & Melack; 2013,Site_3,Arroyo Hondo,2004-12-29,2.1323455837719
25,Coombs & Melack; 2013,Site_3,Arroyo Hondo,2004-12-30,0.91377163474863
25,Coombs & Melack; 2013,Site_3,Arroyo Hondo,2004-12-30,1.1231080212139202
25,Coombs & Melack; 2013,Site_3,Arroyo Hondo,2004-12-30,2.0700223617339
25,Coombs & Melack; 2013,Site_3,Arroyo Hondo,2005-01-01,1.6710586821852
25,Coombs & Melack; 2013,Site_3,Arroyo Hondo,2005-01-01,2.1629034104496
25,Coombs & Melack; 2013,Site_3,Arroyo Hondo,2005-01-01,1.4895449036517001
25,Coombs & Melack; 2013,Site_3,Arroyo Hondo,2005-01-02,2.1634320248247
25,Coombs & Melack; 2013,Site_3,Arroyo Hondo,2005-01-03,2.2014147100764
26,Coombs & Melack; 2013,Control,Rattlesnake,2004-12-27,1.2483655259875799
26,Coombs & Melack; 2013,Control,Rattlesnake,2004-12-27,1.02976625285352
26,Coombs & Melack; 2013,Control,Rattlesnake,2004-12-27,1.6939491667077
26,Coombs & Melack; 2013,Control,Rattlesnake,2004-12-27,1.10226410170254
26,Coombs & Melack; 2013,Control,Rattlesnake,2004-12-28,1.2667700571143101
26,Coombs & Melack; 2013,Control,Rattlesnake,2005-01-01,0.93431487425514
26,Coombs & Melack; 2013,Control,Rattlesnake,2005-01-01,0.8337616334604899
26,Coombs & Melack; 2013,Control,Rattlesnake,2005-01-02,0.6074077238859
26,Coombs & Melack; 2013,Control,Rattlesnake,2005-01-03,0.76258289733822
26,Coombs & Melack; 2013,Control,Rattlesnake,2005-01-04,0.46302793554863997
26,Coombs & Melack; 2013,Site_1,San Onofre,2004-12-27,5.9268361409019
26,Coombs & Melack; 2013,Site_1,San Onofre,2004-12-27,6.6364847929044
26,Coombs & Melack; 2013,Site_1,San Onofre,2004-12-28,7.648428476486701
26,Coombs & Melack; 2013,Site_1,San Onofre,2004-12-28,6.728837227245
26,Coombs & Melack; 2013,Site_1,San Onofre,2004-12-29,6.147295265176799
26,Coombs & Melack; 2013,Site_1,San Onofre,2004-12-30,5.5657533031085995
26,Coombs & Melack; 2013,Site_1,San Onofre,2005-01-01,4.0650589885374
26,Coombs & Melack; 2013,Site_1,San Onofre,2005-01-01,5.121285088262701
26,Coombs & Melack; 2013,Site_1,San Onofre,2005-01-01,5.0851258832955
26,Coombs & Melack; 2013,Site_1,San Onofre,2005-01-02,3.2107686646413
26,Coombs & Melack; 2013,Site_1,San Onofre,2005-01-03,5.4054277706037
26,Coombs & Melack; 2013,Site_2,Gaviota,2004-12-27,1.9218016268031
26,Coombs & Melack; 2013,Site_2,Gaviota,2004-12-27,1.612518210177
26,Coombs & Melack; 2013,Site_2,Gaviota,2004-12-27,0.71999786752425
26,Coombs & Melack; 2013,Site_2,Gaviota,2004-12-28,0.9214098789021
26,Coombs & Melack; 2013,Site_2,Gaviota,2004-12-29,1.1859816824940002
26,Coombs & Melack; 2013,Site_2,Gaviota,2004-12-30,1.4505534860859002
26,Coombs & Melack; 2013,Site_2,Gaviota,2005-01-01,1.14375795372027
26,Coombs & Melack; 2013,Site_2,Gaviota,2005-01-01,1.4708396925201
26,Coombs & Melack; 2013,Site_2,Gaviota,2005-01-01,0.63342625080798
26,Coombs & Melack; 2013,Site_2,Gaviota,2005-01-02,0.9802461823921199
26,Coombs & Melack; 2013,Site_2,Gaviota,2005-01-03,1.18151997787656
26,Coombs & Melack; 2013,Site_2,Gaviota,2005-01-04,1.3827937733609998
26,Coombs & Melack; 2013,Site_3,Arroyo Hondo,2004-12-28,1.9585330947588002
26,Coombs & Melack; 2013,Site_3,Arroyo Hondo,2004-12-28,1.703769767154
26,Coombs & Melack; 2013,Site_3,Arroyo Hondo,2004-12-28,1.5041472865944
26,Coombs & Melack; 2013,Site_3,Arroyo Hondo,2004-12-29,1.436482142760315
26,Coombs & Melack; 2013,Site_3,Arroyo Hondo,2004-12-30,1.36881699892623
26,Coombs & Melack; 2013,Site_3,Arroyo Hondo,2004-12-31,2.1711284651217
26,Coombs & Melack; 2013,Site_3,Arroyo Hondo,2005-01-01,1.6257335849622
26,Coombs & Melack; 2013,Site_3,Arroyo Hondo,2005-01-01,1.9174854131747998
26,Coombs & Melack; 2013,Site_3,Arroyo Hondo,2005-01-01,2.4543060609606
26,Coombs & Melack; 2013,Site_3,Arroyo Hondo,2005-01-02,2.0364334860891
26,Coombs & Melack; 2013,Site_3,Arroyo Hondo,2005-01-03,1.9964624329502998
26,Coombs & Melack; 2013,Site_3,Arroyo Hondo,2005-01-04,1.9564913798115
27,Coombs & Melack; 2013,Control,Rattlesnake,2004-12-27,1.02976625285352
27,Coombs & Melack; 2013,Control,Rattlesnake,2004-12-27,1.5484442532090001
27,Coombs & Melack; 2013,Control,Rattlesnake,2004-12-28,1.2667700571143101
27,Coombs & Melack; 2013,Control,Rattlesnake,2004-12-29,1.1585252257363052
27,Coombs & Melack; 2013,Control,Rattlesnake,2004-12-30,1.0502803943583001
27,Coombs & Melack; 2013,Control,Rattlesnake,2004-12-31,1.0153772557704301
27,Coombs & Melack; 2013,Control,Rattlesnake,2005-01-02,1.08940275342213
27,Coombs & Melack; 2013,Control,Rattlesnake,2005-01-02,0.74326662662952
27,Coombs & Melack; 2013,Control,Rattlesnake,2005-01-03,0.85387810124778
27,Coombs & Melack; 2013,Control,Rattlesnake,2005-01-03,0.8355754133372101
27,Coombs & Melack; 2013,Control,Rattlesnake,2005-01-04,0.46302793554863997
27,Coombs & Melack; 2013,Site_1,San Onofre,2004-12-27,3.0684790874073
27,Coombs & Melack; 2013,Site_1,San Onofre,2004-12-28,8.3305406537325
27,Coombs & Melack; 2013,Site_1,San Onofre,2004-12-28,0.9034369691382
27,Coombs & Melack; 2013,Site_1,San Onofre,2004-12-29,3.2345951361233998
27,Coombs & Melack; 2013,Site_1,San Onofre,2004-12-30,5.5657533031085995
27,Coombs & Melack; 2013,Site_1,San Onofre,2004-12-30,5.0554022014818
27,Coombs & Melack; 2013,Site_1,San Onofre,2005-01-01,2.2629522836865004
27,Coombs & Melack; 2013,Site_1,San Onofre,2005-01-01,3.6647858968098
27,Coombs & Melack; 2013,Site_1,San Onofre,2005-01-02,4.3300696874673
27,Coombs & Melack; 2013,Site_1,San Onofre,2005-01-03,5.4420525458397
27,Coombs & Melack; 2013,Site_1,San Onofre,2005-01-04,5.4331485354594005
27,Coombs & Melack; 2013,Site_2,Gaviota,2004-12-26,0.118695889261488
27,Coombs & Melack; 2013,Site_2,Gaviota,2004-12-27,0.5740564825989001
27,Coombs & Melack; 2013,Site_2,Gaviota,2004-12-28,1.28507759466849
27,Coombs & Melack; 2013,Site_2,Gaviota,2004-12-28,0.86688978946059
27,Coombs & Melack; 2013,Site_2,Gaviota,2004-12-29,2.2326272421432
27,Coombs & Melack; 2013,Site_2,Gaviota,2005-01-01,1.4531286660324
27,Coombs & Melack; 2013,Site_2,Gaviota,2005-01-02,1.39945242018183
27,Coombs & Melack; 2013,Site_2,Gaviota,2005-01-02,1.31716306986873
27,Coombs & Melack; 2013,Site_2,Gaviota,2005-01-03,1.5460630604076
27,Coombs & Melack; 2013,Site_2,Gaviota,2005-01-04,1.3827937733609998
27,Coombs & Melack; 2013,Site_3,Arroyo Hondo,2004-12-27,1.4300247960705
27,Coombs & Melack; 2013,Site_3,Arroyo Hondo,2004-12-27,2.395198176588
27,Coombs & Melack; 2013,Site_3,Arroyo Hondo,2004-12-28,2.1836163886964
27,Coombs & Melack; 2013,Site_3,Arroyo Hondo,2004-12-29,1.9720346008048
27,Coombs & Melack; 2013,Site_3,Arroyo Hondo,2004-12-30,1.7604528129132
27,Coombs & Melack; 2013,Site_3,Arroyo Hondo,2004-12-30,1.6144968782166
27,Coombs & Melack; 2013,Site_3,Arroyo Hondo,2004-12-31,2.6075413635222
27,Coombs & Melack; 2013,Site_3,Arroyo Hondo,2005-01-02,1.9996632201440998
27,Coombs & Melack; 2013,Site_3,Arroyo Hondo,2005-01-02,2.136419313819
27,Coombs & Melack; 2013,Site_3,Arroyo Hondo,2005-01-03,2.1554688520281
27,Coombs & Melack; 2013,Site_3,Arroyo Hondo,2005-01-03,2.2559347990977
27,Coombs & Melack; 2013,Site_3,Arroyo Hondo,2005-01-03,1.8002589770487
28,Coombs & Melack; 2013,Control,Rattlesnake,2004-12-27,0.009728455718961
28,Coombs & Melack; 2013,Control,Rattlesnake,2004-12-27,1.01108044043643
28,Coombs & Melack; 2013,Control,Rattlesnake,2004-12-28,0.93966891959997
28,Coombs & Melack; 2013,Control,Rattlesnake,2004-12-29,1.7047978977623999
28,Coombs & Melack; 2013,Control,Rattlesnake,2004-12-29,1.7592112954647001
28,Coombs & Melack; 2013,Control,Rattlesnake,2005-01-01,0.94325768192439
28,Coombs & Melack; 2013,Control,Rattlesnake,2005-01-02,0.97126457715378
28,Coombs & Melack; 2013,Control,Rattlesnake,2005-01-02,1.08940275342213
28,Coombs & Melack; 2013,Control,Rattlesnake,2005-01-02,0.9347513452615801
28,Coombs & Melack; 2013,Control,Rattlesnake,2005-01-02,0.8346685233988501
28,Coombs & Melack; 2013,Site_1,San Onofre,2004-12-27,1.4664070863246
28,Coombs & Melack; 2013,Site_1,San Onofre,2004-12-27,8.421215098497601
28,Coombs & Melack; 2013,Site_1,San Onofre,2004-12-28,7.274668579531499
28,Coombs & Melack; 2013,Site_1,San Onofre,2004-12-29,8.376995726460901
28,Coombs & Melack; 2013,Site_1,San Onofre,2004-12-30,5.1739816984002
28,Coombs & Melack; 2013,Site_1,San Onofre,2005-01-01,4.0286912459535
28,Coombs & Melack; 2013,Site_1,San Onofre,2005-01-01,1.05229301102373
28,Coombs & Melack; 2013,Site_1,San Onofre,2005-01-02,2.5821726933261
28,Coombs & Melack; 2013,Site_1,San Onofre,2005-01-02,3.7018568412189
28,Coombs & Melack; 2013,Site_1,San Onofre,2005-01-02,5.1498205982874
28,Coombs & Melack; 2013,Site_2,Gaviota,2004-12-27,1.6307627016639
28,Coombs & Melack; 2013,Site_2,Gaviota,2004-12-27,1.6489005004311
28,Coombs & Melack; 2013,Site_2,Gaviota,2004-12-28,1.23037321750917
28,Coombs & Melack; 2013,Site_2,Gaviota,2004-12-29,1.340463351797535
28,Coombs & Melack; 2013,Site_2,Gaviota,2004-12-30,1.4505534860859002
28,Coombs & Melack; 2013,Site_2,Gaviota,2004-12-31,1.4243506710258
28,Coombs & Melack; 2013,Site_2,Gaviota,2005-01-01,1.1978221733007601
28,Coombs & Melack; 2013,Site_2,Gaviota,2005-01-02,0.80762186460774
28,Coombs & Melack; 2013,Site_2,Gaviota,2005-01-02,0.9802461823921199
28,Coombs & Melack; 2013,Site_2,Gaviota,2005-01-03,1.5732552094875
28,Coombs & Melack; 2013,Site_2,Gaviota,2005-01-04,1.3827937733609998
28,Coombs & Melack; 2013,Site_3,Arroyo Hondo,2004-12-27,2.049483971871
28,Coombs & Melack; 2013,Site_3,Arroyo Hondo,2004-12-28,2.0496294611793
28,Coombs & Melack; 2013,Site_3,Arroyo Hondo,2004-12-28,1.7495022383621999
28,Coombs & Melack; 2013,Site_3,Arroyo Hondo,2004-12-29,2.0419863679425
28,Coombs & Melack; 2013,Site_3,Arroyo Hondo,2004-12-30,2.1065574165321
28,Coombs & Melack; 2013,Site_3,Arroyo Hondo,2004-12-31,2.1711284651217
28,Coombs & Melack; 2013,Site_3,Arroyo Hondo,2005-01-01,1.6710586821852
28,Coombs & Melack; 2013,Site_3,Arroyo Hondo,2005-01-01,1.7716895182581
28,Coombs & Melack; 2013,Site_3,Arroyo Hondo,2005-01-02,1.7859742476534
28,Coombs & Melack; 2013,Site_3,Arroyo Hondo,2005-01-03,1.8002589770487
28,Coombs & Melack; 2013,Site_3,Arroyo Hondo,2005-01-03,2.2830299539047
28,Coombs & Melack; 2013,Site_3,Arroyo Hondo,2005-01-04,2.0198427338586002
28,Coombs & Melack; 2013,Site_3,Arroyo Hondo,2005-01-05,1.7566555138125002
29,Coombs & Melack; 2013,Control,Rattlesnake,2004-12-27,1.6939491667077
29,Coombs & Melack; 2013,Control,Rattlesnake,2004-12-28,1.6993735322350498
29,Coombs & Melack; 2013,Control,Rattlesnake,2004-12-29,1.7047978977623999
29,Coombs & Melack; 2013,Control,Rattlesnake,2004-12-29,1.7592112954647001
29,Coombs & Melack; 2013,Control,Rattlesnake,2004-12-30,0.86829134668899
29,Coombs & Melack; 2013,Control,Rattlesnake,2004-12-31,1.39692088772817
29,Coombs & Melack; 2013,Control,Rattlesnake,2005-01-01,0.82516315286874
29,Coombs & Melack; 2013,Control,Rattlesnake,2005-01-01,0.9064340706000301
29,Coombs & Melack; 2013,Control,Rattlesnake,2005-01-01,0.9252653735860501
29,Coombs & Melack; 2013,Control,Rattlesnake,2005-01-02,0.9347513452615801
29,Coombs & Melack; 2013,Control,Rattlesnake,2005-01-03,0.81120092750487
29,Coombs & Melack; 2013,Control,Rattlesnake,2005-01-04,0.68765050974816
29,Coombs & Melack; 2013,Control,Rattlesnake,2005-01-05,0.56410009199145
29,Coombs & Melack; 2013,Site_1,San Onofre,2004-12-27,8.5393920720549
29,Coombs & Melack; 2013,Site_1,San Onofre,2004-12-27,8.630430242191801
29,Coombs & Melack; 2013,Site_1,San Onofre,2004-12-27,8.5122581192586
29,Coombs & Melack; 2013,Site_1,San Onofre,2004-12-27,5.8632617001672
29,Coombs & Melack; 2013,Site_1,San Onofre,2004-12-28,3.1700556102873
29,Coombs & Melack; 2013,Site_1,San Onofre,2005-01-01,4.63901362764
29,Coombs & Melack; 2013,Site_1,San Onofre,2005-01-01,4.2200353247808
29,Coombs & Melack; 2013,Site_1,San Onofre,2005-01-01,5.121285088262701
29,Coombs & Melack; 2013,Site_1,San Onofre,2005-01-02,3.7018568412189
29,Coombs & Melack; 2013,Site_1,San Onofre,2005-01-03,5.4420525458397
29,Coombs & Melack; 2013,Site_2,Gaviota,2004-12-27,1.885419336549
29,Coombs & Melack; 2013,Site_2,Gaviota,2004-12-28,1.28507759466849
29,Coombs & Melack; 2013,Site_2,Gaviota,2004-12-29,1.031114463582
29,Coombs & Melack; 2013,Site_2,Gaviota,2004-12-30,0.7771513324955099
29,Coombs & Melack; 2013,Site_2,Gaviota,2004-12-30,0.72250515147972
29,Coombs & Melack; 2013,Site_2,Gaviota,2004-12-30,1.24124134783866
29,Coombs & Melack; 2013,Site_2,Gaviota,2005-01-01,1.4439579231525
29,Coombs & Melack; 2013,Site_2,Gaviota,2005-01-01,1.4708396925201
29,Coombs & Melack; 2013,Site_2,Gaviota,2005-01-02,1.1986466185974
29,Coombs & Melack; 2013,Site_2,Gaviota,2005-01-03,1.5460630604076
29,Coombs & Melack; 2013,Site_2,Gaviota,2005-01-03,1.4635312265133
29,Coombs & Melack; 2013,Site_3,Arroyo Hondo,2004-12-27,2.395198176588
29,Coombs & Melack; 2013,Site_3,Arroyo Hondo,2004-12-28,2.0496294611793
29,Coombs & Melack; 2013,Site_3,Arroyo Hondo,2004-12-28,1.9585330947588002
29,Coombs & Melack; 2013,Site_3,Arroyo Hondo,2004-12-29,1.7865149864877001
29,Coombs & Melack; 2013,Site_3,Arroyo Hondo,2004-12-30,1.6144968782166
29,Coombs & Melack; 2013,Site_3,Arroyo Hondo,2004-12-31,2.6075413635222
29,Coombs & Melack; 2013,Site_3,Arroyo Hondo,2005-01-01,1.4895449036517001
29,Coombs & Melack; 2013,Site_3,Arroyo Hondo,2005-01-01,2.399621082936
29,Coombs & Melack; 2013,Site_3,Arroyo Hondo,2005-01-02,2.0364334860891
29,Coombs & Melack; 2013,Site_3,Arroyo Hondo,2005-01-02,2.136419313819
29,Coombs & Melack; 2013,Site_3,Arroyo Hondo,2005-01-03,1.8002589770487
30,Coombs & Melack; 2013,Control,Rattlesnake,2004-12-27,1.2483655259875799
30,Coombs & Melack; 2013,Control,Rattlesnake,2004-12-28,1.47658171187499
30,Coombs & Melack; 2013,Control,Rattlesnake,2004-12-29,1.7047978977623999
30,Coombs & Melack; 2013,Control,Rattlesnake,2004-12-29,1.39565997128502
30,Coombs & Melack; 2013,Control,Rattlesnake,2004-12-30,1.2055186135277252
30,Coombs & Melack; 2013,Control,Rattlesnake,2004-12-31,1.0153772557704301
30,Coombs & Melack; 2013,Control,Rattlesnake,2004-12-31,1.39692088772817
30,Coombs & Melack; 2013,Control,Rattlesnake,2005-01-01,0.82516315286874
30,Coombs & Melack; 2013,Control,Rattlesnake,2005-01-01,0.9252653735860501
30,Coombs & Melack; 2013,Control,Rattlesnake,2005-01-02,0.74326662662952
30,Coombs & Melack; 2013,Control,Rattlesnake,2005-01-02,0.78939677155521
30,Coombs & Melack; 2013,Control,Rattlesnake,2005-01-03,0.8172678757830301
30,Coombs & Melack; 2013,Site_1,San Onofre,2004-12-27,7.6746070426284
30,Coombs & Melack; 2013,Site_1,San Onofre,2004-12-27,6.6184633867044
30,Coombs & Melack; 2013,Site_1,San Onofre,2004-12-27,10.3597820649813
30,Coombs & Melack; 2013,Site_1,San Onofre,2004-12-28,7.266142843593899
30,Coombs & Melack; 2013,Site_1,San Onofre,2004-12-29,6.781380264167599
30,Coombs & Melack; 2013,Site_1,San Onofre,2004-12-30,6.2966176847413005
30,Coombs & Melack; 2013,Site_1,San Onofre,2004-12-31,5.811855105315001
30,Coombs & Melack; 2013,Site_1,San Onofre,2005-01-01,4.0286912459535
30,Coombs & Melack; 2013,Site_1,San Onofre,2005-01-01,5.3947487777757
30,Coombs & Melack; 2013,Site_1,San Onofre,2005-01-01,5.0759890891815
30,Coombs & Melack; 2013,Site_1,San Onofre,2005-01-02,5.1498205982874
30,Coombs & Melack; 2013,Site_1,San Onofre,2005-01-03,5.4326247703077
30,Coombs & Melack; 2013,Site_2,Gaviota,2004-12-27,0.045974955265638
30,Coombs & Melack; 2013,Site_2,Gaviota,2004-12-27,0.5740564825989001
30,Coombs & Melack; 2013,Site_2,Gaviota,2004-12-28,1.9403758976973
30,Coombs & Melack; 2013,Site_2,Gaviota,2004-12-29,2.0140425177998997
30,Coombs & Melack; 2013,Site_2,Gaviota,2004-12-29,1.9689065570978999
30,Coombs & Melack; 2013,Site_2,Gaviota,2005-01-01,0.77958587123655
30,Coombs & Melack; 2013,Site_2,Gaviota,2005-01-01,1.4163487016406
30,Coombs & Melack; 2013,Site_2,Gaviota,2005-01-01,1.4439579231525
30,Coombs & Melack; 2013,Site_2,Gaviota,2005-01-02,1.05290407060083
30,Coombs & Melack; 2013,Site_2,Gaviota,2005-01-03,1.5091182070125
30,Coombs & Melack; 2013,Site_3,Arroyo Hondo,2004-12-28,1.7495022383621999
30,Coombs & Melack; 2013,Site_3,Arroyo Hondo,2004-12-28,1.4493750141444
30,Coombs & Melack; 2013,Site_3,Arroyo Hondo,2004-12-29,1.8873834569184
30,Coombs & Melack; 2013,Site_3,Arroyo Hondo,2004-12-30,2.0700223617339
30,Coombs & Melack; 2013,Site_3,Arroyo Hondo,2004-12-31,2.1711284651217
30,Coombs & Melack; 2013,Site_3,Arroyo Hondo,2005-01-02,2.1367878898149
30,Coombs & Melack; 2013,Site_3,Arroyo Hondo,2005-01-02,1.8816074883773999
30,Coombs & Melack; 2013,Site_3,Arroyo Hondo,2005-01-02,1.5717857575287002
30,Coombs & Melack; 2013,Site_3,Arroyo Hondo,2005-01-03,2.0188388507679003
30,Coombs & Melack; 2013,Site_3,Arroyo Hondo,2005-01-04,1.8877471822902003
30,Coombs & Melack; 2013,Site_3,Arroyo Hondo,2005-01-05,1.7566555138125002
31,Coombs & Melack; 2013,Control,Rattlesnake,2004-12-28,0.7576750222870501
31,Coombs & Melack; 2013,Control,Rattlesnake,2004-12-28,0.9668707682472301
31,Coombs & Melack; 2013,Control,Rattlesnake,2004-12-29,1.4592926074629
31,Coombs & Melack; 2013,Control,Rattlesnake,2004-12-30,0.94107047682837
31,Coombs & Melack; 2013,Control,Rattlesnake,2004-12-31,1.19696378007864
31,Coombs & Melack; 2013,Control,Rattlesnake,2005-01-01,0.93431487425514
31,Coombs & Melack; 2013,Control,Rattlesnake,2005-01-01,0.88849025897793
31,Coombs & Melack; 2013,Control,Rattlesnake,2005-01-02,0.9436796040000001
31,Coombs & Melack; 2013,Control,Rattlesnake,2005-01-02,0.85303910674017
31,Coombs & Melack; 2013,Control,Rattlesnake,2005-01-03,0.84487709729493
31,Coombs & Melack; 2013,Site_1,San Onofre,2004-12-27,8.5122581192586
31,Coombs & Melack; 2013,Site_1,San Onofre,2004-12-27,8.5393920720549
31,Coombs & Melack; 2013,Site_1,San Onofre,2004-12-28,7.4253505250526
31,Coombs & Melack; 2013,Site_1,San Onofre,2004-12-29,6.3113089780503
31,Coombs & Melack; 2013,Site_1,San Onofre,2004-12-30,4.6368700691964
31,Coombs & Melack; 2013,Site_1,San Onofre,2004-12-30,5.6106467802294
31,Coombs & Melack; 2013,Site_1,San Onofre,2005-01-01,1.6803555174798
31,Coombs & Melack; 2013,Site_1,San Onofre,2005-01-01,4.63901362764
31,Coombs & Melack; 2013,Site_1,San Onofre,2005-01-02,4.3300696874673
31,Coombs & Melack; 2013,Site_1,San Onofre,2005-01-02,5.0403681970362
31,Coombs & Melack; 2013,Site_1,San Onofre,2005-01-03,5.0957757779817
31,Coombs & Melack; 2013,Site_1,San Onofre,2005-01-04,5.1511833589272005
31,Coombs & Melack; 2013,Site_2,Gaviota,2004-12-26,1.21111999258761
31,Coombs & Melack; 2013,Site_2,Gaviota,2004-12-27,0.045974955265638
31,Coombs & Melack; 2013,Site_2,Gaviota,2004-12-27,1.9218016268031
31,Coombs & Melack; 2013,Site_2,Gaviota,2004-12-27,0.75619102069707
31,Coombs & Melack; 2013,Site_2,Gaviota,2004-12-28,0.98185950883888
31,Coombs & Melack; 2013,Site_2,Gaviota,2004-12-29,1.20752799698069
31,Coombs & Melack; 2013,Site_2,Gaviota,2004-12-30,1.4331964851225
31,Coombs & Melack; 2013,Site_2,Gaviota,2005-01-01,1.4531286660324
31,Coombs & Melack; 2013,Site_2,Gaviota,2005-01-01,1.3072406269066201
31,Coombs & Melack; 2013,Site_2,Gaviota,2005-01-01,1.416416596371
31,Coombs & Melack; 2013,Site_2,Gaviota,2005-01-02,0.58860066939807
31,Coombs & Melack; 2013,Site_2,Gaviota,2005-01-03,1.5460630604076
31,Coombs & Melack; 2013,Site_3,Arroyo Hondo,2004-12-28,1.6767716038185
31,Coombs & Melack; 2013,Site_3,Arroyo Hondo,2004-12-29,2.7242585835675
31,Coombs & Melack; 2013,Site_3,Arroyo Hondo,2004-12-30,1.7604528129132
31,Coombs & Melack; 2013,Site_3,Arroyo Hondo,2004-12-31,2.343888574608
31,Coombs & Melack; 2013,Site_3,Arroyo Hondo,2004-12-31,2.4530111978526
31,Coombs & Melack; 2013,Site_3,Arroyo Hondo,2005-01-01,2.4543060609606
31,Coombs & Melack; 2013,Site_3,Arroyo Hondo,2005-01-01,1.4895449036517001
31,Coombs & Melack; 2013,Site_3,Arroyo Hondo,2005-01-01,1.7623344880806
31,Coombs & Melack; 2013,Site_3,Arroyo Hondo,2005-01-01,0.97938778931007
31,Coombs & Melack; 2013,Site_3,Arroyo Hondo,2005-01-02,1.8174268400904
32,Coombs & Melack; 2013,Control,Rattlesnake,2004-12-27,0.9019093203355201
32,Coombs & Melack; 2013,Control,Rattlesnake,2004-12-27,1.10226410170254
32,Coombs & Melack; 2013,Control,Rattlesnake,2004-12-28,1.39885590995577
32,Coombs & Melack; 2013,Control,Rattlesnake,2004-12-29,1.695447718209
32,Coombs & Melack; 2013,Control,Rattlesnake,2004-12-30,1.1048247320178601
32,Coombs & Melack; 2013,Control,Rattlesnake,2004-12-31,1.0153772557704301
32,Coombs & Melack; 2013,Control,Rattlesnake,2005-01-01,0.8337616334604899
32,Coombs & Melack; 2013,Control,Rattlesnake,2005-01-01,0.94325768192439
32,Coombs & Melack; 2013,Control,Rattlesnake,2005-01-02,0.93490653511773
32,Coombs & Melack; 2013,Control,Rattlesnake,2005-01-02,0.9347513452615801
32,Coombs & Melack; 2013,Control,Rattlesnake,2005-01-03,0.76258289733822
32,Coombs & Melack; 2013,Site_1,San Onofre,2004-12-27,8.785421128906801
32,Coombs & Melack; 2013,Site_1,San Onofre,2004-12-27,7.7020610749845
32,Coombs & Melack; 2013,Site_1,San Onofre,2004-12-28,7.0066850265174
32,Coombs & Melack; 2013,Site_1,San Onofre,2004-12-29,6.3113089780503
32,Coombs & Melack; 2013,Site_1,San Onofre,2004-12-30,5.0738406801138005
32,Coombs & Melack; 2013,Site_1,San Onofre,2004-12-31,5.9938053559755
32,Coombs & Melack; 2013,Site_1,San Onofre,2005-01-01,1.6803555174798
32,Coombs & Melack; 2013,Site_1,San Onofre,2005-01-01,2.2629522836865004
32,Coombs & Melack; 2013,Site_1,San Onofre,2005-01-02,3.7018568412189
32,Coombs & Melack; 2013,Site_1,San Onofre,2005-01-02,2.5729631538576
32,Coombs & Melack; 2013,Site_1,San Onofre,2005-01-03,5.4326247703077
32,Coombs & Melack; 2013,Site_2,Gaviota,2004-12-27,1.5578332307517
32,Coombs & Melack; 2013,Site_2,Gaviota,2004-12-27,1.8216024122331
32,Coombs & Melack; 2013,Site_2,Gaviota,2004-12-28,1.99072283708655
32,Coombs & Melack; 2013,Site_2,Gaviota,2004-12-29,2.15984326194
32,Coombs & Melack; 2013,Site_2,Gaviota,2004-12-29,2.214363352362
32,Coombs & Melack; 2013,Site_2,Gaviota,2004-12-29,1.5686577142887002
32,Coombs & Melack; 2013,Site_2,Gaviota,2005-01-01,1.4708396925201
32,Coombs & Melack; 2013,Site_2,Gaviota,2005-01-02,0.77069641006722
32,Coombs & Melack; 2013,Site_2,Gaviota,2005-01-02,0.58860066939807
32,Coombs & Melack; 2013,Site_2,Gaviota,2005-01-03,1.5732552094875
32,Coombs & Melack; 2013,Site_2,Gaviota,2005-01-03,1.5460630604076
32,Coombs & Melack; 2013,Site_3,Arroyo Hondo,2004-12-27,2.3038884233274
32,Coombs & Melack; 2013,Site_3,Arroyo Hondo,2004-12-28,1.4493750141444
32,Coombs & Melack; 2013,Site_3,Arroyo Hondo,2004-12-28,1.6679500386402
32,Coombs & Melack; 2013,Site_3,Arroyo Hondo,2004-12-29,1.7552078847597001
32,Coombs & Melack; 2013,Site_3,Arroyo Hondo,2004-12-30,1.8424657308792
32,Coombs & Melack; 2013,Site_3,Arroyo Hondo,2004-12-30,2.2523993832732003
32,Coombs & Melack; 2013,Site_3,Arroyo Hondo,2005-01-01,2.5180793380638
32,Coombs & Melack; 2013,Site_3,Arroyo Hondo,2005-01-02,1.7084303078598002
32,Coombs & Melack; 2013,Site_3,Arroyo Hondo,2005-01-02,2.0361716028129
32,Coombs & Melack; 2013,Site_3,Arroyo Hondo,2005-01-02,1.9996632201440998
32,Coombs & Melack; 2013,Site_3,Arroyo Hondo,2005-01-03,2.2830299539047
33,Coombs & Melack; 2013,Control,Rattlesnake,2004-12-27,1.01108044043643
33,Coombs & Melack; 2013,Control,Rattlesnake,2004-12-27,1.10226410170254
33,Coombs & Melack; 2013,Control,Rattlesnake,2004-12-28,0.7576750222870501
33,Coombs & Melack; 2013,Control,Rattlesnake,2004-12-28,0.86702558046216
33,Coombs & Melack; 2013,Control,Rattlesnake,2004-12-29,0.8676584635755751
33,Coombs & Melack; 2013,Control,Rattlesnake,2004-12-30,0.86829134668899
33,Coombs & Melack; 2013,Control,Rattlesnake,2005-01-01,0.82516315286874
33,Coombs & Melack; 2013,Control,Rattlesnake,2005-01-01,0.9064340706000301
33,Coombs & Melack; 2013,Control,Rattlesnake,2005-01-02,0.8346685233988501
33,Coombs & Melack; 2013,Control,Rattlesnake,2005-01-02,0.78939677155521
33,Coombs & Melack; 2013,Control,Rattlesnake,2005-01-02,0.93490653511773
33,Coombs & Melack; 2013,Site_1,San Onofre,2004-12-27,4.0701899487354
33,Coombs & Melack; 2013,Site_1,San Onofre,2004-12-27,8.5122581192586
33,Coombs & Melack; 2013,Site_1,San Onofre,2004-12-28,3.3520737556782003
33,Coombs & Melack; 2013,Site_1,San Onofre,2004-12-29,4.212957217896
33,Coombs & Melack; 2013,Site_1,San Onofre,2004-12-30,5.0738406801138005
33,Coombs & Melack; 2013,Site_1,San Onofre,2004-12-31,5.811855105315001
33,Coombs & Melack; 2013,Site_1,San Onofre,2005-01-01,5.0759890891815
33,Coombs & Melack; 2013,Site_1,San Onofre,2005-01-01,1.05229301102373
33,Coombs & Melack; 2013,Site_1,San Onofre,2005-01-01,4.0286912459535
33,Coombs & Melack; 2013,Site_1,San Onofre,2005-01-02,4.79432459181375
33,Coombs & Melack; 2013,Site_1,San Onofre,2005-01-03,5.559957937674
33,Coombs & Melack; 2013,Site_1,San Onofre,2005-01-03,5.4776879856552
33,Coombs & Melack; 2013,Site_2,Gaviota,2004-12-27,1.5847295505909
33,Coombs & Melack; 2013,Site_2,Gaviota,2004-12-27,1.8126838541826003
33,Coombs & Melack; 2013,Site_2,Gaviota,2004-12-27,1.9218016268031
33,Coombs & Melack; 2013,Site_2,Gaviota,2004-12-28,1.9679220723014998
33,Coombs & Melack; 2013,Site_2,Gaviota,2004-12-29,2.0140425177998997
33,Coombs & Melack; 2013,Site_2,Gaviota,2004-12-30,0.88631760295281
33,Coombs & Melack; 2013,Site_2,Gaviota,2005-01-01,1.416416596371
33,Coombs & Melack; 2013,Site_2,Gaviota,2005-01-01,1.4531286660324
33,Coombs & Melack; 2013,Site_2,Gaviota,2005-01-01,1.03368479332461
33,Coombs & Melack; 2013,Site_2,Gaviota,2005-01-02,0.58860066939807
33,Coombs & Melack; 2013,Site_2,Gaviota,2005-01-02,1.2535207345437
33,Coombs & Melack; 2013,Site_3,Arroyo Hondo,2004-12-28,2.0496294611793
33,Coombs & Melack; 2013,Site_3,Arroyo Hondo,2004-12-29,2.8788760436625003
33,Coombs & Melack; 2013,Site_3,Arroyo Hondo,2004-12-29,2.1323455837719
33,Coombs & Melack; 2013,Site_3,Arroyo Hondo,2004-12-30,1.7423489615112002
33,Coombs & Melack; 2013,Site_3,Arroyo Hondo,2004-12-31,2.5257272819247003
33,Coombs & Melack; 2013,Site_3,Arroyo Hondo,2005-01-01,2.1629034104496
33,Coombs & Melack; 2013,Site_3,Arroyo Hondo,2005-01-01,1.4895449036517001
33,Coombs & Melack; 2013,Site_3,Arroyo Hondo,2005-01-01,0.97938778931007
33,Coombs & Melack; 2013,Site_3,Arroyo Hondo,2005-01-01,1.7623344880806
33,Coombs & Melack; 2013,Site_3,Arroyo Hondo,2005-01-02,1.70843515778355
33,Coombs & Melack; 2013,Site_3,Arroyo Hondo,2005-01-03,1.6545358274865
34,Coombs & Melack; 2013,Control,Rattlesnake,2004-12-28,0.9668707682472301
34,Coombs & Melack; 2013,Control,Rattlesnake,2004-12-28,1.03052280271941
34,Coombs & Melack; 2013,Control,Rattlesnake,2004-12-29,1.7047978977623999
34,Coombs & Melack; 2013,Control,Rattlesnake,2004-12-30,1.0502803943583001
34,Coombs & Melack; 2013,Control,Rattlesnake,2004-12-30,1.18655636939385
34,Coombs & Melack; 2013,Control,Rattlesnake,2005-01-01,0.8337616334604899
34,Coombs & Melack; 2013,Control,Rattlesnake,2005-01-01,0.8336840386024501
34,Coombs & Melack; 2013,Control,Rattlesnake,2005-01-02,0.91627406906049
34,Coombs & Melack; 2013,Control,Rattlesnake,2005-01-03,0.76258289733822
34,Coombs & Melack; 2013,Control,Rattlesnake,2005-01-03,0.84487709729493
34,Coombs & Melack; 2013,Site_1,San Onofre,2004-12-27,3.0684790874073
34,Coombs & Melack; 2013,Site_1,San Onofre,2004-12-28,7.648428476486701
34,Coombs & Melack; 2013,Site_1,San Onofre,2004-12-28,7.4205808656147
34,Coombs & Melack; 2013,Site_1,San Onofre,2004-12-29,6.3113089780503
34,Coombs & Melack; 2013,Site_1,San Onofre,2004-12-30,6.0024571829271
34,Coombs & Melack; 2013,Site_1,San Onofre,2005-01-01,4.2200353247808
34,Coombs & Melack; 2013,Site_1,San Onofre,2005-01-01,1.05229301102373
34,Coombs & Melack; 2013,Site_1,San Onofre,2005-01-01,2.0534801059395
34,Coombs & Melack; 2013,Site_1,San Onofre,2005-01-02,3.7018568412189
34,Coombs & Melack; 2013,Site_1,San Onofre,2005-01-02,5.0218036273902
34,Coombs & Melack; 2013,Site_2,Gaviota,2004-12-27,1.7762336677974
34,Coombs & Melack; 2013,Site_2,Gaviota,2004-12-27,2.7227794317612
34,Coombs & Melack; 2013,Site_2,Gaviota,2004-12-27,1.8216024122331
34,Coombs & Melack; 2013,Site_2,Gaviota,2004-12-27,0.5740564825989001
34,Coombs & Melack; 2013,Site_2,Gaviota,2004-12-28,1.0623318462729001
34,Coombs & Melack; 2013,Site_2,Gaviota,2004-12-29,1.5506072099469
34,Coombs & Melack; 2013,Site_2,Gaviota,2005-01-01,1.416416596371
34,Coombs & Melack; 2013,Site_2,Gaviota,2005-01-02,0.9802461823921199
34,Coombs & Melack; 2013,Site_2,Gaviota,2005-01-02,1.4538512675526
34,Coombs & Melack; 2013,Site_2,Gaviota,2005-01-02,0.77069641006722
34,Coombs & Melack; 2013,Site_2,Gaviota,2005-01-03,1.5732552094875
34,Coombs & Melack; 2013,Site_3,Arroyo Hondo,2004-12-28,2.0496294611793
34,Coombs & Melack; 2013,Site_3,Arroyo Hondo,2004-12-28,1.7495022383621999
34,Coombs & Melack; 2013,Site_3,Arroyo Hondo,2004-12-29,1.90976230004805
34,Coombs & Melack; 2013,Site_3,Arroyo Hondo,2004-12-30,2.0700223617339
34,Coombs & Melack; 2013,Site_3,Arroyo Hondo,2004-12-30,1.7423489615112002
34,Coombs & Melack; 2013,Site_3,Arroyo Hondo,2004-12-30,1.6238664574650001
34,Coombs & Melack; 2013,Site_3,Arroyo Hondo,2005-01-01,2.399621082936
34,Coombs & Melack; 2013,Site_3,Arroyo Hondo,2005-01-01,1.4895449036517001
34,Coombs & Melack; 2013,Site_3,Arroyo Hondo,2005-01-02,1.8174268400904
34,Coombs & Melack; 2013,Site_3,Arroyo Hondo,2005-01-03,2.1554688520281
34,Coombs & Melack; 2013,Site_3,Arroyo Hondo,2005-01-03,2.1915795605592
35,Coombs & Melack; 2013,Control,Rattlesnake,2004-12-28,0.81236485051554
35,Coombs & Melack; 2013,Control,Rattlesnake,2004-12-28,0.93966891959997
35,Coombs & Melack; 2013,Control,Rattlesnake,2004-12-29,1.4592926074629
35,Coombs & Melack; 2013,Control,Rattlesnake,2004-12-30,1.4328667071159
35,Coombs & Melack; 2013,Control,Rattlesnake,2004-12-30,1.35999543318765
35,Coombs & Melack; 2013,Control,Rattlesnake,2005-01-02,0.74326662662952
35,Coombs & Melack; 2013,Control,Rattlesnake,2005-01-03,0.8172678757830301
35,Coombs & Melack; 2013,Control,Rattlesnake,2005-01-03,0.8355754133372101
35,Coombs & Melack; 2013,Control,Rattlesnake,2005-01-04,0.46302793554863997
35,Coombs & Melack; 2013,Control,Rattlesnake,2005-01-05,0.56410009199145
35,Coombs & Melack; 2013,Site_1,San Onofre,2004-12-27,8.630430242191801
35,Coombs & Melack; 2013,Site_1,San Onofre,2004-12-27,3.0684790874073
35,Coombs & Melack; 2013,Site_1,San Onofre,2004-12-28,6.728837227245
35,Coombs & Melack; 2013,Site_1,San Onofre,2004-12-28,0.9034369691382
35,Coombs & Melack; 2013,Site_1,San Onofre,2004-12-29,3.29360360371245
35,Coombs & Melack; 2013,Site_1,San Onofre,2004-12-30,5.6837702382867
35,Coombs & Melack; 2013,Site_1,San Onofre,2005-01-01,4.2200353247808
35,Coombs & Melack; 2013,Site_1,San Onofre,2005-01-02,2.5729631538576
35,Coombs & Melack; 2013,Site_1,San Onofre,2005-01-02,5.0218036273902
35,Coombs & Melack; 2013,Site_1,San Onofre,2005-01-03,4.93650747632805
35,Coombs & Melack; 2013,Site_1,San Onofre,2005-01-04,4.8512113252659
35,Coombs & Melack; 2013,Site_1,San Onofre,2005-01-05,4.478435911706399
35,Coombs & Melack; 2013,Site_2,Gaviota,2004-12-27,2.6316685162698
35,Coombs & Melack; 2013,Site_2,Gaviota,2004-12-27,1.7762336677974
35,Coombs & Melack; 2013,Site_2,Gaviota,2004-12-28,2.0044304549703
35,Coombs & Melack; 2013,Site_2,Gaviota,2004-12-29,2.2326272421432
35,Coombs & Melack; 2013,Site_2,Gaviota,2004-12-29,1.5506072099469
35,Coombs & Melack; 2013,Site_2,Gaviota,2004-12-30,0.64069591938576
35,Coombs & Melack; 2013,Site_2,Gaviota,2005-01-01,0.63342625080798
35,Coombs & Melack; 2013,Site_2,Gaviota,2005-01-01,1.14375795372027
35,Coombs & Melack; 2013,Site_2,Gaviota,2005-01-02,1.1986466185974
35,Coombs & Melack; 2013,Site_2,Gaviota,2005-01-02,1.2535207345437
35,Coombs & Melack; 2013,Site_2,Gaviota,2005-01-03,1.2955262276741402
35,Coombs & Melack; 2013,Site_2,Gaviota,2005-01-04,1.33753172080458
35,Coombs & Melack; 2013,Site_3,Arroyo Hondo,2004-12-27,2.3860468320023998
35,Coombs & Melack; 2013,Site_3,Arroyo Hondo,2004-12-28,1.1397957660364801
35,Coombs & Melack; 2013,Site_3,Arroyo Hondo,2004-12-28,0.74840243647113
35,Coombs & Melack; 2013,Site_3,Arroyo Hondo,2004-12-29,1.186134446968065
35,Coombs & Melack; 2013,Site_3,Arroyo Hondo,2004-12-30,1.6238664574650001
35,Coombs & Melack; 2013,Site_3,Arroyo Hondo,2004-12-30,1.8607199222136
35,Coombs & Melack; 2013,Site_3,Arroyo Hondo,2005-01-01,1.4254563976128
35,Coombs & Melack; 2013,Site_3,Arroyo Hondo,2005-01-02,2.0361716028129
35,Coombs & Melack; 2013,Site_3,Arroyo Hondo,2005-01-02,1.9996632201440998
35,Coombs & Melack; 2013,Site_3,Arroyo Hondo,2005-01-03,2.2831463464719
35,Coombs & Melack; 2013,Site_3,Arroyo Hondo,2005-01-03,2.0188388507679003
36,Coombs & Melack; 2013,Control,Rattlesnake,2004-12-27,1.10226410170254
36,Coombs & Melack; 2013,Control,Rattlesnake,2004-12-28,0.86702558046216
36,Coombs & Melack; 2013,Control,Rattlesnake,2004-12-29,0.945049638264795
36,Coombs & Melack; 2013,Control,Rattlesnake,2004-12-30,1.02307369606743
36,Coombs & Melack; 2013,Control,Rattlesnake,2004-12-30,0.94107047682837
36,Coombs & Melack; 2013,Control,Rattlesnake,2004-12-31,1.39692088772817
36,Coombs & Melack; 2013,Control,Rattlesnake,2005-01-02,0.8346685233988501
36,Coombs & Melack; 2013,Control,Rattlesnake,2005-01-02,1.08940275342213
36,Coombs & Melack; 2013,Control,Rattlesnake,2005-01-02,0.74326662662952
36,Coombs & Melack; 2013,Control,Rattlesnake,2005-01-02,0.93490653511773
36,Coombs & Melack; 2013,Control,Rattlesnake,2005-01-03,0.698967235333185
36,Coombs & Melack; 2013,Control,Rattlesnake,2005-01-04,0.46302793554863997
36,Coombs & Melack; 2013,Site_1,San Onofre,2004-12-27,5.8632617001672
36,Coombs & Melack; 2013,Site_1,San Onofre,2004-12-27,9.6499636733514
36,Coombs & Melack; 2013,Site_1,San Onofre,2004-12-27,7.883977376879101
36,Coombs & Melack; 2013,Site_1,San Onofre,2004-12-28,6.158316160470601
36,Coombs & Melack; 2013,Site_1,San Onofre,2004-12-29,4.432654944062101
36,Coombs & Melack; 2013,Site_1,San Onofre,2004-12-30,2.7069937276536002
36,Coombs & Melack; 2013,Site_1,San Onofre,2004-12-30,5.6202976410483
36,Coombs & Melack; 2013,Site_1,San Onofre,2005-01-01,4.811943475353
36,Coombs & Melack; 2013,Site_1,San Onofre,2005-01-02,3.7018568412189
36,Coombs & Melack; 2013,Site_1,San Onofre,2005-01-02,4.8126078805896
36,Coombs & Melack; 2013,Site_1,San Onofre,2005-01-02,5.0403681970362
36,Coombs & Melack; 2013,Site_1,San Onofre,2005-01-02,5.1498205982874
36,Coombs & Melack; 2013,Site_2,Gaviota,2004-12-27,1.885419336549
36,Coombs & Melack; 2013,Site_2,Gaviota,2004-12-27,0.75619102069707
36,Coombs & Melack; 2013,Site_2,Gaviota,2004-12-27,0.045974955265638
36,Coombs & Melack; 2013,Site_2,Gaviota,2004-12-27,1.9218016268031
36,Coombs & Melack; 2013,Site_2,Gaviota,2004-12-28,1.71333494944171
36,Coombs & Melack; 2013,Site_2,Gaviota,2004-12-29,1.5048682720803201
36,Coombs & Melack; 2013,Site_2,Gaviota,2004-12-30,1.29640159471893
36,Coombs & Melack; 2013,Site_2,Gaviota,2005-01-01,0.88817018025855
36,Coombs & Melack; 2013,Site_2,Gaviota,2005-01-02,1.31716306986873
36,Coombs & Melack; 2013,Site_2,Gaviota,2005-01-03,0.99003768399627
36,Coombs & Melack; 2013,Site_2,Gaviota,2005-01-04,1.4463439651773
36,Coombs & Melack; 2013,Site_2,Gaviota,2005-01-04,1.33753172080458
36,Coombs & Melack; 2013,Site_3,Arroyo Hondo,2004-12-27,2.4681373459470004
36,Coombs & Melack; 2013,Site_3,Arroyo Hondo,2004-12-28,1.5946131951435
36,Coombs & Melack; 2013,Site_3,Arroyo Hondo,2004-12-28,0.74840243647113
36,Coombs & Melack; 2013,Site_3,Arroyo Hondo,2004-12-29,2.8788760436625003
36,Coombs & Melack; 2013,Site_3,Arroyo Hondo,2004-12-29,2.5422743855417997
36,Coombs & Melack; 2013,Site_3,Arroyo Hondo,2005-01-01,0.9434565188531701
36,Coombs & Melack; 2013,Site_3,Arroyo Hondo,2005-01-01,2.4087481786032
36,Coombs & Melack; 2013,Site_3,Arroyo Hondo,2005-01-02,1.8174268400904
36,Coombs & Melack; 2013,Site_3,Arroyo Hondo,2005-01-02,2.0361716028129
36,Coombs & Melack; 2013,Site_3,Arroyo Hondo,2005-01-03,1.9963314913122
36,Coombs & Melack; 2013,Site_3,Arroyo Hondo,2005-01-04,1.9564913798115
37,Coombs & Melack; 2013,Control,Rattlesnake,2004-12-27,1.5484442532090001
37,Coombs & Melack; 2013,Control,Rattlesnake,2004-12-27,1.2483655259875799
37,Coombs & Melack; 2013,Control,Rattlesnake,2004-12-28,0.81236485051554
37,Coombs & Melack; 2013,Control,Rattlesnake,2004-12-29,0.999460609954695
37,Coombs & Melack; 2013,Control,Rattlesnake,2004-12-30,1.18655636939385
37,Coombs & Melack; 2013,Control,Rattlesnake,2004-12-31,1.19696378007864
37,Coombs & Melack; 2013,Control,Rattlesnake,2005-01-01,0.9252653735860501
37,Coombs & Melack; 2013,Control,Rattlesnake,2005-01-01,0.94325768192439
37,Coombs & Melack; 2013,Control,Rattlesnake,2005-01-01,0.8336840386024501
37,Coombs & Melack; 2013,Control,Rattlesnake,2005-01-01,0.8156286843369
37,Coombs & Melack; 2013,Control,Rattlesnake,2005-01-02,0.93490653511773
37,Coombs & Melack; 2013,Site_1,San Onofre,2004-12-27,8.1208793380638
37,Coombs & Melack; 2013,Site_1,San Onofre,2004-12-27,7.7020610749845
37,Coombs & Melack; 2013,Site_1,San Onofre,2004-12-28,6.3344112320713
37,Coombs & Melack; 2013,Site_1,San Onofre,2004-12-29,4.9667613891580995
37,Coombs & Melack; 2013,Site_1,San Onofre,2004-12-30,3.5991115462448997
37,Coombs & Melack; 2013,Site_1,San Onofre,2004-12-30,6.0024571829271
37,Coombs & Melack; 2013,Site_1,San Onofre,2004-12-30,5.0738406801138005
37,Coombs & Melack; 2013,Site_1,San Onofre,2005-01-01,5.0851258832955
37,Coombs & Melack; 2013,Site_1,San Onofre,2005-01-02,2.5821726933261
37,Coombs & Melack; 2013,Site_1,San Onofre,2005-01-02,5.0218036273902
37,Coombs & Melack; 2013,Site_1,San Onofre,2005-01-02,5.1498205982874
37,Coombs & Melack; 2013,Site_1,San Onofre,2005-01-03,5.4054277706037
37,Coombs & Melack; 2013,Site_2,Gaviota,2004-12-27,0.8197897088094
37,Coombs & Melack; 2013,Site_2,Gaviota,2004-12-27,0.71999786752425
37,Coombs & Melack; 2013,Site_2,Gaviota,2004-12-27,1.8216024122331
37,Coombs & Melack; 2013,Site_2,Gaviota,2004-12-28,1.6490265914451
37,Coombs & Melack; 2013,Site_2,Gaviota,2004-12-29,1.267672097198955
37,Coombs & Melack; 2013,Site_2,Gaviota,2004-12-30,0.88631760295281
37,Coombs & Melack; 2013,Site_2,Gaviota,2005-01-01,1.416416596371
37,Coombs & Melack; 2013,Site_2,Gaviota,2005-01-01,1.4708396925201
37,Coombs & Melack; 2013,Site_2,Gaviota,2005-01-02,0.80762186460774
37,Coombs & Melack; 2013,Site_2,Gaviota,2005-01-02,0.9253187199459
37,Coombs & Melack; 2013,Site_2,Gaviota,2005-01-03,1.13142522037524
37,Coombs & Melack; 2013,Site_2,Gaviota,2005-01-04,1.33753172080458
37,Coombs & Melack; 2013,Site_3,Arroyo Hondo,2004-12-27,0.027778960312887
37,Coombs & Melack; 2013,Site_3,Arroyo Hondo,2004-12-27,2.7409511778936
37,Coombs & Melack; 2013,Site_3,Arroyo Hondo,2004-12-27,2.9408646384705
37,Coombs & Melack; 2013,Site_3,Arroyo Hondo,2004-12-28,1.1397957660364801
37,Coombs & Melack; 2013,Site_3,Arroyo Hondo,2004-12-29,1.37714632212654
37,Coombs & Melack; 2013,Site_3,Arroyo Hondo,2004-12-30,1.6144968782166
37,Coombs & Melack; 2013,Site_3,Arroyo Hondo,2005-01-02,1.7446331600397
37,Coombs & Melack; 2013,Site_3,Arroyo Hondo,2005-01-02,1.5717857575287002
37,Coombs & Melack; 2013,Site_3,Arroyo Hondo,2005-01-03,2.2830299539047
37,Coombs & Melack; 2013,Site_3,Arroyo Hondo,2005-01-03,2.2559347990977
37,Coombs & Melack; 2013,Site_3,Arroyo Hondo,2005-01-04,2.0291250200823003
38,Coombs & Melack; 2013,Control,Rattlesnake,2004-12-26,1.4113923288927
38,Coombs & Melack; 2013,Control,Rattlesnake,2004-12-27,1.220957565806055
38,Coombs & Melack; 2013,Control,Rattlesnake,2004-12-28,1.03052280271941
38,Coombs & Melack; 2013,Control,Rattlesnake,2004-12-29,1.7775333815295
38,Coombs & Melack; 2013,Control,Rattlesnake,2004-12-30,0.86829134668899
38,Coombs & Melack; 2013,Control,Rattlesnake,2004-12-31,1.39692088772817
38,Coombs & Melack; 2013,Control,Rattlesnake,2005-01-01,0.88849025897793
38,Coombs & Melack; 2013,Control,Rattlesnake,2005-01-01,0.8156286843369
38,Coombs & Melack; 2013,Control,Rattlesnake,2005-01-02,0.97126457715378
38,Coombs & Melack; 2013,Control,Rattlesnake,2005-01-02,0.9347513452615801
38,Coombs & Melack; 2013,Control,Rattlesnake,2005-01-03,0.76258289733822
38,Coombs & Melack; 2013,Site_1,San Onofre,2004-12-27,9.6499636733514
38,Coombs & Melack; 2013,Site_1,San Onofre,2004-12-27,5.8632617001672
38,Coombs & Melack; 2013,Site_1,San Onofre,2004-12-27,8.2666994804982
38,Coombs & Melack; 2013,Site_1,San Onofre,2004-12-28,7.8300634982115
38,Coombs & Melack; 2013,Site_1,San Onofre,2004-12-28,7.739102921251799
38,Coombs & Melack; 2013,Site_1,San Onofre,2005-01-02,4.9218905436141
38,Coombs & Melack; 2013,Site_1,San Onofre,2005-01-02,5.0403681970362
38,Coombs & Melack; 2013,Site_1,San Onofre,2005-01-03,4.945789761151049
38,Coombs & Melack; 2013,Site_1,San Onofre,2005-01-04,4.8512113252659
38,Coombs & Melack; 2013,Site_1,San Onofre,2005-01-04,5.1511833589272005
38,Coombs & Melack; 2013,Site_1,San Onofre,2005-01-04,5.033190672667501
38,Coombs & Melack; 2013,Site_2,Gaviota,2004-12-27,1.885419336549
38,Coombs & Melack; 2013,Site_2,Gaviota,2004-12-28,1.3216441730606099
38,Coombs & Melack; 2013,Site_2,Gaviota,2004-12-28,0.86688978946059
38,Coombs & Melack; 2013,Site_2,Gaviota,2004-12-28,1.9403758976973
38,Coombs & Melack; 2013,Site_2,Gaviota,2004-12-29,1.29053590854153
38,Coombs & Melack; 2013,Site_2,Gaviota,2004-12-30,0.64069591938576
38,Coombs & Melack; 2013,Site_2,Gaviota,2005-01-01,1.38925354557297
38,Coombs & Melack; 2013,Site_2,Gaviota,2005-01-01,1.4163487016406
38,Coombs & Melack; 2013,Site_2,Gaviota,2005-01-01,1.416416596371
38,Coombs & Melack; 2013,Site_2,Gaviota,2005-01-02,1.405208988701
38,Coombs & Melack; 2013,Site_2,Gaviota,2005-01-03,1.394001381031
38,Coombs & Melack; 2013,Site_2,Gaviota,2005-01-04,1.3827937733609998
38,Coombs & Melack; 2013,Site_2,Gaviota,2005-01-04,1.5189048586929002
38,Coombs & Melack; 2013,Site_3,Arroyo Hondo,2004-12-27,1.4300247960705
38,Coombs & Melack; 2013,Site_3,Arroyo Hondo,2004-12-28,1.98614959080615
38,Coombs & Melack; 2013,Site_3,Arroyo Hondo,2004-12-29,2.5422743855417997
38,Coombs & Melack; 2013,Site_3,Arroyo Hondo,2004-12-30,2.2523993832732003
38,Coombs & Melack; 2013,Site_3,Arroyo Hondo,2004-12-30,1.6144968782166
38,Coombs & Melack; 2013,Site_3,Arroyo Hondo,2004-12-30,2.2976953837551
38,Coombs & Melack; 2013,Site_3,Arroyo Hondo,2005-01-01,1.6710586821852
38,Coombs & Melack; 2013,Site_3,Arroyo Hondo,2005-01-02,1.8174268400904
38,Coombs & Melack; 2013,Site_3,Arroyo Hondo,2005-01-02,2.0364334860891
38,Coombs & Melack; 2013,Site_3,Arroyo Hondo,2005-01-03,1.9964624329502998
38,Coombs & Melack; 2013,Site_3,Arroyo Hondo,2005-01-04,1.9564913798115
38,Coombs & Melack; 2013,Site_3,Arroyo Hondo,2005-01-05,1.7566555138125002
39,Coombs & Melack; 2013,Control,Rattlesnake,2004-12-27,0.9019093203355201
39,Coombs & Melack; 2013,Control,Rattlesnake,2004-12-28,0.81236485051554
39,Coombs & Melack; 2013,Control,Rattlesnake,2004-12-29,1.4592926074629
39,Coombs & Melack; 2013,Control,Rattlesnake,2004-12-30,1.02307369606743
39,Coombs & Melack; 2013,Control,Rattlesnake,2004-12-31,1.0153772557704301
39,Coombs & Melack; 2013,Control,Rattlesnake,2005-01-01,0.8337616334604899
39,Coombs & Melack; 2013,Control,Rattlesnake,2005-01-01,0.93424212904071
39,Coombs & Melack; 2013,Control,Rattlesnake,2005-01-01,0.90676384888677
39,Coombs & Melack; 2013,Control,Rattlesnake,2005-01-02,0.87582047309085
39,Coombs & Melack; 2013,Control,Rattlesnake,2005-01-03,0.84487709729493
39,Coombs & Melack; 2013,Control,Rattlesnake,2005-01-03,0.80858695068963
39,Coombs & Melack; 2013,Site_1,San Onofre,2004-12-27,6.6364847929044
39,Coombs & Melack; 2013,Site_1,San Onofre,2004-12-27,6.044887022044501
39,Coombs & Melack; 2013,Site_1,San Onofre,2004-12-27,7.6746070426284
39,Coombs & Melack; 2013,Site_1,San Onofre,2004-12-28,7.5113959518654
39,Coombs & Melack; 2013,Site_1,San Onofre,2004-12-29,8.376995726460901
39,Coombs & Melack; 2013,Site_1,San Onofre,2005-01-01,1.05229301102373
39,Coombs & Melack; 2013,Site_1,San Onofre,2005-01-02,5.0403681970362
39,Coombs & Melack; 2013,Site_1,San Onofre,2005-01-02,4.4118207235578
39,Coombs & Melack; 2013,Site_1,San Onofre,2005-01-02,4.9218905436141
39,Coombs & Melack; 2013,Site_1,San Onofre,2005-01-03,5.0593183177614
39,Coombs & Melack; 2013,Site_1,San Onofre,2005-01-04,5.196746091908699
39,Coombs & Melack; 2013,Site_2,Gaviota,2004-12-26,1.21111999258761
39,Coombs & Melack; 2013,Site_2,Gaviota,2004-12-27,0.5740564825989001
39,Coombs & Melack; 2013,Site_2,Gaviota,2004-12-28,1.32156657820257
39,Coombs & Melack; 2013,Site_2,Gaviota,2004-12-29,2.2326272421432
39,Coombs & Melack; 2013,Site_2,Gaviota,2004-12-30,1.24124134783866
39,Coombs & Melack; 2013,Site_2,Gaviota,2005-01-01,1.4439579231525
39,Coombs & Melack; 2013,Site_2,Gaviota,2005-01-02,1.05290407060083
39,Coombs & Melack; 2013,Site_2,Gaviota,2005-01-02,0.9802461823921199
39,Coombs & Melack; 2013,Site_2,Gaviota,2005-01-02,0.80762186460774
39,Coombs & Melack; 2013,Site_2,Gaviota,2005-01-03,1.5640117226538
39,Coombs & Melack; 2013,Site_3,Arroyo Hondo,2004-12-27,2.4859938631436997
39,Coombs & Melack; 2013,Site_3,Arroyo Hondo,2004-12-28,1.4765962613661001
39,Coombs & Melack; 2013,Site_3,Arroyo Hondo,2004-12-29,2.5422743855417997
39,Coombs & Melack; 2013,Site_3,Arroyo Hondo,2004-12-29,2.0419863679425
39,Coombs & Melack; 2013,Site_3,Arroyo Hondo,2004-12-29,2.8788760436625003
39,Coombs & Melack; 2013,Site_3,Arroyo Hondo,2005-01-01,2.4543060609606
39,Coombs & Melack; 2013,Site_3,Arroyo Hondo,2005-01-01,1.7623344880806
39,Coombs & Melack; 2013,Site_3,Arroyo Hondo,2005-01-02,2.0361716028129
39,Coombs & Melack; 2013,Site_3,Arroyo Hondo,2005-01-03,2.0188388507679003
39,Coombs & Melack; 2013,Site_3,Arroyo Hondo,2005-01-03,2.2831463464719
40,Coombs & Melack; 2013,Control,Rattlesnake,2004-12-28,0.86702558046216
40,Coombs & Melack; 2013,Control,Rattlesnake,2004-12-28,0.9668707682472301
40,Coombs & Melack; 2013,Control,Rattlesnake,2004-12-28,1.29418529148111
40,Coombs & Melack; 2013,Control,Rattlesnake,2004-12-29,1.39565997128502
40,Coombs & Melack; 2013,Control,Rattlesnake,2004-12-30,1.29631187568183
40,Coombs & Melack; 2013,Control,Rattlesnake,2004-12-31,1.19696378007864
40,Coombs & Melack; 2013,Control,Rattlesnake,2005-01-01,0.88849025897793
40,Coombs & Melack; 2013,Control,Rattlesnake,2005-01-01,0.9064340706000301
40,Coombs & Melack; 2013,Control,Rattlesnake,2005-01-02,0.91627406906049
40,Coombs & Melack; 2013,Control,Rattlesnake,2005-01-02,0.78939677155521
40,Coombs & Melack; 2013,Control,Rattlesnake,2005-01-03,0.71429787836729
40,Coombs & Melack; 2013,Control,Rattlesnake,2005-01-04,0.63919898517937
40,Coombs & Melack; 2013,Control,Rattlesnake,2005-01-05,0.56410009199145
40,Coombs & Melack; 2013,Site_1,San Onofre,2004-12-28,6.728837227245
40,Coombs & Melack; 2013,Site_1,San Onofre,2004-12-28,7.266142843593899
40,Coombs & Melack; 2013,Site_1,San Onofre,2004-12-28,7.5113959518654
40,Coombs & Melack; 2013,Site_1,San Onofre,2004-12-29,6.2833990766736
40,Coombs & Melack; 2013,Site_1,San Onofre,2004-12-30,5.0554022014818
40,Coombs & Melack; 2013,Site_1,San Onofre,2004-12-30,3.5991115462448997
40,Coombs & Melack; 2013,Site_1,San Onofre,2005-01-01,2.2629522836865004
40,Coombs & Melack; 2013,Site_1,San Onofre,2005-01-02,4.2389878701177
40,Coombs & Melack; 2013,Site_1,San Onofre,2005-01-02,5.1498205982874
40,Coombs & Melack; 2013,Site_1,San Onofre,2005-01-03,5.4776879856552
40,Coombs & Melack; 2013,Site_1,San Onofre,2005-01-04,4.8512113252659
40,Coombs & Melack; 2013,Site_2,Gaviota,2004-12-27,1.885419336549
40,Coombs & Melack; 2013,Site_2,Gaviota,2004-12-28,1.06657046546337
40,Coombs & Melack; 2013,Site_2,Gaviota,2004-12-29,2.15984326194
40,Coombs & Melack; 2013,Site_2,Gaviota,2004-12-29,1.5686577142887002
40,Coombs & Melack; 2013,Site_2,Gaviota,2004-12-30,0.99551297127177
40,Coombs & Melack; 2013,Site_2,Gaviota,2005-01-02,1.05290407060083
40,Coombs & Melack; 2013,Site_2,Gaviota,2005-01-02,0.58860066939807
40,Coombs & Melack; 2013,Site_2,Gaviota,2005-01-03,1.5460630604076
40,Coombs & Melack; 2013,Site_2,Gaviota,2005-01-03,1.24499499916638
40,Coombs & Melack; 2013,Site_2,Gaviota,2005-01-03,1.4635312265133
40,Coombs & Melack; 2013,Site_3,Arroyo Hondo,2004-12-27,1.5030124618656
40,Coombs & Melack; 2013,Site_3,Arroyo Hondo,2004-12-28,1.1397957660364801
40,Coombs & Melack; 2013,Site_3,Arroyo Hondo,2004-12-29,2.1323455837719
40,Coombs & Melack; 2013,Site_3,Arroyo Hondo,2004-12-30,1.7423489615112002
40,Coombs & Melack; 2013,Site_3,Arroyo Hondo,2004-12-31,2.1711284651217
40,Coombs & Melack; 2013,Site_3,Arroyo Hondo,2005-01-01,1.7623344880806
40,Coombs & Melack; 2013,Site_3,Arroyo Hondo,2005-01-01,2.4543060609606
40,Coombs & Melack; 2013,Site_3,Arroyo Hondo,2005-01-02,1.9269762342138002
40,Coombs & Melack; 2013,Site_3,Arroyo Hondo,2005-01-03,1.6545358274865
40,Coombs & Melack; 2013,Site_3,Arroyo Hondo,2005-01-04,1.9564913798115
41,Coombs & Melack; 2013,Control,Rattlesnake,2004-12-29,1.7592112954647001
41,Coombs & Melack; 2013,Control,Rattlesnake,2004-12-30,1.02307369606743
41,Coombs & Melack; 2013,Control,Rattlesnake,2004-12-30,1.18655636939385
41,Coombs & Melack; 2013,Control,Rattlesnake,2004-12-30,1.0502803943583001
41,Coombs & Melack; 2013,Control,Rattlesnake,2004-12-31,1.0153772557704301
41,Coombs & Melack; 2013,Control,Rattlesnake,2005-01-01,0.96095416004154
41,Coombs & Melack; 2013,Control,Rattlesnake,2005-01-02,0.91627406906049
41,Coombs & Melack; 2013,Control,Rattlesnake,2005-01-02,0.9347513452615801
41,Coombs & Melack; 2013,Control,Rattlesnake,2005-01-03,0.8355754133372101
41,Coombs & Melack; 2013,Control,Rattlesnake,2005-01-04,0.69983775266433
41,Coombs & Melack; 2013,Control,Rattlesnake,2005-01-05,0.56410009199145
41,Coombs & Melack; 2013,Site_1,San Onofre,2004-12-27,7.6746070426284
41,Coombs & Melack; 2013,Site_1,San Onofre,2004-12-27,10.3597820649813
41,Coombs & Melack; 2013,Site_1,San Onofre,2004-12-27,6.8370190129059
41,Coombs & Melack; 2013,Site_1,San Onofre,2004-12-28,7.32031860623805
41,Coombs & Melack; 2013,Site_1,San Onofre,2004-12-29,7.8036181995702005
41,Coombs & Melack; 2013,Site_1,San Onofre,2004-12-30,6.69857523190905
41,Coombs & Melack; 2013,Site_1,San Onofre,2004-12-31,5.5935322642479
41,Coombs & Melack; 2013,Site_1,San Onofre,2005-01-01,4.811943475353
41,Coombs & Melack; 2013,Site_1,San Onofre,2005-01-02,4.4118207235578
41,Coombs & Melack; 2013,Site_1,San Onofre,2005-01-02,3.2107686646413
41,Coombs & Melack; 2013,Site_1,San Onofre,2005-01-03,5.4326247703077
41,Coombs & Melack; 2013,Site_1,San Onofre,2005-01-04,5.196746091908699
41,Coombs & Melack; 2013,Site_2,Gaviota,2004-12-27,2.7227794317612
41,Coombs & Melack; 2013,Site_2,Gaviota,2004-12-28,1.03053735179031
41,Coombs & Melack; 2013,Site_2,Gaviota,2004-12-29,2.2326272421432
41,Coombs & Melack; 2013,Site_2,Gaviota,2004-12-30,1.4331964851225
41,Coombs & Melack; 2013,Site_2,Gaviota,2004-12-30,1.15934482145937
41,Coombs & Melack; 2013,Site_2,Gaviota,2005-01-01,1.4163487016406
41,Coombs & Melack; 2013,Site_2,Gaviota,2005-01-01,1.4531286660324
41,Coombs & Melack; 2013,Site_2,Gaviota,2005-01-01,0.52426967977797
41,Coombs & Melack; 2013,Site_2,Gaviota,2005-01-02,0.9802461823921199
41,Coombs & Melack; 2013,Site_2,Gaviota,2005-01-03,1.24499499916638
41,Coombs & Melack; 2013,Site_3,Arroyo Hondo,2004-12-27,2.3038884233274
41,Coombs & Melack; 2013,Site_3,Arroyo Hondo,2004-12-28,1.5946131951435
41,Coombs & Melack; 2013,Site_3,Arroyo Hondo,2004-12-28,1.522226889078
41,Coombs & Melack; 2013,Site_3,Arroyo Hondo,2004-12-29,2.8516208490756
41,Coombs & Melack; 2013,Site_3,Arroyo Hondo,2004-12-30,1.1231080212139202
41,Coombs & Melack; 2013,Site_3,Arroyo Hondo,2005-01-01,1.6710586821852
41,Coombs & Melack; 2013,Site_3,Arroyo Hondo,2005-01-01,2.1629034104496
41,Coombs & Melack; 2013,Site_3,Arroyo Hondo,2005-01-02,1.7446331600397
41,Coombs & Melack; 2013,Site_3,Arroyo Hondo,2005-01-02,1.7084303078598002
41,Coombs & Melack; 2013,Site_3,Arroyo Hondo,2005-01-02,2.0361716028129
42,Coombs & Melack; 2013,Control,Rattlesnake,2004-12-27,1.6939491667077
42,Coombs & Melack; 2013,Control,Rattlesnake,2004-12-27,0.9019093203355201
42,Coombs & Melack; 2013,Control,Rattlesnake,2004-12-27,1.2483655259875799
42,Coombs & Melack; 2013,Control,Rattlesnake,2004-12-28,1.50378841072614
42,Coombs & Melack; 2013,Control,Rattlesnake,2004-12-29,1.7592112954647001
42,Coombs & Melack; 2013,Control,Rattlesnake,2004-12-30,1.4328667071159
42,Coombs & Melack; 2013,Control,Rattlesnake,2005-01-02,0.93490653511773
42,Coombs & Melack; 2013,Control,Rattlesnake,2005-01-02,0.91627406906049
42,Coombs & Melack; 2013,Control,Rattlesnake,2005-01-03,0.80858695068963
42,Coombs & Melack; 2013,Control,Rattlesnake,2005-01-03,0.76258289733822
42,Coombs & Melack; 2013,Control,Rattlesnake,2005-01-03,0.76319880655893
42,Coombs & Melack; 2013,Site_1,San Onofre,2004-12-27,10.3597820649813
42,Coombs & Melack; 2013,Site_1,San Onofre,2004-12-28,3.3520737556782003
42,Coombs & Melack; 2013,Site_1,San Onofre,2004-12-29,8.5134947874837
42,Coombs & Melack; 2013,Site_1,San Onofre,2004-12-30,5.6106467802294
42,Coombs & Melack; 2013,Site_1,San Onofre,2004-12-30,5.6837702382867
42,Coombs & Melack; 2013,Site_1,San Onofre,2005-01-01,2.2629522836865004
42,Coombs & Melack; 2013,Site_1,San Onofre,2005-01-01,2.0717876443341003
42,Coombs & Melack; 2013,Site_1,San Onofre,2005-01-01,2.0534801059395
42,Coombs & Melack; 2013,Site_1,San Onofre,2005-01-02,5.1498205982874
42,Coombs & Melack; 2013,Site_1,San Onofre,2005-01-02,3.7018568412189
42,Coombs & Melack; 2013,Site_2,Gaviota,2004-12-27,0.71999786752425
42,Coombs & Melack; 2013,Site_2,Gaviota,2004-12-27,0.5740564825989001
42,Coombs & Melack; 2013,Site_2,Gaviota,2004-12-28,1.2850994179947002
42,Coombs & Melack; 2013,Site_2,Gaviota,2004-12-29,1.9961423533905003
42,Coombs & Melack; 2013,Site_2,Gaviota,2004-12-30,1.38757555669782
42,Coombs & Melack; 2013,Site_2,Gaviota,2004-12-30,1.29640159471893
42,Coombs & Melack; 2013,Site_2,Gaviota,2005-01-01,1.3072406269066201
42,Coombs & Melack; 2013,Site_2,Gaviota,2005-01-01,1.4439579231525
42,Coombs & Melack; 2013,Site_2,Gaviota,2005-01-02,1.4537445748328999
42,Coombs & Melack; 2013,Site_2,Gaviota,2005-01-03,1.4635312265133
42,Coombs & Melack; 2013,Site_2,Gaviota,2005-01-03,0.99003768399627
42,Coombs & Melack; 2013,Site_2,Gaviota,2005-01-04,1.5189048586929002
42,Coombs & Melack; 2013,Site_3,Arroyo Hondo,2004-12-27,1.08403900865001
42,Coombs & Melack; 2013,Site_3,Arroyo Hondo,2004-12-27,2.3860468320023998
42,Coombs & Melack; 2013,Site_3,Arroyo Hondo,2004-12-28,1.4765962613661001
42,Coombs & Melack; 2013,Site_3,Arroyo Hondo,2004-12-28,1.703769767154
42,Coombs & Melack; 2013,Site_3,Arroyo Hondo,2004-12-29,1.7731177490166
42,Coombs & Melack; 2013,Site_3,Arroyo Hondo,2004-12-30,1.8424657308792
42,Coombs & Melack; 2013,Site_3,Arroyo Hondo,2005-01-01,1.7716895182581
42,Coombs & Melack; 2013,Site_3,Arroyo Hondo,2005-01-02,2.0179028624076003
42,Coombs & Melack; 2013,Site_3,Arroyo Hondo,2005-01-02,1.8816074883773999
42,Coombs & Melack; 2013,Site_3,Arroyo Hondo,2005-01-02,1.7084303078598002
42,Coombs & Melack; 2013,Site_3,Arroyo Hondo,2005-01-03,2.2559347990977
43,Coombs & Melack; 2013,Control,Rattlesnake,2004-12-27,1.02976625285352
43,Coombs & Melack; 2013,Control,Rattlesnake,2004-12-28,1.2667700571143101
43,Coombs & Melack; 2013,Control,Rattlesnake,2004-12-29,1.1857973945660851
43,Coombs & Melack; 2013,Control,Rattlesnake,2004-12-30,1.1048247320178601
43,Coombs & Melack; 2013,Control,Rattlesnake,2004-12-30,0.94107047682837
43,Coombs & Melack; 2013,Control,Rattlesnake,2004-12-31,1.39692088772817
43,Coombs & Melack; 2013,Control,Rattlesnake,2005-01-01,0.82516315286874
43,Coombs & Melack; 2013,Control,Rattlesnake,2005-01-01,0.88849025897793
43,Coombs & Melack; 2013,Control,Rattlesnake,2005-01-02,0.9436796040000001
43,Coombs & Melack; 2013,Control,Rattlesnake,2005-01-02,0.91627406906049
43,Coombs & Melack; 2013,Control,Rattlesnake,2005-01-03,0.76258289733822
43,Coombs & Melack; 2013,Site_1,San Onofre,2004-12-27,8.2118205153285
43,Coombs & Melack; 2013,Site_1,San Onofre,2004-12-27,9.6499636733514
43,Coombs & Melack; 2013,Site_1,San Onofre,2004-12-28,3.1700556102873
43,Coombs & Melack; 2013,Site_1,San Onofre,2004-12-29,8.094855961077899
43,Coombs & Melack; 2013,Site_1,San Onofre,2004-12-30,5.9754493211448
43,Coombs & Melack; 2013,Site_1,San Onofre,2005-01-01,3.8284528579941
43,Coombs & Melack; 2013,Site_1,San Onofre,2005-01-01,4.811943475353
43,Coombs & Melack; 2013,Site_1,San Onofre,2005-01-02,5.10419239588755
43,Coombs & Melack; 2013,Site_1,San Onofre,2005-01-03,5.3964413164220995
43,Coombs & Melack; 2013,Site_1,San Onofre,2005-01-03,5.4776879856552
43,Coombs & Melack; 2013,Site_1,San Onofre,2005-01-03,5.4326247703077
43,Coombs & Melack; 2013,Site_2,Gaviota,2004-12-27,0.5740564825989001
43,Coombs & Melack; 2013,Site_2,Gaviota,2004-12-28,1.06657046546337
43,Coombs & Melack; 2013,Site_2,Gaviota,2004-12-28,1.2580066875192601
43,Coombs & Melack; 2013,Site_2,Gaviota,2004-12-29,1.8780235761167998
43,Coombs & Melack; 2013,Site_2,Gaviota,2004-12-29,1.5686577142887002
43,Coombs & Melack; 2013,Site_2,Gaviota,2005-01-01,0.63342625080798
43,Coombs & Melack; 2013,Site_2,Gaviota,2005-01-01,1.4163487016406
43,Coombs & Melack; 2013,Site_2,Gaviota,2005-01-01,0.88817018025855
43,Coombs & Melack; 2013,Site_2,Gaviota,2005-01-01,1.4531286660324
43,Coombs & Melack; 2013,Site_2,Gaviota,2005-01-02,1.4106818519367526
43,Coombs & Melack; 2013,Site_2,Gaviota,2005-01-03,1.3682350378411052
43,Coombs & Melack; 2013,Site_2,Gaviota,2005-01-04,1.3257882237454577
43,Coombs & Melack; 2013,Site_2,Gaviota,2005-01-05,1.2833414096498101
43,Coombs & Melack; 2013,Site_3,Arroyo Hondo,2004-12-27,2.1948433946606998
43,Coombs & Melack; 2013,Site_3,Arroyo Hondo,2004-12-27,2.3860468320023998
43,Coombs & Melack; 2013,Site_3,Arroyo Hondo,2004-12-28,1.703769767154
43,Coombs & Melack; 2013,Site_3,Arroyo Hondo,2004-12-29,2.7149569004501997
43,Coombs & Melack; 2013,Site_3,Arroyo Hondo,2004-12-29,2.4877397474496
43,Coombs & Melack; 2013,Site_3,Arroyo Hondo,2005-01-01,1.6257335849622
43,Coombs & Melack; 2013,Site_3,Arroyo Hondo,2005-01-01,1.7623344880806
43,Coombs & Melack; 2013,Site_3,Arroyo Hondo,2005-01-02,1.5717857575287002
43,Coombs & Melack; 2013,Site_3,Arroyo Hondo,2005-01-02,2.0361716028129
43,Coombs & Melack; 2013,Site_3,Arroyo Hondo,2005-01-02,2.1367878898149
44,Coombs & Melack; 2013,Control,Rattlesnake,2004-12-27,1.5484442532090001
44,Coombs & Melack; 2013,Control,Rattlesnake,2004-12-28,0.9668707682472301
44,Coombs & Melack; 2013,Control,Rattlesnake,2004-12-28,1.29418529148111
44,Coombs & Melack; 2013,Control,Rattlesnake,2004-12-28,0.7576750222870501
44,Coombs & Melack; 2013,Control,Rattlesnake,2004-12-29,0.8950567240963601
44,Coombs & Melack; 2013,Control,Rattlesnake,2004-12-30,1.03243842590567
44,Coombs & Melack; 2013,Control,Rattlesnake,2004-12-31,1.16982012771498
44,Coombs & Melack; 2013,Control,Rattlesnake,2005-01-01,0.88849025897793
44,Coombs & Melack; 2013,Control,Rattlesnake,2005-01-02,0.9347513452615801
44,Coombs & Melack; 2013,Control,Rattlesnake,2005-01-02,1.08940275342213
44,Coombs & Melack; 2013,Control,Rattlesnake,2005-01-03,0.8172678757830301
44,Coombs & Melack; 2013,Control,Rattlesnake,2005-01-04,0.46302793554863997
44,Coombs & Melack; 2013,Site_1,San Onofre,2004-12-27,8.785309585563
44,Coombs & Melack; 2013,Site_1,San Onofre,2004-12-27,5.8632617001672
44,Coombs & Melack; 2013,Site_1,San Onofre,2004-12-27,8.2666994804982
44,Coombs & Melack; 2013,Site_1,San Onofre,2004-12-27,9.5041047329277
44,Coombs & Melack; 2013,Site_1,San Onofre,2004-12-28,7.5113959518654
44,Coombs & Melack; 2013,Site_1,San Onofre,2005-01-01,4.63901362764
44,Coombs & Melack; 2013,Site_1,San Onofre,2005-01-01,2.2629522836865004
44,Coombs & Melack; 2013,Site_1,San Onofre,2005-01-02,5.0403681970362
44,Coombs & Melack; 2013,Site_1,San Onofre,2005-01-02,3.7018568412189
44,Coombs & Melack; 2013,Site_1,San Onofre,2005-01-03,4.42652010007305
44,Coombs & Melack; 2013,Site_1,San Onofre,2005-01-04,5.1511833589272005
44,Coombs & Melack; 2013,Site_2,Gaviota,2004-12-27,2.7227794317612
44,Coombs & Melack; 2013,Site_2,Gaviota,2004-12-27,2.8137739560861
44,Coombs & Melack; 2013,Site_2,Gaviota,2004-12-27,1.5847295505909
44,Coombs & Melack; 2013,Site_2,Gaviota,2004-12-28,1.03053735179031
44,Coombs & Melack; 2013,Site_2,Gaviota,2004-12-29,1.16185695510514
44,Coombs & Melack; 2013,Site_2,Gaviota,2004-12-30,1.29317655841997
44,Coombs & Melack; 2013,Site_2,Gaviota,2004-12-31,1.4244961617348
44,Coombs & Melack; 2013,Site_2,Gaviota,2005-01-01,1.4439579231525
44,Coombs & Melack; 2013,Site_2,Gaviota,2005-01-01,1.4163487016406
44,Coombs & Melack; 2013,Site_2,Gaviota,2005-01-02,1.31716306986873
44,Coombs & Melack; 2013,Site_2,Gaviota,2005-01-02,0.58860066939807
44,Coombs & Melack; 2013,Site_2,Gaviota,2005-01-03,1.5640117226538
44,Coombs & Melack; 2013,Site_3,Arroyo Hondo,2004-12-27,1.17512567634357
44,Coombs & Melack; 2013,Site_3,Arroyo Hondo,2004-12-28,1.5041472865944
44,Coombs & Melack; 2013,Site_3,Arroyo Hondo,2004-12-29,2.7149569004501997
44,Coombs & Melack; 2013,Site_3,Arroyo Hondo,2004-12-29,2.1323455837719
44,Coombs & Melack; 2013,Site_3,Arroyo Hondo,2004-12-30,1.6144968782166
44,Coombs & Melack; 2013,Site_3,Arroyo Hondo,2005-01-01,1.6257335849622
44,Coombs & Melack; 2013,Site_3,Arroyo Hondo,2005-01-02,1.8174268400904
44,Coombs & Melack; 2013,Site_3,Arroyo Hondo,2005-01-02,1.7084303078598002
44,Coombs & Melack; 2013,Site_3,Arroyo Hondo,2005-01-03,1.9504899020722501
44,Coombs & Melack; 2013,Site_3,Arroyo Hondo,2005-01-04,2.1925494962847
44,Coombs & Melack; 2013,Site_3,Arroyo Hondo,2005-01-05,1.7566555138125002
45,Coombs & Melack; 2013,Control,Rattlesnake,2004-12-27,1.5484442532090001
45,Coombs & Melack; 2013,Control,Rattlesnake,2004-12-28,0.7576750222870501
45,Coombs & Melack; 2013,Control,Rattlesnake,2004-12-28,1.29418529148111
45,Coombs & Melack; 2013,Control,Rattlesnake,2004-12-29,1.08123831908505
45,Coombs & Melack; 2013,Control,Rattlesnake,2004-12-30,0.86829134668899
45,Coombs & Melack; 2013,Control,Rattlesnake,2004-12-30,1.1048247320178601
45,Coombs & Melack; 2013,Control,Rattlesnake,2005-01-01,0.8156286843369
45,Coombs & Melack; 2013,Control,Rattlesnake,2005-01-01,0.93424212904071
45,Coombs & Melack; 2013,Control,Rattlesnake,2005-01-01,0.9064340706000301
45,Coombs & Melack; 2013,Control,Rattlesnake,2005-01-02,0.6074077238859
45,Coombs & Melack; 2013,Control,Rattlesnake,2005-01-02,0.93490653511773
45,Coombs & Melack; 2013,Site_1,San Onofre,2004-12-27,9.6499636733514
45,Coombs & Melack; 2013,Site_1,San Onofre,2004-12-28,7.274668579531499
45,Coombs & Melack; 2013,Site_1,San Onofre,2004-12-28,8.467020315060301
45,Coombs & Melack; 2013,Site_1,San Onofre,2004-12-29,7.8036181995702005
45,Coombs & Melack; 2013,Site_1,San Onofre,2004-12-30,5.6837702382867
45,Coombs & Melack; 2013,Site_1,San Onofre,2005-01-01,4.811943475353
45,Coombs & Melack; 2013,Site_1,San Onofre,2005-01-01,1.4345446966914
45,Coombs & Melack; 2013,Site_1,San Onofre,2005-01-01,5.121285088262701
45,Coombs & Melack; 2013,Site_1,San Onofre,2005-01-02,2.5821726933261
45,Coombs & Melack; 2013,Site_1,San Onofre,2005-01-03,3.2142604327861997
45,Coombs & Melack; 2013,Site_1,San Onofre,2005-01-04,3.8463481722462998
45,Coombs & Melack; 2013,Site_1,San Onofre,2005-01-05,4.478435911706399
45,Coombs & Melack; 2013,Site_2,Gaviota,2004-12-27,1.7762336677974
45,Coombs & Melack; 2013,Site_2,Gaviota,2004-12-27,0.5740564825989001
45,Coombs & Melack; 2013,Site_2,Gaviota,2004-12-27,1.10191492484136
45,Coombs & Melack; 2013,Site_2,Gaviota,2004-12-28,1.2181277785895401
45,Coombs & Melack; 2013,Site_2,Gaviota,2004-12-29,1.33434063233772
45,Coombs & Melack; 2013,Site_2,Gaviota,2004-12-30,1.4505534860859002
45,Coombs & Melack; 2013,Site_2,Gaviota,2004-12-31,1.23348671139813
45,Coombs & Melack; 2013,Site_2,Gaviota,2005-01-01,1.14375795372027
45,Coombs & Melack; 2013,Site_2,Gaviota,2005-01-01,1.38925354557297
45,Coombs & Melack; 2013,Site_2,Gaviota,2005-01-02,1.39945242018183
45,Coombs & Melack; 2013,Site_2,Gaviota,2005-01-03,1.5460630604076
45,Coombs & Melack; 2013,Site_2,Gaviota,2005-01-03,1.4635312265133
45,Coombs & Melack; 2013,Site_3,Arroyo Hondo,2004-12-28,1.5041472865944
45,Coombs & Melack; 2013,Site_3,Arroyo Hondo,2004-12-29,1.8146334240804003
45,Coombs & Melack; 2013,Site_3,Arroyo Hondo,2004-12-30,0.91377163474863
45,Coombs & Melack; 2013,Site_3,Arroyo Hondo,2004-12-30,2.2523993832732003
45,Coombs & Melack; 2013,Site_3,Arroyo Hondo,2004-12-31,2.4530111978526
45,Coombs & Melack; 2013,Site_3,Arroyo Hondo,2005-01-01,0.9434565188531701
45,Coombs & Melack; 2013,Site_3,Arroyo Hondo,2005-01-02,1.7446331600397
45,Coombs & Melack; 2013,Site_3,Arroyo Hondo,2005-01-02,1.5717857575287002
45,Coombs & Melack; 2013,Site_3,Arroyo Hondo,2005-01-03,2.2559347990977
45,Coombs & Melack; 2013,Site_3,Arroyo Hondo,2005-01-04,2.0291250200823003
46,Coombs & Melack; 2013,Control,Rattlesnake,2004-12-26,1.4113923288927
46,Coombs & Melack; 2013,Control,Rattlesnake,2004-12-27,1.352788810186905
46,Coombs & Melack; 2013,Control,Rattlesnake,2004-12-28,1.29418529148111
46,Coombs & Melack; 2013,Control,Rattlesnake,2004-12-28,0.81236485051554
46,Coombs & Melack; 2013,Control,Rattlesnake,2004-12-29,0.917719273291485
46,Coombs & Melack; 2013,Control,Rattlesnake,2004-12-30,1.02307369606743
46,Coombs & Melack; 2013,Control,Rattlesnake,2004-12-31,1.16982012771498
46,Coombs & Melack; 2013,Control,Rattlesnake,2005-01-01,0.93431487425514
46,Coombs & Melack; 2013,Control,Rattlesnake,2005-01-02,0.93490653511773
46,Coombs & Melack; 2013,Control,Rattlesnake,2005-01-02,0.91627406906049
46,Coombs & Melack; 2013,Control,Rattlesnake,2005-01-03,0.8172678757830301
46,Coombs & Melack; 2013,Control,Rattlesnake,2005-01-03,0.76258289733822
46,Coombs & Melack; 2013,Site_1,San Onofre,2004-12-27,1.4660336611053
46,Coombs & Melack; 2013,Site_1,San Onofre,2004-12-28,4.475586726125551
46,Coombs & Melack; 2013,Site_1,San Onofre,2004-12-29,7.485139791145801
46,Coombs & Melack; 2013,Site_1,San Onofre,2004-12-29,8.094855961077899
46,Coombs & Melack; 2013,Site_1,San Onofre,2004-12-30,6.0024571829271
46,Coombs & Melack; 2013,Site_1,San Onofre,2004-12-30,5.6837702382867
46,Coombs & Melack; 2013,Site_1,San Onofre,2005-01-01,4.0286912459535
46,Coombs & Melack; 2013,Site_1,San Onofre,2005-01-01,5.0851258832955
46,Coombs & Melack; 2013,Site_1,San Onofre,2005-01-02,5.32254191048475
46,Coombs & Melack; 2013,Site_1,San Onofre,2005-01-03,5.559957937674
46,Coombs & Melack; 2013,Site_1,San Onofre,2005-01-03,5.4776879856552
46,Coombs & Melack; 2013,Site_1,San Onofre,2005-01-04,4.8512113252659
46,Coombs & Melack; 2013,Site_2,Gaviota,2004-12-27,0.8197897088094
46,Coombs & Melack; 2013,Site_2,Gaviota,2004-12-27,2.8137739560861
46,Coombs & Melack; 2013,Site_2,Gaviota,2004-12-28,2.34589876610145
46,Coombs & Melack; 2013,Site_2,Gaviota,2004-12-29,1.8780235761167998
46,Coombs & Melack; 2013,Site_2,Gaviota,2004-12-29,2.2326272421432
46,Coombs & Melack; 2013,Site_2,Gaviota,2004-12-30,0.72250515147972
46,Coombs & Melack; 2013,Site_2,Gaviota,2005-01-01,1.3072406269066201
46,Coombs & Melack; 2013,Site_2,Gaviota,2005-01-02,1.2535207345437
46,Coombs & Melack; 2013,Site_2,Gaviota,2005-01-02,0.58860066939807
46,Coombs & Melack; 2013,Site_2,Gaviota,2005-01-02,1.39945242018183
46,Coombs & Melack; 2013,Site_2,Gaviota,2005-01-03,1.5091182070125
46,Coombs & Melack; 2013,Site_3,Arroyo Hondo,2004-12-27,2.9408646384705
46,Coombs & Melack; 2013,Site_3,Arroyo Hondo,2004-12-28,2.3777490312754503
46,Coombs & Melack; 2013,Site_3,Arroyo Hondo,2004-12-29,1.8146334240804003
46,Coombs & Melack; 2013,Site_3,Arroyo Hondo,2004-12-29,2.1323455837719
46,Coombs & Melack; 2013,Site_3,Arroyo Hondo,2004-12-30,2.2976953837551
46,Coombs & Melack; 2013,Site_3,Arroyo Hondo,2004-12-31,2.6075413635222
46,Coombs & Melack; 2013,Site_3,Arroyo Hondo,2005-01-01,0.97938778931007
46,Coombs & Melack; 2013,Site_3,Arroyo Hondo,2005-01-02,1.9269762342138002
46,Coombs & Melack; 2013,Site_3,Arroyo Hondo,2005-01-03,2.2014147100764
46,Coombs & Melack; 2013,Site_3,Arroyo Hondo,2005-01-03,2.2831463464719
46,Coombs & Melack; 2013,Site_3,Arroyo Hondo,2005-01-04,2.0199009301422
46,Coombs & Melack; 2013,Site_3,Arroyo Hondo,2005-01-05,1.7566555138125002
47,Coombs & Melack; 2013,Control,Rattlesnake,2004-12-27,1.5303501016545
47,Coombs & Melack; 2013,Control,Rattlesnake,2004-12-28,0.93966891959997
47,Coombs & Melack; 2013,Control,Rattlesnake,2004-12-29,1.8320777194692002
47,Coombs & Melack; 2013,Control,Rattlesnake,2004-12-30,1.4875662342114
47,Coombs & Melack; 2013,Control,Rattlesnake,2004-12-31,1.39692088772817
47,Coombs & Melack; 2013,Control,Rattlesnake,2005-01-01,0.94325768192439
47,Coombs & Melack; 2013,Control,Rattlesnake,2005-01-01,0.90676384888677
47,Coombs & Melack; 2013,Control,Rattlesnake,2005-01-02,0.74326662662952
47,Coombs & Melack; 2013,Control,Rattlesnake,2005-01-02,1.0348438665516002
47,Coombs & Melack; 2013,Control,Rattlesnake,2005-01-03,0.76258289733822
47,Coombs & Melack; 2013,Site_1,San Onofre,2004-12-27,9.8135966871705
47,Coombs & Melack; 2013,Site_1,San Onofre,2004-12-28,6.728837227245
47,Coombs & Melack; 2013,Site_1,San Onofre,2004-12-29,7.8036181995702005
47,Coombs & Melack; 2013,Site_1,San Onofre,2004-12-29,7.6486952089863
47,Coombs & Melack; 2013,Site_1,San Onofre,2004-12-30,6.48464377443645
47,Coombs & Melack; 2013,Site_1,San Onofre,2004-12-31,5.3205923398866
47,Coombs & Melack; 2013,Site_1,San Onofre,2005-01-01,3.6647858968098
47,Coombs & Melack; 2013,Site_1,San Onofre,2005-01-02,4.4118207235578
47,Coombs & Melack; 2013,Site_1,San Onofre,2005-01-02,4.2389878701177
47,Coombs & Melack; 2013,Site_1,San Onofre,2005-01-03,5.4420525458397
47,Coombs & Melack; 2013,Site_1,San Onofre,2005-01-04,5.4331485354594005
47,Coombs & Melack; 2013,Site_2,Gaviota,2004-12-27,2.7227794317612
47,Coombs & Melack; 2013,Site_2,Gaviota,2004-12-27,0.045974955265638
47,Coombs & Melack; 2013,Site_2,Gaviota,2004-12-28,1.28507759466849
47,Coombs & Melack; 2013,Site_2,Gaviota,2004-12-28,1.9403758976973
47,Coombs & Melack; 2013,Site_2,Gaviota,2004-12-29,1.549860359578335
47,Coombs & Melack; 2013,Site_2,Gaviota,2004-12-30,1.15934482145937
47,Coombs & Melack; 2013,Site_2,Gaviota,2005-01-01,1.4439579231525
47,Coombs & Melack; 2013,Site_2,Gaviota,2005-01-01,0.63342625080798
47,Coombs & Melack; 2013,Site_2,Gaviota,2005-01-02,0.58860066939807
47,Coombs & Melack; 2013,Site_2,Gaviota,2005-01-02,0.67046809763556
47,Coombs & Melack; 2013,Site_2,Gaviota,2005-01-03,1.4635312265133
47,Coombs & Melack; 2013,Site_3,Arroyo Hondo,2004-12-27,1.17512567634357
47,Coombs & Melack; 2013,Site_3,Arroyo Hondo,2004-12-28,1.522226889078
47,Coombs & Melack; 2013,Site_3,Arroyo Hondo,2004-12-28,1.4493750141444
47,Coombs & Melack; 2013,Site_3,Arroyo Hondo,2004-12-29,1.8146334240804003
47,Coombs & Melack; 2013,Site_3,Arroyo Hondo,2004-12-30,1.36881699892623
47,Coombs & Melack; 2013,Site_3,Arroyo Hondo,2005-01-01,0.97938778931007
47,Coombs & Melack; 2013,Site_3,Arroyo Hondo,2005-01-02,1.9269762342138002
47,Coombs & Melack; 2013,Site_3,Arroyo Hondo,2005-01-02,2.0364334860891
47,Coombs & Melack; 2013,Site_3,Arroyo Hondo,2005-01-03,2.2014147100764
47,Coombs & Melack; 2013,Site_3,Arroyo Hondo,2005-01-04,1.9790351119444503
47,Coombs & Melack; 2013,Site_3,Arroyo Hondo,2005-01-05,1.7566555138125002
48,Coombs & Melack; 2013,Control,Rattlesnake,2004-12-26,1.4113923288927
48,Coombs & Melack; 2013,Control,Rattlesnake,2004-12-27,1.220957565806055
48,Coombs & Melack; 2013,Control,Rattlesnake,2004-12-28,1.03052280271941
48,Coombs & Melack; 2013,Control,Rattlesnake,2004-12-28,1.29418529148111
48,Coombs & Melack; 2013,Control,Rattlesnake,2004-12-29,1.15862949377427
48,Coombs & Melack; 2013,Control,Rattlesnake,2004-12-30,1.02307369606743
48,Coombs & Melack; 2013,Control,Rattlesnake,2004-12-30,0.86829134668899
48,Coombs & Melack; 2013,Control,Rattlesnake,2005-01-01,0.9064340706000301
48,Coombs & Melack; 2013,Control,Rattlesnake,2005-01-02,0.93490653511773
48,Coombs & Melack; 2013,Control,Rattlesnake,2005-01-02,1.0348438665516002
48,Coombs & Melack; 2013,Control,Rattlesnake,2005-01-03,0.8355754133372101
48,Coombs & Melack; 2013,Control,Rattlesnake,2005-01-04,0.46302793554863997
48,Coombs & Melack; 2013,Site_1,San Onofre,2004-12-27,7.883977376879101
48,Coombs & Melack; 2013,Site_1,San Onofre,2004-12-27,5.9268361409019
48,Coombs & Melack; 2013,Site_1,San Onofre,2004-12-27,7.6746070426284
48,Coombs & Melack; 2013,Site_1,San Onofre,2004-12-28,7.5113959518654
48,Coombs & Melack; 2013,Site_1,San Onofre,2004-12-29,6.7811280812058
48,Coombs & Melack; 2013,Site_1,San Onofre,2004-12-30,6.0508602105462
48,Coombs & Melack; 2013,Site_1,San Onofre,2004-12-31,5.3205923398866
48,Coombs & Melack; 2013,Site_1,San Onofre,2005-01-01,4.811943475353
48,Coombs & Melack; 2013,Site_1,San Onofre,2005-01-02,2.5729631538576
48,Coombs & Melack; 2013,Site_1,San Onofre,2005-01-03,5.4054277706037
48,Coombs & Melack; 2013,Site_1,San Onofre,2005-01-03,5.478468783458999
48,Coombs & Melack; 2013,Site_1,San Onofre,2005-01-04,5.4331485354594005
48,Coombs & Melack; 2013,Site_2,Gaviota,2004-12-27,0.75619102069707
48,Coombs & Melack; 2013,Site_2,Gaviota,2004-12-28,1.06657046546337
48,Coombs & Melack; 2013,Site_2,Gaviota,2004-12-29,1.9961423533905003
48,Coombs & Melack; 2013,Site_2,Gaviota,2004-12-30,0.88631760295281
48,Coombs & Melack; 2013,Site_2,Gaviota,2004-12-31,1.23348671139813
48,Coombs & Melack; 2013,Site_2,Gaviota,2005-01-01,1.3072406269066201
48,Coombs & Melack; 2013,Site_2,Gaviota,2005-01-01,0.77958587123655
48,Coombs & Melack; 2013,Site_2,Gaviota,2005-01-01,1.4708396925201
48,Coombs & Melack; 2013,Site_2,Gaviota,2005-01-01,1.1978221733007601
48,Coombs & Melack; 2013,Site_2,Gaviota,2005-01-02,1.3534701901566302
48,Coombs & Melack; 2013,Site_2,Gaviota,2005-01-03,1.5091182070125
48,Coombs & Melack; 2013,Site_3,Arroyo Hondo,2004-12-27,2.049483971871
48,Coombs & Melack; 2013,Site_3,Arroyo Hondo,2004-12-28,2.38687127771925
48,Coombs & Melack; 2013,Site_3,Arroyo Hondo,2004-12-29,2.7242585835675
48,Coombs & Melack; 2013,Site_3,Arroyo Hondo,2004-12-30,1.8424657308792
48,Coombs & Melack; 2013,Site_3,Arroyo Hondo,2004-12-31,2.1711284651217
48,Coombs & Melack; 2013,Site_3,Arroyo Hondo,2004-12-31,2.5257272819247003
48,Coombs & Melack; 2013,Site_3,Arroyo Hondo,2005-01-01,1.7716895182581
48,Coombs & Melack; 2013,Site_3,Arroyo Hondo,2005-01-02,1.5626198638722
48,Coombs & Melack; 2013,Site_3,Arroyo Hondo,2005-01-02,2.0179028624076003
48,Coombs & Melack; 2013,Site_3,Arroyo Hondo,2005-01-03,2.1554688520281
48,Coombs & Melack; 2013,Site_3,Arroyo Hondo,2005-01-03,2.1915795605592
49,Coombs & Melack; 2013,Control,Rattlesnake,2004-12-28,1.03052280271941
49,Coombs & Melack; 2013,Control,Rattlesnake,2004-12-28,1.29418529148111
49,Coombs & Melack; 2013,Control,Rattlesnake,2004-12-29,1.11762788415474
49,Coombs & Melack; 2013,Control,Rattlesnake,2004-12-30,0.94107047682837
49,Coombs & Melack; 2013,Control,Rattlesnake,2004-12-30,1.02307369606743
49,Coombs & Melack; 2013,Control,Rattlesnake,2004-12-31,1.0153772557704301
49,Coombs & Melack; 2013,Control,Rattlesnake,2005-01-01,0.93424212904071
49,Coombs & Melack; 2013,Control,Rattlesnake,2005-01-02,0.6074077238859
49,Coombs & Melack; 2013,Control,Rattlesnake,2005-01-02,0.97126457715378
49,Coombs & Melack; 2013,Control,Rattlesnake,2005-01-03,0.8172678757830301
49,Coombs & Melack; 2013,Control,Rattlesnake,2005-01-04,0.46302793554863997
49,Coombs & Melack; 2013,Site_1,San Onofre,2004-12-27,6.8370190129059
49,Coombs & Melack; 2013,Site_1,San Onofre,2004-12-27,8.1208793380638
49,Coombs & Melack; 2013,Site_1,San Onofre,2004-12-28,3.1700556102873
49,Coombs & Melack; 2013,Site_1,San Onofre,2004-12-29,8.376995726460901
49,Coombs & Melack; 2013,Site_1,San Onofre,2004-12-30,6.73508361317715
49,Coombs & Melack; 2013,Site_1,San Onofre,2004-12-31,5.0931714998933995
49,Coombs & Melack; 2013,Site_1,San Onofre,2005-01-01,3.6647858968098
49,Coombs & Melack; 2013,Site_1,San Onofre,2005-01-01,5.0851258832955
49,Coombs & Melack; 2013,Site_1,San Onofre,2005-01-02,4.4118207235578
49,Coombs & Melack; 2013,Site_1,San Onofre,2005-01-03,5.4420525458397
49,Coombs & Melack; 2013,Site_1,San Onofre,2005-01-04,5.1511833589272005
49,Coombs & Melack; 2013,Site_2,Gaviota,2004-12-27,2.8137739560861
49,Coombs & Melack; 2013,Site_2,Gaviota,2004-12-27,1.8397014144117
49,Coombs & Melack; 2013,Site_2,Gaviota,2004-12-27,1.10191492484136
49,Coombs & Melack; 2013,Site_2,Gaviota,2004-12-28,1.6672710834922801
49,Coombs & Melack; 2013,Site_2,Gaviota,2004-12-29,2.2326272421432
49,Coombs & Melack; 2013,Site_2,Gaviota,2004-12-30,0.99551297127177
49,Coombs & Melack; 2013,Site_2,Gaviota,2005-01-01,0.88817018025855
49,Coombs & Melack; 2013,Site_2,Gaviota,2005-01-01,1.3072406269066201
49,Coombs & Melack; 2013,Site_2,Gaviota,2005-01-02,0.9802461823921199
49,Coombs & Melack; 2013,Site_2,Gaviota,2005-01-02,1.4538512675526
49,Coombs & Melack; 2013,Site_2,Gaviota,2005-01-02,1.05290407060083
49,Coombs & Melack; 2013,Site_3,Arroyo Hondo,2004-12-27,0.027778960312887
49,Coombs & Melack; 2013,Site_3,Arroyo Hondo,2004-12-27,2.1948433946606998
49,Coombs & Melack; 2013,Site_3,Arroyo Hondo,2004-12-27,2.4681373459470004
49,Coombs & Melack; 2013,Site_3,Arroyo Hondo,2004-12-28,1.1397957660364801
49,Coombs & Melack; 2013,Site_3,Arroyo Hondo,2004-12-29,1.8146334240804003
49,Coombs & Melack; 2013,Site_3,Arroyo Hondo,2005-01-01,1.25241985746024
49,Coombs & Melack; 2013,Site_3,Arroyo Hondo,2005-01-02,1.5626198638722
49,Coombs & Melack; 2013,Site_3,Arroyo Hondo,2005-01-02,2.136419313819
49,Coombs & Melack; 2013,Site_3,Arroyo Hondo,2005-01-03,2.2831463464719
49,Coombs & Melack; 2013,Site_3,Arroyo Hondo,2005-01-04,2.1925494962847
50,Coombs & Melack; 2013,Control,Rattlesnake,2004-12-27,1.2483655259875799
50,Coombs & Melack; 2013,Control,Rattlesnake,2004-12-27,1.5303501016545
50,Coombs & Melack; 2013,Control,Rattlesnake,2004-12-28,1.61757399970845
50,Coombs & Melack; 2013,Control,Rattlesnake,2004-12-29,1.7047978977623999
50,Coombs & Melack; 2013,Control,Rattlesnake,2004-12-30,1.4328667071159
50,Coombs & Melack; 2013,Control,Rattlesnake,2004-12-31,1.16982012771498
50,Coombs & Melack; 2013,Control,Rattlesnake,2005-01-01,0.93424212904071
50,Coombs & Melack; 2013,Control,Rattlesnake,2005-01-01,0.8156286843369
50,Coombs & Melack; 2013,Control,Rattlesnake,2005-01-02,0.91627406906049
50,Coombs & Melack; 2013,Control,Rattlesnake,2005-01-02,0.9347513452615801
50,Coombs & Melack; 2013,Control,Rattlesnake,2005-01-02,0.85303910674017
50,Coombs & Melack; 2013,Site_1,San Onofre,2004-12-27,5.0529628137975005
50,Coombs & Melack; 2013,Site_1,San Onofre,2004-12-27,7.883977376879101
50,Coombs & Melack; 2013,Site_1,San Onofre,2004-12-27,8.785309585563
50,Coombs & Melack; 2013,Site_1,San Onofre,2004-12-27,9.5041047329277
50,Coombs & Melack; 2013,Site_1,San Onofre,2004-12-28,3.1700556102873
50,Coombs & Melack; 2013,Site_1,San Onofre,2005-01-01,4.0286912459535
50,Coombs & Melack; 2013,Site_1,San Onofre,2005-01-01,2.0534801059395
50,Coombs & Melack; 2013,Site_1,San Onofre,2005-01-01,1.05229301102373
50,Coombs & Melack; 2013,Site_1,San Onofre,2005-01-01,5.121285088262701
50,Coombs & Melack; 2013,Site_1,San Onofre,2005-01-02,2.5821726933261
50,Coombs & Melack; 2013,Site_2,Gaviota,2004-12-27,1.9305892446162
50,Coombs & Melack; 2013,Site_2,Gaviota,2004-12-27,0.5740564825989001
50,Coombs & Melack; 2013,Site_2,Gaviota,2004-12-27,1.7762336677974
50,Coombs & Melack; 2013,Site_2,Gaviota,2004-12-28,0.8488004875497001
50,Coombs & Melack; 2013,Site_2,Gaviota,2004-12-29,1.8780235761167998
50,Coombs & Melack; 2013,Site_2,Gaviota,2005-01-01,1.38925354557297
50,Coombs & Melack; 2013,Site_2,Gaviota,2005-01-01,1.1978221733007601
50,Coombs & Melack; 2013,Site_2,Gaviota,2005-01-02,0.9253187199459
50,Coombs & Melack; 2013,Site_2,Gaviota,2005-01-03,1.24499499916638
50,Coombs & Melack; 2013,Site_2,Gaviota,2005-01-03,1.5091182070125
50,Coombs & Melack; 2013,Site_3,Arroyo Hondo,2004-12-27,2.4859938631436997
50,Coombs & Melack; 2013,Site_3,Arroyo Hondo,2004-12-28,1.4765962613661001
50,Coombs & Melack; 2013,Site_3,Arroyo Hondo,2004-12-29,2.1323455837719
50,Coombs & Melack; 2013,Site_3,Arroyo Hondo,2004-12-30,1.8424657308792
50,Coombs & Melack; 2013,Site_3,Arroyo Hondo,2004-12-31,2.4530111978526
50,Coombs & Melack; 2013,Site_3,Arroyo Hondo,2005-01-01,1.25241985746024
50,Coombs & Melack; 2013,Site_3,Arroyo Hondo,2005-01-01,2.5180793380638
50,Coombs & Melack; 2013,Site_3,Arroyo Hondo,2005-01-01,1.4254563976128
50,Coombs & Melack; 2013,Site_3,Arroyo Hondo,2005-01-02,1.7084303078598002
50,Coombs & Melack; 2013,Site_3,Arroyo Hondo,2005-01-02,1.7270045773533
51,Coombs & Melack; 2013,Control,Rattlesnake,2004-12-27,1.6939491667077
51,Coombs & Melack; 2013,Control,Rattlesnake,2004-12-27,1.01108044043643
51,Coombs & Melack; 2013,Control,Rattlesnake,2004-12-28,0.93966891959997
51,Coombs & Melack; 2013,Control,Rattlesnake,2004-12-29,1.01638598897164
51,Coombs & Melack; 2013,Control,Rattlesnake,2004-12-30,1.09310305834331
51,Coombs & Melack; 2013,Control,Rattlesnake,2004-12-31,1.16982012771498
51,Coombs & Melack; 2013,Control,Rattlesnake,2004-12-31,1.39692088772817
51,Coombs & Melack; 2013,Control,Rattlesnake,2005-01-01,0.82516315286874
51,Coombs & Melack; 2013,Control,Rattlesnake,2005-01-02,0.97126457715378
51,Coombs & Melack; 2013,Control,Rattlesnake,2005-01-02,0.74326662662952
51,Coombs & Melack; 2013,Control,Rattlesnake,2005-01-03,0.8355754133372101
51,Coombs & Melack; 2013,Control,Rattlesnake,2005-01-03,0.80858695068963
51,Coombs & Melack; 2013,Site_1,San Onofre,2004-12-27,8.1208793380638
51,Coombs & Melack; 2013,Site_1,San Onofre,2004-12-27,8.785309585563
51,Coombs & Melack; 2013,Site_1,San Onofre,2004-12-27,10.0050038101041
51,Coombs & Melack; 2013,Site_1,San Onofre,2004-12-28,8.467020315060301
51,Coombs & Melack; 2013,Site_1,San Onofre,2004-12-29,7.6426153286987
51,Coombs & Melack; 2013,Site_1,San Onofre,2004-12-30,6.8182103423371005
51,Coombs & Melack; 2013,Site_1,San Onofre,2004-12-31,5.9938053559755
51,Coombs & Melack; 2013,Site_1,San Onofre,2005-01-01,5.0759890891815
51,Coombs & Melack; 2013,Site_1,San Onofre,2005-01-01,5.121285088262701
51,Coombs & Melack; 2013,Site_1,San Onofre,2005-01-02,2.5729631538576
51,Coombs & Melack; 2013,Site_1,San Onofre,2005-01-02,4.8126078805896
51,Coombs & Melack; 2013,Site_1,San Onofre,2005-01-03,4.981895619758401
51,Coombs & Melack; 2013,Site_1,San Onofre,2005-01-04,5.1511833589272005
51,Coombs & Melack; 2013,Site_2,Gaviota,2004-12-26,1.21111999258761
51,Coombs & Melack; 2013,Site_2,Gaviota,2004-12-27,0.8197897088094
51,Coombs & Melack; 2013,Site_2,Gaviota,2004-12-28,1.0300443012349
51,Coombs & Melack; 2013,Site_2,Gaviota,2004-12-29,1.2402988936604
51,Coombs & Melack; 2013,Site_2,Gaviota,2004-12-30,1.4505534860859002
51,Coombs & Melack; 2013,Site_2,Gaviota,2004-12-30,0.64069591938576
51,Coombs & Melack; 2013,Site_2,Gaviota,2004-12-31,1.4244961617348
51,Coombs & Melack; 2013,Site_2,Gaviota,2005-01-01,1.4347095856947
51,Coombs & Melack; 2013,Site_2,Gaviota,2005-01-01,1.3072406269066201
51,Coombs & Melack; 2013,Site_2,Gaviota,2005-01-02,0.9802461823921199
51,Coombs & Melack; 2013,Site_2,Gaviota,2005-01-02,0.80762186460774
51,Coombs & Melack; 2013,Site_2,Gaviota,2005-01-03,1.5732552094875
51,Coombs & Melack; 2013,Site_3,Arroyo Hondo,2004-12-28,1.6679500386402
51,Coombs & Melack; 2013,Site_3,Arroyo Hondo,2004-12-29,2.1323455837719
51,Coombs & Melack; 2013,Site_3,Arroyo Hondo,2004-12-29,1.8146334240804003
51,Coombs & Melack; 2013,Site_3,Arroyo Hondo,2004-12-30,2.2523993832732003
51,Coombs & Melack; 2013,Site_3,Arroyo Hondo,2004-12-30,1.7604528129132
51,Coombs & Melack; 2013,Site_3,Arroyo Hondo,2005-01-01,0.9434565188531701
51,Coombs & Melack; 2013,Site_3,Arroyo Hondo,2005-01-01,1.4254563976128
51,Coombs & Melack; 2013,Site_3,Arroyo Hondo,2005-01-02,2.136419313819
51,Coombs & Melack; 2013,Site_3,Arroyo Hondo,2005-01-02,1.7270045773533
51,Coombs & Melack; 2013,Site_3,Arroyo Hondo,2005-01-03,2.2559347990977
52,Coombs & Melack; 2013,Control,Rattlesnake,2004-12-27,1.5484442532090001
52,Coombs & Melack; 2013,Control,Rattlesnake,2004-12-27,0.009728455718961
52,Coombs & Melack; 2013,Control,Rattlesnake,2004-12-27,0.9019093203355201
52,Coombs & Melack; 2013,Control,Rattlesnake,2004-12-28,1.30335360904896
52,Coombs & Melack; 2013,Control,Rattlesnake,2004-12-29,1.7047978977623999
52,Coombs & Melack; 2013,Control,Rattlesnake,2004-12-30,1.18655636939385
52,Coombs & Melack; 2013,Control,Rattlesnake,2005-01-02,0.9436796040000001
52,Coombs & Melack; 2013,Control,Rattlesnake,2005-01-02,0.6074077238859
52,Coombs & Melack; 2013,Control,Rattlesnake,2005-01-02,0.91627406906049
52,Coombs & Melack; 2013,Control,Rattlesnake,2005-01-03,0.8172678757830301
52,Coombs & Melack; 2013,Control,Rattlesnake,2005-01-03,0.76258289733822
52,Coombs & Melack; 2013,Site_1,San Onofre,2004-12-27,1.4660336611053
52,Coombs & Melack; 2013,Site_1,San Onofre,2004-12-27,3.0684790874073
52,Coombs & Melack; 2013,Site_1,San Onofre,2004-12-28,7.8300634982115
52,Coombs & Melack; 2013,Site_1,San Onofre,2004-12-28,5.2454077685877
52,Coombs & Melack; 2013,Site_1,San Onofre,2004-12-29,5.270469292354
52,Coombs & Melack; 2013,Site_1,San Onofre,2004-12-30,5.2955308161203005
52,Coombs & Melack; 2013,Site_1,San Onofre,2004-12-31,5.3205923398866
52,Coombs & Melack; 2013,Site_1,San Onofre,2005-01-01,2.0534801059395
52,Coombs & Melack; 2013,Site_1,San Onofre,2005-01-01,1.4345446966914
52,Coombs & Melack; 2013,Site_1,San Onofre,2005-01-02,4.9218905436141
52,Coombs & Melack; 2013,Site_1,San Onofre,2005-01-02,2.5729631538576
52,Coombs & Melack; 2013,Site_1,San Onofre,2005-01-03,5.3964413164220995
52,Coombs & Melack; 2013,Site_2,Gaviota,2004-12-26,0.118695889261488
52,Coombs & Melack; 2013,Site_2,Gaviota,2004-12-27,0.8197897088094
52,Coombs & Melack; 2013,Site_2,Gaviota,2004-12-28,0.96027358848582
52,Coombs & Melack; 2013,Site_2,Gaviota,2004-12-29,1.1007574681622398
52,Coombs & Melack; 2013,Site_2,Gaviota,2004-12-30,1.24124134783866
52,Coombs & Melack; 2013,Site_2,Gaviota,2004-12-30,1.03219594195095
52,Coombs & Melack; 2013,Site_2,Gaviota,2004-12-31,1.39693058715546
52,Coombs & Melack; 2013,Site_2,Gaviota,2005-01-01,0.88817018025855
52,Coombs & Melack; 2013,Site_2,Gaviota,2005-01-01,1.3072406269066201
52,Coombs & Melack; 2013,Site_2,Gaviota,2005-01-02,1.44024791819706
52,Coombs & Melack; 2013,Site_2,Gaviota,2005-01-03,1.5732552094875
52,Coombs & Melack; 2013,Site_2,Gaviota,2005-01-03,1.4819357577801
52,Coombs & Melack; 2013,Site_2,Gaviota,2005-01-03,1.5091182070125
52,Coombs & Melack; 2013,Site_3,Arroyo Hondo,2004-12-27,2.4859938631436997
52,Coombs & Melack; 2013,Site_3,Arroyo Hondo,2004-12-28,1.4493750141444
52,Coombs & Melack; 2013,Site_3,Arroyo Hondo,2004-12-29,2.8788760436625003
52,Coombs & Melack; 2013,Site_3,Arroyo Hondo,2004-12-29,2.8516208490756
52,Coombs & Melack; 2013,Site_3,Arroyo Hondo,2004-12-30,1.7604528129132
52,Coombs & Melack; 2013,Site_3,Arroyo Hondo,2005-01-02,2.136419313819
52,Coombs & Melack; 2013,Site_3,Arroyo Hondo,2005-01-02,1.7270045773533
52,Coombs & Melack; 2013,Site_3,Arroyo Hondo,2005-01-02,2.1367878898149
52,Coombs & Melack; 2013,Site_3,Arroyo Hondo,2005-01-02,1.5626198638722
52,Coombs & Melack; 2013,Site_3,Arroyo Hondo,2005-01-03,1.75955562184185
52,Coombs & Melack; 2013,Site_3,Arroyo Hondo,2005-01-04,1.9564913798115
53,Coombs & Melack; 2013,Control,Rattlesnake,2004-12-27,0.009728455718961
53,Coombs & Melack; 2013,Control,Rattlesnake,2004-12-28,0.8572631767406804
53,Coombs & Melack; 2013,Control,Rattlesnake,2004-12-29,1.7047978977623999
53,Coombs & Melack; 2013,Control,Rattlesnake,2004-12-30,1.4328667071159
53,Coombs & Melack; 2013,Control,Rattlesnake,2004-12-30,1.1048247320178601
53,Coombs & Melack; 2013,Control,Rattlesnake,2004-12-30,1.35999543318765
53,Coombs & Melack; 2013,Control,Rattlesnake,2005-01-01,0.8337616334604899
53,Coombs & Melack; 2013,Control,Rattlesnake,2005-01-02,0.9436796040000001
53,Coombs & Melack; 2013,Control,Rattlesnake,2005-01-03,0.80858695068963
53,Coombs & Melack; 2013,Control,Rattlesnake,2005-01-03,0.85387810124778
53,Coombs & Melack; 2013,Control,Rattlesnake,2005-01-04,0.708989096619615
53,Coombs & Melack; 2013,Control,Rattlesnake,2005-01-05,0.56410009199145
53,Coombs & Melack; 2013,Site_1,San Onofre,2004-12-27,5.9268361409019
53,Coombs & Melack; 2013,Site_1,San Onofre,2004-12-27,5.8632617001672
53,Coombs & Melack; 2013,Site_1,San Onofre,2004-12-28,7.266142843593899
53,Coombs & Melack; 2013,Site_1,San Onofre,2004-12-29,8.376995726460901
53,Coombs & Melack; 2013,Site_1,San Onofre,2004-12-30,5.6837702382867
53,Coombs & Melack; 2013,Site_1,San Onofre,2005-01-01,3.8284528579941
53,Coombs & Melack; 2013,Site_1,San Onofre,2005-01-01,1.05229301102373
53,Coombs & Melack; 2013,Site_1,San Onofre,2005-01-02,4.4118207235578
53,Coombs & Melack; 2013,Site_1,San Onofre,2005-01-03,5.3964413164220995
53,Coombs & Melack; 2013,Site_1,San Onofre,2005-01-03,5.4776879856552
53,Coombs & Melack; 2013,Site_2,Gaviota,2004-12-28,1.32156657820257
53,Coombs & Melack; 2013,Site_2,Gaviota,2004-12-28,1.23037321750917
53,Coombs & Melack; 2013,Site_2,Gaviota,2004-12-28,1.9403758976973
53,Coombs & Melack; 2013,Site_2,Gaviota,2004-12-29,1.486285919824125
53,Coombs & Melack; 2013,Site_2,Gaviota,2004-12-30,1.03219594195095
53,Coombs & Melack; 2013,Site_2,Gaviota,2004-12-30,1.29640159471893
53,Coombs & Melack; 2013,Site_2,Gaviota,2005-01-01,1.4531286660324
53,Coombs & Melack; 2013,Site_2,Gaviota,2005-01-02,1.39945242018183
53,Coombs & Melack; 2013,Site_2,Gaviota,2005-01-02,1.4538512675526
53,Coombs & Melack; 2013,Site_2,Gaviota,2005-01-03,1.5640117226538
53,Coombs & Melack; 2013,Site_2,Gaviota,2005-01-03,0.99003768399627
53,Coombs & Melack; 2013,Site_3,Arroyo Hondo,2004-12-27,2.4859938631436997
53,Coombs & Melack; 2013,Site_3,Arroyo Hondo,2004-12-27,1.17512567634357
53,Coombs & Melack; 2013,Site_3,Arroyo Hondo,2004-12-27,2.4681373459470004
53,Coombs & Melack; 2013,Site_3,Arroyo Hondo,2004-12-28,1.522226889078
53,Coombs & Melack; 2013,Site_3,Arroyo Hondo,2004-12-29,2.8516208490756
53,Coombs & Melack; 2013,Site_3,Arroyo Hondo,2005-01-01,2.4087481786032
53,Coombs & Melack; 2013,Site_3,Arroyo Hondo,2005-01-01,1.6710586821852
53,Coombs & Melack; 2013,Site_3,Arroyo Hondo,2005-01-02,1.5626198638722
53,Coombs & Melack; 2013,Site_3,Arroyo Hondo,2005-01-03,2.2559347990977
53,Coombs & Melack; 2013,Site_3,Arroyo Hondo,2005-01-04,2.1199255558614003
54,Coombs & Melack; 2013,Control,Rattlesnake,2004-12-27,1.2483655259875799
54,Coombs & Melack; 2013,Control,Rattlesnake,2004-12-27,1.10226410170254
54,Coombs & Melack; 2013,Control,Rattlesnake,2004-12-28,0.9668707682472301
54,Coombs & Melack; 2013,Control,Rattlesnake,2004-12-29,0.99497223215733
54,Coombs & Melack; 2013,Control,Rattlesnake,2004-12-30,1.02307369606743
54,Coombs & Melack; 2013,Control,Rattlesnake,2004-12-31,1.39692088772817
54,Coombs & Melack; 2013,Control,Rattlesnake,2005-01-01,0.9064340706000301
54,Coombs & Melack; 2013,Control,Rattlesnake,2005-01-01,0.90676384888677
54,Coombs & Melack; 2013,Control,Rattlesnake,2005-01-02,1.08940275342213
54,Coombs & Melack; 2013,Control,Rattlesnake,2005-01-03,0.80858695068963
54,Coombs & Melack; 2013,Control,Rattlesnake,2005-01-03,0.84487709729493
54,Coombs & Melack; 2013,Site_1,San Onofre,2004-12-27,8.785309585563
54,Coombs & Melack; 2013,Site_1,San Onofre,2004-12-28,5.2454077685877
54,Coombs & Melack; 2013,Site_1,San Onofre,2004-12-29,6.3113089780503
54,Coombs & Melack; 2013,Site_1,San Onofre,2004-12-30,5.70224023897185
54,Coombs & Melack; 2013,Site_1,San Onofre,2004-12-31,5.0931714998933995
54,Coombs & Melack; 2013,Site_1,San Onofre,2004-12-31,5.811855105315001
54,Coombs & Melack; 2013,Site_1,San Onofre,2005-01-01,5.3947487777757
54,Coombs & Melack; 2013,Site_1,San Onofre,2005-01-01,2.0717876443341003
54,Coombs & Melack; 2013,Site_1,San Onofre,2005-01-01,5.0851258832955
54,Coombs & Melack; 2013,Site_1,San Onofre,2005-01-02,4.8126078805896
54,Coombs & Melack; 2013,Site_1,San Onofre,2005-01-03,5.4326247703077
54,Coombs & Melack; 2013,Site_2,Gaviota,2004-12-27,2.6316685162698
54,Coombs & Melack; 2013,Site_2,Gaviota,2004-12-28,1.28507759466849
54,Coombs & Melack; 2013,Site_2,Gaviota,2004-12-28,0.9214098789021
54,Coombs & Melack; 2013,Site_2,Gaviota,2004-12-29,2.214363352362
54,Coombs & Melack; 2013,Site_2,Gaviota,2004-12-30,0.99551297127177
54,Coombs & Melack; 2013,Site_2,Gaviota,2005-01-01,1.1978221733007601
54,Coombs & Melack; 2013,Site_2,Gaviota,2005-01-01,0.88817018025855
54,Coombs & Melack; 2013,Site_2,Gaviota,2005-01-02,1.198644193635525
54,Coombs & Melack; 2013,Site_2,Gaviota,2005-01-03,1.5091182070125
54,Coombs & Melack; 2013,Site_2,Gaviota,2005-01-03,1.4635312265133
54,Coombs & Melack; 2013,Site_2,Gaviota,2005-01-03,1.4819357577801
54,Coombs & Melack; 2013,Site_3,Arroyo Hondo,2004-12-27,1.5030124618656
54,Coombs & Melack; 2013,Site_3,Arroyo Hondo,2004-12-28,1.09456766140554
54,Coombs & Melack; 2013,Site_3,Arroyo Hondo,2004-12-28,2.0496294611793
54,Coombs & Melack; 2013,Site_3,Arroyo Hondo,2004-12-29,2.8516208490756
54,Coombs & Melack; 2013,Site_3,Arroyo Hondo,2004-12-30,1.5417225978609
54,Coombs & Melack; 2013,Site_3,Arroyo Hondo,2005-01-01,1.7623344880806
54,Coombs & Melack; 2013,Site_3,Arroyo Hondo,2005-01-02,2.0361716028129
54,Coombs & Melack; 2013,Site_3,Arroyo Hondo,2005-01-02,1.5626198638722
54,Coombs & Melack; 2013,Site_3,Arroyo Hondo,2005-01-02,1.5717857575287002
54,Coombs & Melack; 2013,Site_3,Arroyo Hondo,2005-01-03,2.2830299539047
55,Coombs & Melack; 2013,Control,Rattlesnake,2004-12-26,1.4113923288927
55,Coombs & Melack; 2013,Control,Rattlesnake,2004-12-27,1.2483655259875799
55,Coombs & Melack; 2013,Control,Rattlesnake,2004-12-28,0.81236485051554
55,Coombs & Melack; 2013,Control,Rattlesnake,2004-12-29,1.8320777194692002
55,Coombs & Melack; 2013,Control,Rattlesnake,2004-12-30,0.94107047682837
55,Coombs & Melack; 2013,Control,Rattlesnake,2005-01-01,0.8156286843369
55,Coombs & Melack; 2013,Control,Rattlesnake,2005-01-01,0.88849025897793
55,Coombs & Melack; 2013,Control,Rattlesnake,2005-01-02,0.9436796040000001
55,Coombs & Melack; 2013,Control,Rattlesnake,2005-01-03,0.76258289733822
55,Coombs & Melack; 2013,Control,Rattlesnake,2005-01-04,0.46302793554863997
55,Coombs & Melack; 2013,Site_1,San Onofre,2004-12-27,6.8370190129059
55,Coombs & Melack; 2013,Site_1,San Onofre,2004-12-27,4.0701899487354
55,Coombs & Melack; 2013,Site_1,San Onofre,2004-12-27,8.1208793380638
55,Coombs & Melack; 2013,Site_1,San Onofre,2004-12-28,7.284135152119
55,Coombs & Melack; 2013,Site_1,San Onofre,2004-12-29,6.447390966174201
55,Coombs & Melack; 2013,Site_1,San Onofre,2004-12-30,5.6106467802294
55,Coombs & Melack; 2013,Site_1,San Onofre,2004-12-30,5.2743215530551
55,Coombs & Melack; 2013,Site_1,San Onofre,2005-01-01,4.0650589885374
55,Coombs & Melack; 2013,Site_1,San Onofre,2005-01-02,4.8402704491617
55,Coombs & Melack; 2013,Site_1,San Onofre,2005-01-02,3.2107686646413
55,Coombs & Melack; 2013,Site_1,San Onofre,2005-01-03,4.121979668654401
55,Coombs & Melack; 2013,Site_1,San Onofre,2005-01-04,5.033190672667501
55,Coombs & Melack; 2013,Site_1,San Onofre,2005-01-04,5.4331485354594005
55,Coombs & Melack; 2013,Site_2,Gaviota,2004-12-27,1.7762336677974
55,Coombs & Melack; 2013,Site_2,Gaviota,2004-12-27,0.71999786752425
55,Coombs & Melack; 2013,Site_2,Gaviota,2004-12-28,1.2580066875192601
55,Coombs & Melack; 2013,Site_2,Gaviota,2004-12-29,2.214363352362
55,Coombs & Melack; 2013,Site_2,Gaviota,2004-12-30,1.03219594195095
55,Coombs & Melack; 2013,Site_2,Gaviota,2005-01-01,0.63342625080798
55,Coombs & Melack; 2013,Site_2,Gaviota,2005-01-01,1.4708396925201
55,Coombs & Melack; 2013,Site_2,Gaviota,2005-01-02,1.4899789497663
55,Coombs & Melack; 2013,Site_2,Gaviota,2005-01-03,1.5091182070125
55,Coombs & Melack; 2013,Site_2,Gaviota,2005-01-03,1.4819357577801
55,Coombs & Melack; 2013,Site_2,Gaviota,2005-01-04,1.3827937733609998
55,Coombs & Melack; 2013,Site_3,Arroyo Hondo,2004-12-27,1.08403900865001
55,Coombs & Melack; 2013,Site_3,Arroyo Hondo,2004-12-28,2.0496294611793
55,Coombs & Melack; 2013,Site_3,Arroyo Hondo,2004-12-29,1.58636874119661
55,Coombs & Melack; 2013,Site_3,Arroyo Hondo,2004-12-30,1.1231080212139202
55,Coombs & Melack; 2013,Site_3,Arroyo Hondo,2004-12-31,2.343888574608
55,Coombs & Melack; 2013,Site_3,Arroyo Hondo,2004-12-31,2.6075413635222
55,Coombs & Melack; 2013,Site_3,Arroyo Hondo,2005-01-01,1.6257335849622
55,Coombs & Melack; 2013,Site_3,Arroyo Hondo,2005-01-01,0.9434565188531701
55,Coombs & Melack; 2013,Site_3,Arroyo Hondo,2005-01-02,2.0179028624076003
55,Coombs & Melack; 2013,Site_3,Arroyo Hondo,2005-01-02,1.7270045773533
55,Coombs & Melack; 2013,Site_3,Arroyo Hondo,2005-01-02,1.7084303078598002
56,Coombs & Melack; 2013,Control,Rattlesnake,2004-12-27,0.009728455718961
56,Coombs & Melack; 2013,Control,Rattlesnake,2004-12-28,0.7576750222870501
56,Coombs & Melack; 2013,Control,Rattlesnake,2004-12-29,1.4592926074629
56,Coombs & Melack; 2013,Control,Rattlesnake,2004-12-29,1.695447718209
56,Coombs & Melack; 2013,Control,Rattlesnake,2004-12-30,1.4875662342114
56,Coombs & Melack; 2013,Control,Rattlesnake,2005-01-01,0.96095416004154
56,Coombs & Melack; 2013,Control,Rattlesnake,2005-01-02,0.97126457715378
56,Coombs & Melack; 2013,Control,Rattlesnake,2005-01-02,0.74326662662952
56,Coombs & Melack; 2013,Control,Rattlesnake,2005-01-02,0.9436796040000001
56,Coombs & Melack; 2013,Control,Rattlesnake,2005-01-03,0.76258289733822
56,Coombs & Melack; 2013,Site_1,San Onofre,2004-12-27,8.2118205153285
56,Coombs & Melack; 2013,Site_1,San Onofre,2004-12-27,7.883977376879101
56,Coombs & Melack; 2013,Site_1,San Onofre,2004-12-28,5.2454077685877
56,Coombs & Melack; 2013,Site_1,San Onofre,2004-12-28,0.9034369691382
56,Coombs & Melack; 2013,Site_1,San Onofre,2004-12-29,3.26186730509325
56,Coombs & Melack; 2013,Site_1,San Onofre,2004-12-30,5.6202976410483
56,Coombs & Melack; 2013,Site_1,San Onofre,2005-01-01,4.811943475353
56,Coombs & Melack; 2013,Site_1,San Onofre,2005-01-01,5.0759890891815
56,Coombs & Melack; 2013,Site_1,San Onofre,2005-01-01,2.2629522836865004
56,Coombs & Melack; 2013,Site_1,San Onofre,2005-01-01,1.05229301102373
56,Coombs & Melack; 2013,Site_1,San Onofre,2005-01-01,4.0286912459535
56,Coombs & Melack; 2013,Site_2,Gaviota,2004-12-27,1.9305892446162
56,Coombs & Melack; 2013,Site_2,Gaviota,2004-12-27,1.7762336677974
56,Coombs & Melack; 2013,Site_2,Gaviota,2004-12-27,1.8397014144117
56,Coombs & Melack; 2013,Site_2,Gaviota,2004-12-28,1.9268719661058
56,Coombs & Melack; 2013,Site_2,Gaviota,2004-12-29,2.0140425177998997
56,Coombs & Melack; 2013,Site_2,Gaviota,2004-12-30,1.03219594195095
56,Coombs & Melack; 2013,Site_2,Gaviota,2005-01-01,1.38925354557297
56,Coombs & Melack; 2013,Site_2,Gaviota,2005-01-01,1.4531286660324
56,Coombs & Melack; 2013,Site_2,Gaviota,2005-01-02,1.4538512675526
56,Coombs & Melack; 2013,Site_2,Gaviota,2005-01-03,1.5732552094875
56,Coombs & Melack; 2013,Site_2,Gaviota,2005-01-03,0.99003768399627
56,Coombs & Melack; 2013,Site_3,Arroyo Hondo,2004-12-28,1.4765962613661001
56,Coombs & Melack; 2013,Site_3,Arroyo Hondo,2004-12-28,0.77599710891213
56,Coombs & Melack; 2013,Site_3,Arroyo Hondo,2004-12-28,1.6679500386402
56,Coombs & Melack; 2013,Site_3,Arroyo Hondo,2004-12-29,2.8788760436625003
56,Coombs & Melack; 2013,Site_3,Arroyo Hondo,2004-12-30,1.7604528129132
56,Coombs & Melack; 2013,Site_3,Arroyo Hondo,2005-01-01,2.399621082936
56,Coombs & Melack; 2013,Site_3,Arroyo Hondo,2005-01-01,0.9434565188531701
56,Coombs & Melack; 2013,Site_3,Arroyo Hondo,2005-01-02,1.7084303078598002
56,Coombs & Melack; 2013,Site_3,Arroyo Hondo,2005-01-02,1.8816074883773999
56,Coombs & Melack; 2013,Site_3,Arroyo Hondo,2005-01-03,2.1554688520281
57,Coombs & Melack; 2013,Control,Rattlesnake,2004-12-27,1.2483655259875799
57,Coombs & Melack; 2013,Control,Rattlesnake,2004-12-28,1.03052280271941
57,Coombs & Melack; 2013,Control,Rattlesnake,2004-12-28,0.7576750222870501
57,Coombs & Melack; 2013,Control,Rattlesnake,2004-12-29,0.9312498771524551
57,Coombs & Melack; 2013,Control,Rattlesnake,2004-12-30,1.1048247320178601
57,Coombs & Melack; 2013,Control,Rattlesnake,2004-12-31,1.19696378007864
57,Coombs & Melack; 2013,Control,Rattlesnake,2005-01-01,0.82516315286874
57,Coombs & Melack; 2013,Control,Rattlesnake,2005-01-01,0.9252653735860501
57,Coombs & Melack; 2013,Control,Rattlesnake,2005-01-02,0.889571737416915
57,Coombs & Melack; 2013,Control,Rattlesnake,2005-01-03,0.85387810124778
57,Coombs & Melack; 2013,Control,Rattlesnake,2005-01-04,0.46302793554863997
57,Coombs & Melack; 2013,Control,Rattlesnake,2005-01-05,0.56410009199145
57,Coombs & Melack; 2013,Site_1,San Onofre,2004-12-27,8.2118205153285
57,Coombs & Melack; 2013,Site_1,San Onofre,2004-12-27,9.9139559401197
57,Coombs & Melack; 2013,Site_1,San Onofre,2004-12-28,6.728837227245
57,Coombs & Melack; 2013,Site_1,San Onofre,2004-12-29,7.485139791145801
57,Coombs & Melack; 2013,Site_1,San Onofre,2004-12-30,5.6202976410483
57,Coombs & Melack; 2013,Site_1,San Onofre,2005-01-01,5.121285088262701
57,Coombs & Melack; 2013,Site_1,San Onofre,2005-01-01,1.4345446966914
57,Coombs & Melack; 2013,Site_1,San Onofre,2005-01-02,2.5729631538576
57,Coombs & Melack; 2013,Site_1,San Onofre,2005-01-02,5.0403681970362
57,Coombs & Melack; 2013,Site_1,San Onofre,2005-01-03,5.3964413164220995
57,Coombs & Melack; 2013,Site_2,Gaviota,2004-12-27,0.5740564825989001
57,Coombs & Melack; 2013,Site_2,Gaviota,2004-12-28,0.8488004875497001
57,Coombs & Melack; 2013,Site_2,Gaviota,2004-12-28,0.9214098789021
57,Coombs & Melack; 2013,Site_2,Gaviota,2004-12-29,2.068882686381
57,Coombs & Melack; 2013,Site_2,Gaviota,2004-12-30,0.72250515147972
57,Coombs & Melack; 2013,Site_2,Gaviota,2005-01-01,0.77958587123655
57,Coombs & Melack; 2013,Site_2,Gaviota,2005-01-02,0.77069641006722
57,Coombs & Melack; 2013,Site_2,Gaviota,2005-01-02,1.4538512675526
57,Coombs & Melack; 2013,Site_2,Gaviota,2005-01-02,0.58860066939807
57,Coombs & Melack; 2013,Site_2,Gaviota,2005-01-03,1.4635312265133
57,Coombs & Melack; 2013,Site_3,Arroyo Hondo,2004-12-27,2.4681373459470004
57,Coombs & Melack; 2013,Site_3,Arroyo Hondo,2004-12-28,0.77599710891213
57,Coombs & Melack; 2013,Site_3,Arroyo Hondo,2004-12-29,2.8788760436625003
57,Coombs & Melack; 2013,Site_3,Arroyo Hondo,2004-12-30,1.6144968782166
57,Coombs & Melack; 2013,Site_3,Arroyo Hondo,2004-12-30,2.0700223617339
57,Coombs & Melack; 2013,Site_3,Arroyo Hondo,2005-01-01,2.399621082936
57,Coombs & Melack; 2013,Site_3,Arroyo Hondo,2005-01-01,2.4087481786032
57,Coombs & Melack; 2013,Site_3,Arroyo Hondo,2005-01-02,1.7270045773533
57,Coombs & Melack; 2013,Site_3,Arroyo Hondo,2005-01-03,2.2831463464719
57,Coombs & Melack; 2013,Site_3,Arroyo Hondo,2005-01-04,1.9564913798115
58,Coombs & Melack; 2013,Control,Rattlesnake,2004-12-27,1.5303501016545
58,Coombs & Melack; 2013,Control,Rattlesnake,2004-12-28,1.46300503646976
58,Coombs & Melack; 2013,Control,Rattlesnake,2004-12-29,1.39565997128502
58,Coombs & Melack; 2013,Control,Rattlesnake,2004-12-29,1.7592112954647001
58,Coombs & Melack; 2013,Control,Rattlesnake,2004-12-30,0.86829134668899
58,Coombs & Melack; 2013,Control,Rattlesnake,2004-12-30,1.18655636939385
58,Coombs & Melack; 2013,Control,Rattlesnake,2005-01-01,0.8156286843369
58,Coombs & Melack; 2013,Control,Rattlesnake,2005-01-01,0.82516315286874
58,Coombs & Melack; 2013,Control,Rattlesnake,2005-01-02,0.97126457715378
58,Coombs & Melack; 2013,Control,Rattlesnake,2005-01-03,0.80858695068963
58,Coombs & Melack; 2013,Control,Rattlesnake,2005-01-04,0.68634352134054
58,Coombs & Melack; 2013,Control,Rattlesnake,2005-01-05,0.56410009199145
58,Coombs & Melack; 2013,Site_1,San Onofre,2004-12-27,6.044887022044501
58,Coombs & Melack; 2013,Site_1,San Onofre,2004-12-27,9.8135966871705
58,Coombs & Melack; 2013,Site_1,San Onofre,2004-12-28,0.9034369691382
58,Coombs & Melack; 2013,Site_1,San Onofre,2004-12-29,1.8052153483959001
58,Coombs & Melack; 2013,Site_1,San Onofre,2004-12-30,2.7069937276536002
58,Coombs & Melack; 2013,Site_1,San Onofre,2004-12-30,5.5657533031085995
58,Coombs & Melack; 2013,Site_1,San Onofre,2005-01-01,2.0534801059395
58,Coombs & Melack; 2013,Site_1,San Onofre,2005-01-02,5.1498205982874
58,Coombs & Melack; 2013,Site_1,San Onofre,2005-01-02,4.8402704491617
58,Coombs & Melack; 2013,Site_1,San Onofre,2005-01-03,5.4326247703077
58,Coombs & Melack; 2013,Site_1,San Onofre,2005-01-04,5.033190672667501
58,Coombs & Melack; 2013,Site_2,Gaviota,2004-12-27,1.5578332307517
58,Coombs & Melack; 2013,Site_2,Gaviota,2004-12-27,1.9218016268031
58,Coombs & Melack; 2013,Site_2,Gaviota,2004-12-27,2.7227794317612
58,Coombs & Melack; 2013,Site_2,Gaviota,2004-12-27,1.885419336549
58,Coombs & Melack; 2013,Site_2,Gaviota,2004-12-28,1.67069334031222
58,Coombs & Melack; 2013,Site_2,Gaviota,2004-12-29,1.45596734407544
58,Coombs & Melack; 2013,Site_2,Gaviota,2004-12-30,1.24124134783866
58,Coombs & Melack; 2013,Site_2,Gaviota,2005-01-01,0.52426967977797
58,Coombs & Melack; 2013,Site_2,Gaviota,2005-01-01,1.38925354557297
58,Coombs & Melack; 2013,Site_2,Gaviota,2005-01-02,1.1986466185974
58,Coombs & Melack; 2013,Site_2,Gaviota,2005-01-03,1.5640117226538
58,Coombs & Melack; 2013,Site_2,Gaviota,2005-01-04,1.5189048586929002
58,Coombs & Melack; 2013,Site_3,Arroyo Hondo,2004-12-27,1.17512567634357
58,Coombs & Melack; 2013,Site_3,Arroyo Hondo,2004-12-27,1.4300247960705
58,Coombs & Melack; 2013,Site_3,Arroyo Hondo,2004-12-28,1.4765962613661001
58,Coombs & Melack; 2013,Site_3,Arroyo Hondo,2004-12-29,1.77330931155
58,Coombs & Melack; 2013,Site_3,Arroyo Hondo,2004-12-30,2.0700223617339
58,Coombs & Melack; 2013,Site_3,Arroyo Hondo,2004-12-31,2.5257272819247003
58,Coombs & Melack; 2013,Site_3,Arroyo Hondo,2005-01-02,2.1634320248247
58,Coombs & Melack; 2013,Site_3,Arroyo Hondo,2005-01-02,2.1367878898149
58,Coombs & Melack; 2013,Site_3,Arroyo Hondo,2005-01-03,1.8002589770487
58,Coombs & Melack; 2013,Site_3,Arroyo Hondo,2005-01-03,2.2830299539047
58,Coombs & Melack; 2013,Site_3,Arroyo Hondo,2005-01-03,2.2831463464719
59,Coombs & Melack; 2013,Control,Rattlesnake,2004-12-28,1.2667700571143101
59,Coombs & Melack; 2013,Control,Rattlesnake,2004-12-29,1.4592926074629
59,Coombs & Melack; 2013,Control,Rattlesnake,2004-12-30,1.25071277058336
59,Coombs & Melack; 2013,Control,Rattlesnake,2004-12-30,1.1048247320178601
59,Coombs & Melack; 2013,Control,Rattlesnake,2004-12-31,1.16982012771498
59,Coombs & Melack; 2013,Control,Rattlesnake,2005-01-01,0.93431487425514
59,Coombs & Melack; 2013,Control,Rattlesnake,2005-01-01,0.94325768192439
59,Coombs & Melack; 2013,Control,Rattlesnake,2005-01-01,0.9252653735860501
59,Coombs & Melack; 2013,Control,Rattlesnake,2005-01-02,1.08940275342213
59,Coombs & Melack; 2013,Control,Rattlesnake,2005-01-02,0.78939677155521
59,Coombs & Melack; 2013,Site_1,San Onofre,2004-12-27,8.2118205153285
59,Coombs & Melack; 2013,Site_1,San Onofre,2004-12-28,7.266142843593899
59,Coombs & Melack; 2013,Site_1,San Onofre,2004-12-29,6.3702859221854995
59,Coombs & Melack; 2013,Site_1,San Onofre,2004-12-30,5.4744290007771
59,Coombs & Melack; 2013,Site_1,San Onofre,2004-12-31,5.811855105315001
59,Coombs & Melack; 2013,Site_1,San Onofre,2004-12-31,5.0931714998933995
59,Coombs & Melack; 2013,Site_1,San Onofre,2005-01-01,1.4345446966914
59,Coombs & Melack; 2013,Site_1,San Onofre,2005-01-01,5.0851258832955
59,Coombs & Melack; 2013,Site_1,San Onofre,2005-01-01,4.0286912459535
59,Coombs & Melack; 2013,Site_1,San Onofre,2005-01-01,2.0717876443341003
59,Coombs & Melack; 2013,Site_1,San Onofre,2005-01-02,3.0589219871119004
59,Coombs & Melack; 2013,Site_1,San Onofre,2005-01-03,4.0460563298897005
59,Coombs & Melack; 2013,Site_1,San Onofre,2005-01-04,5.033190672667501
59,Coombs & Melack; 2013,Site_2,Gaviota,2004-12-27,1.7762336677974
59,Coombs & Melack; 2013,Site_2,Gaviota,2004-12-28,1.3216441730606099
59,Coombs & Melack; 2013,Site_2,Gaviota,2004-12-29,1.9689065570978999
59,Coombs & Melack; 2013,Site_2,Gaviota,2004-12-30,1.4331964851225
59,Coombs & Melack; 2013,Site_2,Gaviota,2004-12-30,1.38757555669782
59,Coombs & Melack; 2013,Site_2,Gaviota,2005-01-01,1.4347095856947
59,Coombs & Melack; 2013,Site_2,Gaviota,2005-01-01,1.4163487016406
59,Coombs & Melack; 2013,Site_2,Gaviota,2005-01-01,1.38925354557297
59,Coombs & Melack; 2013,Site_2,Gaviota,2005-01-02,1.39945242018183
59,Coombs & Melack; 2013,Site_2,Gaviota,2005-01-03,0.99003768399627
59,Coombs & Melack; 2013,Site_3,Arroyo Hondo,2004-12-27,2.3038884233274
59,Coombs & Melack; 2013,Site_3,Arroyo Hondo,2004-12-27,1.08403900865001
59,Coombs & Melack; 2013,Site_3,Arroyo Hondo,2004-12-28,2.1223455452514
59,Coombs & Melack; 2013,Site_3,Arroyo Hondo,2004-12-29,1.83203407155615
59,Coombs & Melack; 2013,Site_3,Arroyo Hondo,2004-12-30,1.5417225978609
59,Coombs & Melack; 2013,Site_3,Arroyo Hondo,2004-12-30,1.8424657308792
59,Coombs & Melack; 2013,Site_3,Arroyo Hondo,2005-01-01,1.25241985746024
59,Coombs & Melack; 2013,Site_3,Arroyo Hondo,2005-01-01,1.7623344880806
59,Coombs & Melack; 2013,Site_3,Arroyo Hondo,2005-01-02,2.1367878898149
59,Coombs & Melack; 2013,Site_3,Arroyo Hondo,2005-01-02,2.136419313819
59,Coombs & Melack; 2013,Site_3,Arroyo Hondo,2005-01-02,1.7084303078598002
60,Coombs & Melack; 2013,Control,Rattlesnake,2004-12-27,1.5484442532090001
60,Coombs & Melack; 2013,Control,Rattlesnake,2004-12-28,0.86702558046216
60,Coombs & Melack; 2013,Control,Rattlesnake,2004-12-28,0.9668707682472301
60,Coombs & Melack; 2013,Control,Rattlesnake,2004-12-28,0.86689463924427
60,Coombs & Melack; 2013,Control,Rattlesnake,2004-12-29,0.9858596856310651
60,Coombs & Melack; 2013,Control,Rattlesnake,2004-12-30,1.1048247320178601
60,Coombs & Melack; 2013,Control,Rattlesnake,2005-01-01,0.8336840386024501
60,Coombs & Melack; 2013,Control,Rattlesnake,2005-01-01,0.93424212904071
60,Coombs & Melack; 2013,Control,Rattlesnake,2005-01-01,0.82516315286874
60,Coombs & Melack; 2013,Control,Rattlesnake,2005-01-02,0.78939677155521
60,Coombs & Melack; 2013,Control,Rattlesnake,2005-01-02,0.9436796040000001
60,Coombs & Melack; 2013,Site_1,San Onofre,2004-12-27,5.9268361409019
60,Coombs & Melack; 2013,Site_1,San Onofre,2004-12-27,7.883977376879101
60,Coombs & Melack; 2013,Site_1,San Onofre,2004-12-27,3.0684790874073
60,Coombs & Melack; 2013,Site_1,San Onofre,2004-12-28,3.591276081337
60,Coombs & Melack; 2013,Site_1,San Onofre,2004-12-29,4.1140730752667
60,Coombs & Melack; 2013,Site_1,San Onofre,2004-12-30,4.6368700691964
60,Coombs & Melack; 2013,Site_1,San Onofre,2004-12-30,5.6202976410483
60,Coombs & Melack; 2013,Site_1,San Onofre,2005-01-01,2.2629522836865004
60,Coombs & Melack; 2013,Site_1,San Onofre,2005-01-01,1.4345446966914
60,Coombs & Melack; 2013,Site_1,San Onofre,2005-01-01,2.0534801059395
60,Coombs & Melack; 2013,Site_1,San Onofre,2005-01-02,2.5729631538576
60,Coombs & Melack; 2013,Site_1,San Onofre,2005-01-02,4.8126078805896
60,Coombs & Melack; 2013,Site_2,Gaviota,2004-12-27,1.7762336677974
60,Coombs & Melack; 2013,Site_2,Gaviota,2004-12-28,1.2580066875192601
60,Coombs & Melack; 2013,Site_2,Gaviota,2004-12-28,1.9403758976973
60,Coombs & Melack; 2013,Site_2,Gaviota,2004-12-29,1.29053590854153
60,Coombs & Melack; 2013,Site_2,Gaviota,2004-12-30,0.64069591938576
60,Coombs & Melack; 2013,Site_2,Gaviota,2004-12-30,1.24124134783866
60,Coombs & Melack; 2013,Site_2,Gaviota,2005-01-01,0.63342625080798
60,Coombs & Melack; 2013,Site_2,Gaviota,2005-01-01,1.4708396925201
60,Coombs & Melack; 2013,Site_2,Gaviota,2005-01-02,1.31716306986873
60,Coombs & Melack; 2013,Site_2,Gaviota,2005-01-03,1.5640117226538
60,Coombs & Melack; 2013,Site_2,Gaviota,2005-01-03,1.5732552094875
60,Coombs & Melack; 2013,Site_3,Arroyo Hondo,2004-12-28,0.77599710891213
60,Coombs & Melack; 2013,Site_3,Arroyo Hondo,2004-12-29,2.7242585835675
60,Coombs & Melack; 2013,Site_3,Arroyo Hondo,2004-12-29,2.7149569004501997
60,Coombs & Melack; 2013,Site_3,Arroyo Hondo,2004-12-29,2.5422743855417997
60,Coombs & Melack; 2013,Site_3,Arroyo Hondo,2004-12-30,1.36881699892623
60,Coombs & Melack; 2013,Site_3,Arroyo Hondo,2005-01-01,2.5180793380638
60,Coombs & Melack; 2013,Site_3,Arroyo Hondo,2005-01-01,1.25241985746024
60,Coombs & Melack; 2013,Site_3,Arroyo Hondo,2005-01-02,1.70394435474417
60,Coombs & Melack; 2013,Site_3,Arroyo Hondo,2005-01-03,2.1554688520281
60,Coombs & Melack; 2013,Site_3,Arroyo Hondo,2005-01-04,2.1925494962847
60,Coombs & Melack; 2013,Site_3,Arroyo Hondo,2005-01-04,2.1199255558614003
61,Coombs & Melack; 2013,Control,Rattlesnake,2004-12-26,1.4113923288927
61,Coombs & Melack; 2013,Control,Rattlesnake,2004-12-27,1.5303501016545
61,Coombs & Melack; 2013,Control,Rattlesnake,2004-12-27,1.2483655259875799
61,Coombs & Melack; 2013,Control,Rattlesnake,2004-12-28,1.54022162272839
61,Coombs & Melack; 2013,Control,Rattlesnake,2004-12-29,1.8320777194692002
61,Coombs & Melack; 2013,Control,Rattlesnake,2004-12-29,1.7592112954647001
61,Coombs & Melack; 2013,Control,Rattlesnake,2005-01-01,0.94325768192439
61,Coombs & Melack; 2013,Control,Rattlesnake,2005-01-01,0.88849025897793
61,Coombs & Melack; 2013,Control,Rattlesnake,2005-01-01,0.93431487425514
61,Coombs & Melack; 2013,Control,Rattlesnake,2005-01-02,0.93490653511773
61,Coombs & Melack; 2013,Control,Rattlesnake,2005-01-02,0.9347513452615801
61,Coombs & Melack; 2013,Site_1,San Onofre,2004-12-27,5.9268361409019
61,Coombs & Melack; 2013,Site_1,San Onofre,2004-12-27,10.3597820649813
61,Coombs & Melack; 2013,Site_1,San Onofre,2004-12-28,9.436638426232498
61,Coombs & Melack; 2013,Site_1,San Onofre,2004-12-29,8.5134947874837
61,Coombs & Melack; 2013,Site_1,San Onofre,2004-12-30,5.0738406801138005
61,Coombs & Melack; 2013,Site_1,San Onofre,2004-12-30,5.6837702382867
61,Coombs & Melack; 2013,Site_1,San Onofre,2005-01-01,3.8284528579941
61,Coombs & Melack; 2013,Site_1,San Onofre,2005-01-01,3.6647858968098
61,Coombs & Melack; 2013,Site_1,San Onofre,2005-01-01,4.63901362764
61,Coombs & Melack; 2013,Site_1,San Onofre,2005-01-01,2.0717876443341003
61,Coombs & Melack; 2013,Site_1,San Onofre,2005-01-02,2.9982622046447
61,Coombs & Melack; 2013,Site_1,San Onofre,2005-01-03,3.9247367649552998
61,Coombs & Melack; 2013,Site_1,San Onofre,2005-01-04,4.8512113252659
61,Coombs & Melack; 2013,Site_2,Gaviota,2004-12-27,1.885419336549
61,Coombs & Melack; 2013,Site_2,Gaviota,2004-12-27,0.045974955265638
61,Coombs & Melack; 2013,Site_2,Gaviota,2004-12-28,0.8488004875497001
61,Coombs & Melack; 2013,Site_2,Gaviota,2004-12-28,1.06657046546337
61,Coombs & Melack; 2013,Site_2,Gaviota,2004-12-29,1.227073011080595
61,Coombs & Melack; 2013,Site_2,Gaviota,2004-12-30,1.38757555669782
61,Coombs & Melack; 2013,Site_2,Gaviota,2005-01-01,1.03368479332461
61,Coombs & Melack; 2013,Site_2,Gaviota,2005-01-01,0.63342625080798
61,Coombs & Melack; 2013,Site_2,Gaviota,2005-01-01,1.4531286660324
61,Coombs & Melack; 2013,Site_2,Gaviota,2005-01-01,1.4708396925201
61,Coombs & Melack; 2013,Site_2,Gaviota,2005-01-02,1.4239651218025275
61,Coombs & Melack; 2013,Site_2,Gaviota,2005-01-03,1.377090551084955
61,Coombs & Melack; 2013,Site_2,Gaviota,2005-01-04,1.3302159803673825
61,Coombs & Melack; 2013,Site_2,Gaviota,2005-01-05,1.2833414096498101
61,Coombs & Melack; 2013,Site_3,Arroyo Hondo,2004-12-27,2.4859938631436997
61,Coombs & Melack; 2013,Site_3,Arroyo Hondo,2004-12-28,1.2766052057910902
61,Coombs & Melack; 2013,Site_3,Arroyo Hondo,2004-12-29,1.1998566135025053
61,Coombs & Melack; 2013,Site_3,Arroyo Hondo,2004-12-30,1.1231080212139202
61,Coombs & Melack; 2013,Site_3,Arroyo Hondo,2004-12-31,2.1711284651217
61,Coombs & Melack; 2013,Site_3,Arroyo Hondo,2004-12-31,1.9529462641395
61,Coombs & Melack; 2013,Site_3,Arroyo Hondo,2005-01-01,1.6710586821852
61,Coombs & Melack; 2013,Site_3,Arroyo Hondo,2005-01-01,1.6257335849622
61,Coombs & Melack; 2013,Site_3,Arroyo Hondo,2005-01-02,1.8174268400904
61,Coombs & Melack; 2013,Site_3,Arroyo Hondo,2005-01-02,2.0361716028129
61,Coombs & Melack; 2013,Site_3,Arroyo Hondo,2005-01-03,2.2014147100764
62,Coombs & Melack; 2013,Control,Rattlesnake,2004-12-28,1.03052280271941
62,Coombs & Melack; 2013,Control,Rattlesnake,2004-12-29,1.39565997128502
62,Coombs & Melack; 2013,Control,Rattlesnake,2004-12-30,1.18655636939385
62,Coombs & Melack; 2013,Control,Rattlesnake,2004-12-30,1.02307369606743
62,Coombs & Melack; 2013,Control,Rattlesnake,2004-12-30,1.4328667071159
62,Coombs & Melack; 2013,Control,Rattlesnake,2005-01-01,0.94325768192439
62,Coombs & Melack; 2013,Control,Rattlesnake,2005-01-01,0.93431487425514
62,Coombs & Melack; 2013,Control,Rattlesnake,2005-01-02,0.85303910674017
62,Coombs & Melack; 2013,Control,Rattlesnake,2005-01-02,0.74326662662952
62,Coombs & Melack; 2013,Control,Rattlesnake,2005-01-02,0.91627406906049
62,Coombs & Melack; 2013,Site_1,San Onofre,2004-12-27,3.2141779880511
62,Coombs & Melack; 2013,Site_1,San Onofre,2004-12-27,6.044887022044501
62,Coombs & Melack; 2013,Site_1,San Onofre,2004-12-27,7.6746070426284
62,Coombs & Melack; 2013,Site_1,San Onofre,2004-12-27,5.9268361409019
62,Coombs & Melack; 2013,Site_1,San Onofre,2004-12-28,8.467020315060301
62,Coombs & Melack; 2013,Site_1,San Onofre,2005-01-01,3.6647858968098
62,Coombs & Melack; 2013,Site_1,San Onofre,2005-01-01,1.6803555174798
62,Coombs & Melack; 2013,Site_1,San Onofre,2005-01-02,2.5729631538576
62,Coombs & Melack; 2013,Site_1,San Onofre,2005-01-03,3.8620732563924003
62,Coombs & Melack; 2013,Site_1,San Onofre,2005-01-04,5.1511833589272005
62,Coombs & Melack; 2013,Site_1,San Onofre,2005-01-05,4.478435911706399
62,Coombs & Melack; 2013,Site_2,Gaviota,2004-12-27,2.8137739560861
62,Coombs & Melack; 2013,Site_2,Gaviota,2004-12-27,0.045974955265638
62,Coombs & Melack; 2013,Site_2,Gaviota,2004-12-28,1.0074407561817689
62,Coombs & Melack; 2013,Site_2,Gaviota,2004-12-29,1.9689065570978999
62,Coombs & Melack; 2013,Site_2,Gaviota,2004-12-30,0.99551297127177
62,Coombs & Melack; 2013,Site_2,Gaviota,2004-12-31,1.4244961617348
62,Coombs & Melack; 2013,Site_2,Gaviota,2005-01-01,1.4531286660324
62,Coombs & Melack; 2013,Site_2,Gaviota,2005-01-01,1.1978221733007601
62,Coombs & Melack; 2013,Site_2,Gaviota,2005-01-02,1.1986466185974
62,Coombs & Melack; 2013,Site_2,Gaviota,2005-01-02,0.80762186460774
62,Coombs & Melack; 2013,Site_2,Gaviota,2005-01-03,1.5640117226538
62,Coombs & Melack; 2013,Site_3,Arroyo Hondo,2004-12-27,0.86545428458685
62,Coombs & Melack; 2013,Site_3,Arroyo Hondo,2004-12-27,2.2861288990029003
62,Coombs & Melack; 2013,Site_3,Arroyo Hondo,2004-12-28,1.2766052057910902
62,Coombs & Melack; 2013,Site_3,Arroyo Hondo,2004-12-29,2.8516208490756
62,Coombs & Melack; 2013,Site_3,Arroyo Hondo,2004-12-29,2.8788760436625003
62,Coombs & Melack; 2013,Site_3,Arroyo Hondo,2005-01-01,2.4543060609606
62,Coombs & Melack; 2013,Site_3,Arroyo Hondo,2005-01-02,1.9996632201440998
62,Coombs & Melack; 2013,Site_3,Arroyo Hondo,2005-01-02,1.5626198638722
62,Coombs & Melack; 2013,Site_3,Arroyo Hondo,2005-01-03,1.8002589770487
62,Coombs & Melack; 2013,Site_3,Arroyo Hondo,2005-01-04,2.0291250200823003
63,Coombs & Melack; 2013,Control,Rattlesnake,2004-12-27,0.9019093203355201
63,Coombs & Melack; 2013,Control,Rattlesnake,2004-12-27,1.5484442532090001
63,Coombs & Melack; 2013,Control,Rattlesnake,2004-12-27,1.5303501016545
63,Coombs & Melack; 2013,Control,Rattlesnake,2004-12-28,1.33392356004579
63,Coombs & Melack; 2013,Control,Rattlesnake,2004-12-29,1.13749701843708
63,Coombs & Melack; 2013,Control,Rattlesnake,2004-12-30,0.94107047682837
63,Coombs & Melack; 2013,Control,Rattlesnake,2004-12-31,1.0153772557704301
63,Coombs & Melack; 2013,Control,Rattlesnake,2005-01-01,0.9064340706000301
63,Coombs & Melack; 2013,Control,Rattlesnake,2005-01-01,0.9252653735860501
63,Coombs & Melack; 2013,Control,Rattlesnake,2005-01-01,0.96095416004154
63,Coombs & Melack; 2013,Control,Rattlesnake,2005-01-02,0.74326662662952
63,Coombs & Melack; 2013,Control,Rattlesnake,2005-01-02,0.8346685233988501
63,Coombs & Melack; 2013,Site_1,San Onofre,2004-12-27,7.5748491494087995
63,Coombs & Melack; 2013,Site_1,San Onofre,2004-12-28,7.266142843593899
63,Coombs & Melack; 2013,Site_1,San Onofre,2004-12-29,8.5134947874837
63,Coombs & Melack; 2013,Site_1,San Onofre,2004-12-30,3.5991115462448997
63,Coombs & Melack; 2013,Site_1,San Onofre,2004-12-31,5.811855105315001
63,Coombs & Melack; 2013,Site_1,San Onofre,2005-01-01,3.6647858968098
63,Coombs & Melack; 2013,Site_1,San Onofre,2005-01-02,5.0403681970362
63,Coombs & Melack; 2013,Site_1,San Onofre,2005-01-02,4.3300696874673
63,Coombs & Melack; 2013,Site_1,San Onofre,2005-01-02,4.9218905436141
63,Coombs & Melack; 2013,Site_1,San Onofre,2005-01-02,3.292408157388
63,Coombs & Melack; 2013,Site_2,Gaviota,2004-12-27,0.8197897088094
63,Coombs & Melack; 2013,Site_2,Gaviota,2004-12-28,1.2580066875192601
63,Coombs & Melack; 2013,Site_2,Gaviota,2004-12-29,2.2326272421432
63,Coombs & Melack; 2013,Site_2,Gaviota,2004-12-29,2.214363352362
63,Coombs & Melack; 2013,Site_2,Gaviota,2004-12-30,1.29640159471893
63,Coombs & Melack; 2013,Site_2,Gaviota,2005-01-01,1.4531286660324
63,Coombs & Melack; 2013,Site_2,Gaviota,2005-01-01,1.4439579231525
63,Coombs & Melack; 2013,Site_2,Gaviota,2005-01-01,1.03368479332461
63,Coombs & Melack; 2013,Site_2,Gaviota,2005-01-02,0.67046809763556
63,Coombs & Melack; 2013,Site_2,Gaviota,2005-01-03,1.4819357577801
63,Coombs & Melack; 2013,Site_3,Arroyo Hondo,2004-12-27,1.4300247960705
63,Coombs & Melack; 2013,Site_3,Arroyo Hondo,2004-12-28,1.4493750141444
63,Coombs & Melack; 2013,Site_3,Arroyo Hondo,2004-12-29,1.8508871987088003
63,Coombs & Melack; 2013,Site_3,Arroyo Hondo,2004-12-30,2.2523993832732003
63,Coombs & Melack; 2013,Site_3,Arroyo Hondo,2004-12-30,1.8424657308792
63,Coombs & Melack; 2013,Site_3,Arroyo Hondo,2004-12-31,2.343888574608
63,Coombs & Melack; 2013,Site_3,Arroyo Hondo,2005-01-01,1.6710586821852
63,Coombs & Melack; 2013,Site_3,Arroyo Hondo,2005-01-02,1.96349674064145
63,Coombs & Melack; 2013,Site_3,Arroyo Hondo,2005-01-03,2.2559347990977
63,Coombs & Melack; 2013,Site_3,Arroyo Hondo,2005-01-04,2.0291250200823003
63,Coombs & Melack; 2013,Site_3,Arroyo Hondo,2005-01-04,1.9564913798115
63,Coombs & Melack; 2013,Site_3,Arroyo Hondo,2005-01-05,1.7566555138125002
64,Coombs & Melack; 2013,Control,Rattlesnake,2004-12-27,1.01108044043643
64,Coombs & Melack; 2013,Control,Rattlesnake,2004-12-28,0.93966891959997
64,Coombs & Melack; 2013,Control,Rattlesnake,2004-12-29,1.8320777194692002
64,Coombs & Melack; 2013,Control,Rattlesnake,2004-12-29,1.5229300923039
64,Coombs & Melack; 2013,Control,Rattlesnake,2004-12-30,1.0502803943583001
64,Coombs & Melack; 2013,Control,Rattlesnake,2005-01-01,0.9064340706000301
64,Coombs & Melack; 2013,Control,Rattlesnake,2005-01-01,0.90676384888677
64,Coombs & Melack; 2013,Control,Rattlesnake,2005-01-01,0.88849025897793
64,Coombs & Melack; 2013,Control,Rattlesnake,2005-01-02,0.74326662662952
64,Coombs & Melack; 2013,Control,Rattlesnake,2005-01-03,0.80858695068963
64,Coombs & Melack; 2013,Site_1,San Onofre,2004-12-27,10.3597820649813
64,Coombs & Melack; 2013,Site_1,San Onofre,2004-12-27,9.8135966871705
64,Coombs & Melack; 2013,Site_1,San Onofre,2004-12-28,3.3520737556782003
64,Coombs & Melack; 2013,Site_1,San Onofre,2004-12-29,7.485139791145801
64,Coombs & Melack; 2013,Site_1,San Onofre,2004-12-30,5.4744290007771
64,Coombs & Melack; 2013,Site_1,San Onofre,2005-01-01,3.8284528579941
64,Coombs & Melack; 2013,Site_1,San Onofre,2005-01-02,4.3633514171492
64,Coombs & Melack; 2013,Site_1,San Onofre,2005-01-03,4.8982499763043
64,Coombs & Melack; 2013,Site_1,San Onofre,2005-01-04,5.4331485354594005
64,Coombs & Melack; 2013,Site_1,San Onofre,2005-01-04,5.196746091908699
64,Coombs & Melack; 2013,Site_1,San Onofre,2005-01-04,5.033190672667501
64,Coombs & Melack; 2013,Site_1,San Onofre,2005-01-05,4.478435911706399
64,Coombs & Melack; 2013,Site_2,Gaviota,2004-12-27,1.6489005004311
64,Coombs & Melack; 2013,Site_2,Gaviota,2004-12-27,1.6307627016639
64,Coombs & Melack; 2013,Site_2,Gaviota,2004-12-27,1.5578332307517
64,Coombs & Melack; 2013,Site_2,Gaviota,2004-12-27,1.9218016268031
64,Coombs & Melack; 2013,Site_2,Gaviota,2004-12-28,1.23037321750917
64,Coombs & Melack; 2013,Site_2,Gaviota,2005-01-01,1.14375795372027
64,Coombs & Melack; 2013,Site_2,Gaviota,2005-01-02,1.39945242018183
64,Coombs & Melack; 2013,Site_2,Gaviota,2005-01-02,0.67046809763556
64,Coombs & Melack; 2013,Site_2,Gaviota,2005-01-03,1.5091182070125
64,Coombs & Melack; 2013,Site_2,Gaviota,2005-01-04,1.5189048586929002
64,Coombs & Melack; 2013,Site_3,Arroyo Hondo,2004-12-27,1.08403900865001
64,Coombs & Melack; 2013,Site_3,Arroyo Hondo,2004-12-27,2.1948433946606998
64,Coombs & Melack; 2013,Site_3,Arroyo Hondo,2004-12-28,0.77599710891213
64,Coombs & Melack; 2013,Site_3,Arroyo Hondo,2004-12-28,1.6679500386402
64,Coombs & Melack; 2013,Site_3,Arroyo Hondo,2004-12-29,1.9538757864017
64,Coombs & Melack; 2013,Site_3,Arroyo Hondo,2004-12-30,2.2398015341632003
64,Coombs & Melack; 2013,Site_3,Arroyo Hondo,2004-12-31,2.5257272819247003
64,Coombs & Melack; 2013,Site_3,Arroyo Hondo,2005-01-01,2.4087481786032
64,Coombs & Melack; 2013,Site_3,Arroyo Hondo,2005-01-01,1.4895449036517001
64,Coombs & Melack; 2013,Site_3,Arroyo Hondo,2005-01-01,1.7716895182581
64,Coombs & Melack; 2013,Site_3,Arroyo Hondo,2005-01-02,1.8816074883773999
64,Coombs & Melack; 2013,Site_3,Arroyo Hondo,2005-01-03,1.9553662542298502
64,Coombs & Melack; 2013,Site_3,Arroyo Hondo,2005-01-04,2.0291250200823003
65,Coombs & Melack; 2013,Control,Rattlesnake,2004-12-27,1.10226410170254
65,Coombs & Melack; 2013,Control,Rattlesnake,2004-12-27,1.2483655259875799
65,Coombs & Melack; 2013,Control,Rattlesnake,2004-12-28,0.81236485051554
65,Coombs & Melack; 2013,Control,Rattlesnake,2004-12-29,1.7592112954647001
65,Coombs & Melack; 2013,Control,Rattlesnake,2004-12-30,1.02307369606743
65,Coombs & Melack; 2013,Control,Rattlesnake,2005-01-01,0.9252653735860501
65,Coombs & Melack; 2013,Control,Rattlesnake,2005-01-02,1.08940275342213
65,Coombs & Melack; 2013,Control,Rattlesnake,2005-01-02,0.74326662662952
65,Coombs & Melack; 2013,Control,Rattlesnake,2005-01-03,0.8355754133372101
65,Coombs & Melack; 2013,Control,Rattlesnake,2005-01-03,0.8172678757830301
65,Coombs & Melack; 2013,Site_1,San Onofre,2004-12-27,9.9139559401197
65,Coombs & Melack; 2013,Site_1,San Onofre,2004-12-27,5.9268361409019
65,Coombs & Melack; 2013,Site_1,San Onofre,2004-12-27,6.6184633867044
65,Coombs & Melack; 2013,Site_1,San Onofre,2004-12-28,7.56597908709405
65,Coombs & Melack; 2013,Site_1,San Onofre,2004-12-29,8.5134947874837
65,Coombs & Melack; 2013,Site_1,San Onofre,2004-12-29,7.8036181995702005
65,Coombs & Melack; 2013,Site_1,San Onofre,2005-01-01,4.2200353247808
65,Coombs & Melack; 2013,Site_1,San Onofre,2005-01-02,3.292408157388
65,Coombs & Melack; 2013,Site_1,San Onofre,2005-01-02,2.5729631538576
65,Coombs & Melack; 2013,Site_1,San Onofre,2005-01-03,5.5513206597933005
65,Coombs & Melack; 2013,Site_1,San Onofre,2005-01-04,5.033190672667501
65,Coombs & Melack; 2013,Site_2,Gaviota,2004-12-27,1.6489005004311
65,Coombs & Melack; 2013,Site_2,Gaviota,2004-12-28,1.6490265914451
65,Coombs & Melack; 2013,Site_2,Gaviota,2004-12-28,1.03053735179031
65,Coombs & Melack; 2013,Site_2,Gaviota,2004-12-29,1.16346947325462
65,Coombs & Melack; 2013,Site_2,Gaviota,2004-12-30,1.29640159471893
65,Coombs & Melack; 2013,Site_2,Gaviota,2004-12-30,0.99551297127177
65,Coombs & Melack; 2013,Site_2,Gaviota,2005-01-01,1.1978221733007601
65,Coombs & Melack; 2013,Site_2,Gaviota,2005-01-02,0.80762186460774
65,Coombs & Melack; 2013,Site_2,Gaviota,2005-01-02,1.2535207345437
65,Coombs & Melack; 2013,Site_2,Gaviota,2005-01-03,1.5732552094875
65,Coombs & Melack; 2013,Site_2,Gaviota,2005-01-04,1.33753172080458
65,Coombs & Melack; 2013,Site_3,Arroyo Hondo,2004-12-27,1.08403900865001
65,Coombs & Melack; 2013,Site_3,Arroyo Hondo,2004-12-28,1.6767716038185
65,Coombs & Melack; 2013,Site_3,Arroyo Hondo,2004-12-28,1.6679500386402
65,Coombs & Melack; 2013,Site_3,Arroyo Hondo,2004-12-29,1.290860836694415
65,Coombs & Melack; 2013,Site_3,Arroyo Hondo,2004-12-30,0.91377163474863
65,Coombs & Melack; 2013,Site_3,Arroyo Hondo,2004-12-31,2.0529417917168997
65,Coombs & Melack; 2013,Site_3,Arroyo Hondo,2005-01-01,0.9434565188531701
65,Coombs & Melack; 2013,Site_3,Arroyo Hondo,2005-01-02,2.0361716028129
65,Coombs & Melack; 2013,Site_3,Arroyo Hondo,2005-01-03,2.0188388507679003
65,Coombs & Melack; 2013,Site_3,Arroyo Hondo,2005-01-03,1.6545358274865
65,Coombs & Melack; 2013,Site_3,Arroyo Hondo,2005-01-04,1.9564913798115
66,Coombs & Melack; 2013,Control,Rattlesnake,2004-12-26,1.4113923288927
66,Coombs & Melack; 2013,Control,Rattlesnake,2004-12-27,1.2483655259875799
66,Coombs & Melack; 2013,Control,Rattlesnake,2004-12-28,1.03052280271941
66,Coombs & Melack; 2013,Control,Rattlesnake,2004-12-29,1.2316947549176551
66,Coombs & Melack; 2013,Control,Rattlesnake,2004-12-30,1.4328667071159
66,Coombs & Melack; 2013,Control,Rattlesnake,2004-12-31,1.16982012771498
66,Coombs & Melack; 2013,Control,Rattlesnake,2005-01-01,0.82516315286874
66,Coombs & Melack; 2013,Control,Rattlesnake,2005-01-01,0.90676384888677
66,Coombs & Melack; 2013,Control,Rattlesnake,2005-01-02,0.91627406906049
66,Coombs & Melack; 2013,Control,Rattlesnake,2005-01-02,0.85303910674017
66,Coombs & Melack; 2013,Control,Rattlesnake,2005-01-02,0.8346685233988501
66,Coombs & Melack; 2013,Site_1,San Onofre,2004-12-27,8.785421128906801
66,Coombs & Melack; 2013,Site_1,San Onofre,2004-12-27,8.5122581192586
66,Coombs & Melack; 2013,Site_1,San Onofre,2004-12-27,5.8632617001672
66,Coombs & Melack; 2013,Site_1,San Onofre,2004-12-28,7.18837824382545
66,Coombs & Melack; 2013,Site_1,San Onofre,2004-12-29,8.5134947874837
66,Coombs & Melack; 2013,Site_1,San Onofre,2004-12-30,3.9724980179808003
66,Coombs & Melack; 2013,Site_1,San Onofre,2005-01-01,5.121285088262701
66,Coombs & Melack; 2013,Site_1,San Onofre,2005-01-01,3.8284528579941
66,Coombs & Melack; 2013,Site_1,San Onofre,2005-01-02,3.7018568412189
66,Coombs & Melack; 2013,Site_1,San Onofre,2005-01-03,4.3675237569432
66,Coombs & Melack; 2013,Site_1,San Onofre,2005-01-04,5.033190672667501
66,Coombs & Melack; 2013,Site_1,San Onofre,2005-01-04,4.8512113252659
66,Coombs & Melack; 2013,Site_2,Gaviota,2004-12-26,1.21111999258761
66,Coombs & Melack; 2013,Site_2,Gaviota,2004-12-27,1.7762336677974
66,Coombs & Melack; 2013,Site_2,Gaviota,2004-12-28,1.87257011244765
66,Coombs & Melack; 2013,Site_2,Gaviota,2004-12-29,1.9689065570978999
66,Coombs & Melack; 2013,Site_2,Gaviota,2004-12-30,1.38757555669782
66,Coombs & Melack; 2013,Site_2,Gaviota,2004-12-31,1.4243506710258
66,Coombs & Melack; 2013,Site_2,Gaviota,2005-01-01,0.77958587123655
66,Coombs & Melack; 2013,Site_2,Gaviota,2005-01-01,1.4163487016406
66,Coombs & Melack; 2013,Site_2,Gaviota,2005-01-02,1.39945242018183
66,Coombs & Melack; 2013,Site_2,Gaviota,2005-01-02,1.31716306986873
66,Coombs & Melack; 2013,Site_2,Gaviota,2005-01-03,1.327347395336655
66,Coombs & Melack; 2013,Site_2,Gaviota,2005-01-04,1.33753172080458
66,Coombs & Melack; 2013,Site_3,Arroyo Hondo,2004-12-28,1.522226889078
66,Coombs & Melack; 2013,Site_3,Arroyo Hondo,2004-12-29,2.2512063622608
66,Coombs & Melack; 2013,Site_3,Arroyo Hondo,2004-12-30,1.6144968782166
66,Coombs & Melack; 2013,Site_3,Arroyo Hondo,2004-12-30,2.0700223617339
66,Coombs & Melack; 2013,Site_3,Arroyo Hondo,2004-12-31,1.9529462641395
66,Coombs & Melack; 2013,Site_3,Arroyo Hondo,2005-01-01,0.9434565188531701
66,Coombs & Melack; 2013,Site_3,Arroyo Hondo,2005-01-02,2.1634320248247
66,Coombs & Melack; 2013,Site_3,Arroyo Hondo,2005-01-03,2.2014147100764
66,Coombs & Melack; 2013,Site_3,Arroyo Hondo,2005-01-03,2.2559347990977
66,Coombs & Melack; 2013,Site_3,Arroyo Hondo,2005-01-04,1.9564913798115
67,Coombs & Melack; 2013,Control,Rattlesnake,2004-12-27,1.10226410170254
67,Coombs & Melack; 2013,Control,Rattlesnake,2004-12-27,1.2483655259875799
67,Coombs & Melack; 2013,Control,Rattlesnake,2004-12-28,0.9668707682472301
67,Coombs & Melack; 2013,Control,Rattlesnake,2004-12-28,0.81236485051554
67,Coombs & Melack; 2013,Control,Rattlesnake,2004-12-29,0.93151660958202
67,Coombs & Melack; 2013,Control,Rattlesnake,2004-12-30,1.0506683686485
67,Coombs & Melack; 2013,Control,Rattlesnake,2004-12-31,1.16982012771498
67,Coombs & Melack; 2013,Control,Rattlesnake,2005-01-01,0.82516315286874
67,Coombs & Melack; 2013,Control,Rattlesnake,2005-01-02,0.9436796040000001
67,Coombs & Melack; 2013,Control,Rattlesnake,2005-01-02,0.74326662662952
67,Coombs & Melack; 2013,Control,Rattlesnake,2005-01-03,0.76319880655893
67,Coombs & Melack; 2013,Control,Rattlesnake,2005-01-03,0.8172678757830301
67,Coombs & Melack; 2013,Site_1,San Onofre,2004-12-27,5.8632617001672
67,Coombs & Melack; 2013,Site_1,San Onofre,2004-12-27,6.8370190129059
67,Coombs & Melack; 2013,Site_1,San Onofre,2004-12-27,7.883977376879101
67,Coombs & Melack; 2013,Site_1,San Onofre,2004-12-28,6.728837227245
67,Coombs & Melack; 2013,Site_1,San Onofre,2004-12-29,6.0015793901500505
67,Coombs & Melack; 2013,Site_1,San Onofre,2004-12-30,5.2743215530551
67,Coombs & Melack; 2013,Site_1,San Onofre,2005-01-01,4.63901362764
67,Coombs & Melack; 2013,Site_1,San Onofre,2005-01-01,2.0534801059395
67,Coombs & Melack; 2013,Site_1,San Onofre,2005-01-02,3.76597444469925
67,Coombs & Melack; 2013,Site_1,San Onofre,2005-01-03,5.478468783458999
67,Coombs & Melack; 2013,Site_1,San Onofre,2005-01-04,5.4331485354594005
67,Coombs & Melack; 2013,Site_1,San Onofre,2005-01-04,5.1511833589272005
67,Coombs & Melack; 2013,Site_2,Gaviota,2004-12-27,0.75619102069707
67,Coombs & Melack; 2013,Site_2,Gaviota,2004-12-27,1.8216024122331
67,Coombs & Melack; 2013,Site_2,Gaviota,2004-12-28,1.23037321750917
67,Coombs & Melack; 2013,Site_2,Gaviota,2004-12-29,1.5506072099469
67,Coombs & Melack; 2013,Site_2,Gaviota,2004-12-30,1.38757555669782
67,Coombs & Melack; 2013,Site_2,Gaviota,2005-01-01,1.1978221733007601
67,Coombs & Melack; 2013,Site_2,Gaviota,2005-01-01,1.14375795372027
67,Coombs & Melack; 2013,Site_2,Gaviota,2005-01-02,1.1986466185974
67,Coombs & Melack; 2013,Site_2,Gaviota,2005-01-03,1.5640117226538
67,Coombs & Melack; 2013,Site_2,Gaviota,2005-01-04,1.3827937733609998
67,Coombs & Melack; 2013,Site_3,Arroyo Hondo,2004-12-27,2.3860468320023998
67,Coombs & Melack; 2013,Site_3,Arroyo Hondo,2004-12-28,1.6497055471533
67,Coombs & Melack; 2013,Site_3,Arroyo Hondo,2004-12-28,1.703769767154
67,Coombs & Melack; 2013,Site_3,Arroyo Hondo,2004-12-29,2.8788760436625003
67,Coombs & Melack; 2013,Site_3,Arroyo Hondo,2004-12-30,2.61138230913525
67,Coombs & Melack; 2013,Site_3,Arroyo Hondo,2004-12-31,2.343888574608
67,Coombs & Melack; 2013,Site_3,Arroyo Hondo,2005-01-01,1.7623344880806
67,Coombs & Melack; 2013,Site_3,Arroyo Hondo,2005-01-01,1.6257335849622
67,Coombs & Melack; 2013,Site_3,Arroyo Hondo,2005-01-02,1.8816074883773999
67,Coombs & Melack; 2013,Site_3,Arroyo Hondo,2005-01-03,2.03707849233105
67,Coombs & Melack; 2013,Site_3,Arroyo Hondo,2005-01-04,2.1925494962847
67,Coombs & Melack; 2013,Site_3,Arroyo Hondo,2005-01-05,1.7566555138125002
68,Coombs & Melack; 2013,Control,Rattlesnake,2004-12-27,1.10226410170254
68,Coombs & Melack; 2013,Control,Rattlesnake,2004-12-28,1.43073769858362
68,Coombs & Melack; 2013,Control,Rattlesnake,2004-12-29,1.7592112954647001
68,Coombs & Melack; 2013,Control,Rattlesnake,2004-12-29,1.4592926074629
68,Coombs & Melack; 2013,Control,Rattlesnake,2004-12-29,1.39565997128502
68,Coombs & Melack; 2013,Control,Rattlesnake,2004-12-29,1.8320777194692002
68,Coombs & Melack; 2013,Control,Rattlesnake,2005-01-01,0.8336840386024501
68,Coombs & Melack; 2013,Control,Rattlesnake,2005-01-01,0.88849025897793
68,Coombs & Melack; 2013,Control,Rattlesnake,2005-01-02,0.9436796040000001
68,Coombs & Melack; 2013,Control,Rattlesnake,2005-01-02,0.91627406906049
68,Coombs & Melack; 2013,Control,Rattlesnake,2005-01-02,0.9347513452615801
68,Coombs & Melack; 2013,Site_1,San Onofre,2004-12-27,6.9920050489968
68,Coombs & Melack; 2013,Site_1,San Onofre,2004-12-27,10.3597820649813
68,Coombs & Melack; 2013,Site_1,San Onofre,2004-12-27,9.9139559401197
68,Coombs & Melack; 2013,Site_1,San Onofre,2004-12-28,8.85878706984495
68,Coombs & Melack; 2013,Site_1,San Onofre,2004-12-29,7.8036181995702005
68,Coombs & Melack; 2013,Site_1,San Onofre,2004-12-30,5.2743215530551
68,Coombs & Melack; 2013,Site_1,San Onofre,2005-01-01,2.0717876443341003
68,Coombs & Melack; 2013,Site_1,San Onofre,2005-01-01,1.4345446966914
68,Coombs & Melack; 2013,Site_1,San Onofre,2005-01-01,1.6803555174798
68,Coombs & Melack; 2013,Site_1,San Onofre,2005-01-02,4.8402704491617
68,Coombs & Melack; 2013,Site_1,San Onofre,2005-01-03,4.8457408872138
68,Coombs & Melack; 2013,Site_1,San Onofre,2005-01-04,4.8512113252659
68,Coombs & Melack; 2013,Site_2,Gaviota,2004-12-27,1.5847295505909
68,Coombs & Melack; 2013,Site_2,Gaviota,2004-12-28,0.86688978946059
68,Coombs & Melack; 2013,Site_2,Gaviota,2004-12-29,2.0140425177998997
68,Coombs & Melack; 2013,Site_2,Gaviota,2004-12-29,1.8780235761167998
68,Coombs & Melack; 2013,Site_2,Gaviota,2004-12-30,1.6512598689257998
68,Coombs & Melack; 2013,Site_2,Gaviota,2004-12-31,1.4244961617348
68,Coombs & Melack; 2013,Site_2,Gaviota,2005-01-01,1.3072406269066201
68,Coombs & Melack; 2013,Site_2,Gaviota,2005-01-01,1.4163487016406
68,Coombs & Melack; 2013,Site_2,Gaviota,2005-01-01,1.416416596371
68,Coombs & Melack; 2013,Site_2,Gaviota,2005-01-02,0.58860066939807
68,Coombs & Melack; 2013,Site_2,Gaviota,2005-01-02,0.80762186460774
68,Coombs & Melack; 2013,Site_3,Arroyo Hondo,2004-12-27,2.3860468320023998
68,Coombs & Melack; 2013,Site_3,Arroyo Hondo,2004-12-28,2.5505018662262997
68,Coombs & Melack; 2013,Site_3,Arroyo Hondo,2004-12-29,2.7149569004501997
68,Coombs & Melack; 2013,Site_3,Arroyo Hondo,2004-12-29,1.8873834569184
68,Coombs & Melack; 2013,Site_3,Arroyo Hondo,2004-12-30,2.2474624102203
68,Coombs & Melack; 2013,Site_3,Arroyo Hondo,2004-12-31,2.6075413635222
68,Coombs & Melack; 2013,Site_3,Arroyo Hondo,2004-12-31,2.1711284651217
68,Coombs & Melack; 2013,Site_3,Arroyo Hondo,2005-01-01,1.4895449036517001
68,Coombs & Melack; 2013,Site_3,Arroyo Hondo,2005-01-02,1.7084303078598002
68,Coombs & Melack; 2013,Site_3,Arroyo Hondo,2005-01-02,2.0179028624076003
68,Coombs & Melack; 2013,Site_3,Arroyo Hondo,2005-01-02,2.136419313819
68,Coombs & Melack; 2013,Site_3,Arroyo Hondo,2005-01-03,1.8002589770487
69,Coombs & Melack; 2013,Control,Rattlesnake,2004-12-27,1.01108044043643
69,Coombs & Melack; 2013,Control,Rattlesnake,2004-12-27,1.5303501016545
69,Coombs & Melack; 2013,Control,Rattlesnake,2004-12-27,1.10226410170254
69,Coombs & Melack; 2013,Control,Rattlesnake,2004-12-28,1.4671709105858701
69,Coombs & Melack; 2013,Control,Rattlesnake,2004-12-29,1.8320777194692002
69,Coombs & Melack; 2013,Control,Rattlesnake,2004-12-30,1.4237274876198152
69,Coombs & Melack; 2013,Control,Rattlesnake,2004-12-31,1.0153772557704301
69,Coombs & Melack; 2013,Control,Rattlesnake,2005-01-01,0.88849025897793
69,Coombs & Melack; 2013,Control,Rattlesnake,2005-01-01,0.9252653735860501
69,Coombs & Melack; 2013,Control,Rattlesnake,2005-01-02,0.91627406906049
69,Coombs & Melack; 2013,Control,Rattlesnake,2005-01-02,0.9347513452615801
69,Coombs & Melack; 2013,Control,Rattlesnake,2005-01-03,0.80858695068963
69,Coombs & Melack; 2013,Site_1,San Onofre,2004-12-27,1.4664070863246
69,Coombs & Melack; 2013,Site_1,San Onofre,2004-12-28,8.3305406537325
69,Coombs & Melack; 2013,Site_1,San Onofre,2004-12-28,6.728837227245
69,Coombs & Melack; 2013,Site_1,San Onofre,2004-12-29,5.3506676226129
69,Coombs & Melack; 2013,Site_1,San Onofre,2004-12-30,3.9724980179808003
69,Coombs & Melack; 2013,Site_1,San Onofre,2004-12-30,5.6202976410483
69,Coombs & Melack; 2013,Site_1,San Onofre,2005-01-01,4.811943475353
69,Coombs & Melack; 2013,Site_1,San Onofre,2005-01-01,2.0717876443341003
69,Coombs & Melack; 2013,Site_1,San Onofre,2005-01-01,4.0286912459535
69,Coombs & Melack; 2013,Site_1,San Onofre,2005-01-02,3.7018568412189
69,Coombs & Melack; 2013,Site_1,San Onofre,2005-01-03,3.9607165313814
69,Coombs & Melack; 2013,Site_1,San Onofre,2005-01-04,4.2195762215439
69,Coombs & Melack; 2013,Site_1,San Onofre,2005-01-05,4.478435911706399
69,Coombs & Melack; 2013,Site_2,Gaviota,2004-12-27,1.9218016268031
69,Coombs & Melack; 2013,Site_2,Gaviota,2004-12-27,1.612518210177
69,Coombs & Melack; 2013,Site_2,Gaviota,2004-12-27,0.045974955265638
69,Coombs & Melack; 2013,Site_2,Gaviota,2004-12-28,0.9619992656912189
69,Coombs & Melack; 2013,Site_2,Gaviota,2004-12-29,1.8780235761167998
69,Coombs & Melack; 2013,Site_2,Gaviota,2004-12-30,1.6512598689257998
69,Coombs & Melack; 2013,Site_2,Gaviota,2004-12-31,1.4244961617348
69,Coombs & Melack; 2013,Site_2,Gaviota,2005-01-01,1.416416596371
69,Coombs & Melack; 2013,Site_2,Gaviota,2005-01-02,1.31716306986873
69,Coombs & Melack; 2013,Site_2,Gaviota,2005-01-02,1.05290407060083
69,Coombs & Melack; 2013,Site_2,Gaviota,2005-01-02,1.39945242018183
69,Coombs & Melack; 2013,Site_2,Gaviota,2005-01-03,1.4635312265133
69,Coombs & Melack; 2013,Site_3,Arroyo Hondo,2004-12-27,2.9408646384705
69,Coombs & Melack; 2013,Site_3,Arroyo Hondo,2004-12-28,2.1223455452514
69,Coombs & Melack; 2013,Site_3,Arroyo Hondo,2004-12-29,1.83203407155615
69,Coombs & Melack; 2013,Site_3,Arroyo Hondo,2004-12-30,1.5417225978609
69,Coombs & Melack; 2013,Site_3,Arroyo Hondo,2004-12-30,2.2523993832732003
69,Coombs & Melack; 2013,Site_3,Arroyo Hondo,2004-12-31,1.9529462641395
69,Coombs & Melack; 2013,Site_3,Arroyo Hondo,2005-01-01,1.7623344880806
69,Coombs & Melack; 2013,Site_3,Arroyo Hondo,2005-01-02,1.5717857575287002
69,Coombs & Melack; 2013,Site_3,Arroyo Hondo,2005-01-02,1.7446331600397
69,Coombs & Melack; 2013,Site_3,Arroyo Hondo,2005-01-03,1.8505622699256001
69,Coombs & Melack; 2013,Site_3,Arroyo Hondo,2005-01-04,1.9564913798115
69,Coombs & Melack; 2013,Site_3,Arroyo Hondo,2005-01-04,2.0291250200823003
70,Coombs & Melack; 2013,Control,Rattlesnake,2004-12-27,1.02976625285352
70,Coombs & Melack; 2013,Control,Rattlesnake,2004-12-27,1.5484442532090001
70,Coombs & Melack; 2013,Control,Rattlesnake,2004-12-28,1.6538277743368501
70,Coombs & Melack; 2013,Control,Rattlesnake,2004-12-29,1.7592112954647001
70,Coombs & Melack; 2013,Control,Rattlesnake,2004-12-30,1.25071277058336
70,Coombs & Melack; 2013,Control,Rattlesnake,2004-12-30,1.35999543318765
70,Coombs & Melack; 2013,Control,Rattlesnake,2005-01-01,0.90676384888677
70,Coombs & Melack; 2013,Control,Rattlesnake,2005-01-01,0.9252653735860501
70,Coombs & Melack; 2013,Control,Rattlesnake,2005-01-01,0.93424212904071
70,Coombs & Melack; 2013,Control,Rattlesnake,2005-01-02,0.9436796040000001
70,Coombs & Melack; 2013,Control,Rattlesnake,2005-01-02,0.97126457715378
70,Coombs & Melack; 2013,Site_1,San Onofre,2004-12-27,10.3597820649813
70,Coombs & Melack; 2013,Site_1,San Onofre,2004-12-27,10.0050038101041
70,Coombs & Melack; 2013,Site_1,San Onofre,2004-12-27,8.5122581192586
70,Coombs & Melack; 2013,Site_1,San Onofre,2004-12-28,7.266142843593899
70,Coombs & Melack; 2013,Site_1,San Onofre,2004-12-29,8.5134947874837
70,Coombs & Melack; 2013,Site_1,San Onofre,2005-01-01,4.0286912459535
70,Coombs & Melack; 2013,Site_1,San Onofre,2005-01-02,5.1498205982874
70,Coombs & Melack; 2013,Site_1,San Onofre,2005-01-03,5.4326247703077
70,Coombs & Melack; 2013,Site_1,San Onofre,2005-01-03,5.559957937674
70,Coombs & Melack; 2013,Site_1,San Onofre,2005-01-04,5.196746091908699
70,Coombs & Melack; 2013,Site_2,Gaviota,2004-12-27,1.8216024122331
70,Coombs & Melack; 2013,Site_2,Gaviota,2004-12-28,1.3216441730606099
70,Coombs & Melack; 2013,Site_2,Gaviota,2004-12-28,1.32156657820257
70,Coombs & Melack; 2013,Site_2,Gaviota,2004-12-29,1.5686577142887002
70,Coombs & Melack; 2013,Site_2,Gaviota,2004-12-30,1.49650419265725
70,Coombs & Melack; 2013,Site_2,Gaviota,2004-12-31,1.4243506710258
70,Coombs & Melack; 2013,Site_2,Gaviota,2005-01-01,1.4531286660324
70,Coombs & Melack; 2013,Site_2,Gaviota,2005-01-01,0.88817018025855
70,Coombs & Melack; 2013,Site_2,Gaviota,2005-01-02,1.4538512675526
70,Coombs & Melack; 2013,Site_2,Gaviota,2005-01-03,1.4819357577801
70,Coombs & Melack; 2013,Site_2,Gaviota,2005-01-04,1.33753172080458
70,Coombs & Melack; 2013,Site_3,Arroyo Hondo,2004-12-27,2.395198176588
70,Coombs & Melack; 2013,Site_3,Arroyo Hondo,2004-12-27,0.027778960312887
70,Coombs & Melack; 2013,Site_3,Arroyo Hondo,2004-12-27,2.7409511778936
70,Coombs & Melack; 2013,Site_3,Arroyo Hondo,2004-12-27,2.4681373459470004
70,Coombs & Melack; 2013,Site_3,Arroyo Hondo,2004-12-27,2.9408646384705
70,Coombs & Melack; 2013,Site_3,Arroyo Hondo,2005-01-01,1.25241985746024
70,Coombs & Melack; 2013,Site_3,Arroyo Hondo,2005-01-01,2.1629034104496
70,Coombs & Melack; 2013,Site_3,Arroyo Hondo,2005-01-01,2.4087481786032
70,Coombs & Melack; 2013,Site_3,Arroyo Hondo,2005-01-02,1.7270045773533
70,Coombs & Melack; 2013,Site_3,Arroyo Hondo,2005-01-02,2.1367878898149
71,Coombs & Melack; 2013,Control,Rattlesnake,2004-12-28,0.9668707682472301
71,Coombs & Melack; 2013,Control,Rattlesnake,2004-12-28,1.29418529148111
71,Coombs & Melack; 2013,Control,Rattlesnake,2004-12-29,1.7775333815295
71,Coombs & Melack; 2013,Control,Rattlesnake,2004-12-30,1.02307369606743
71,Coombs & Melack; 2013,Control,Rattlesnake,2004-12-31,1.16982012771498
71,Coombs & Melack; 2013,Control,Rattlesnake,2005-01-01,0.9252653735860501
71,Coombs & Melack; 2013,Control,Rattlesnake,2005-01-02,0.85303910674017
71,Coombs & Melack; 2013,Control,Rattlesnake,2005-01-02,0.78939677155521
71,Coombs & Melack; 2013,Control,Rattlesnake,2005-01-03,0.76319880655893
71,Coombs & Melack; 2013,Control,Rattlesnake,2005-01-04,0.66364944927519
71,Coombs & Melack; 2013,Control,Rattlesnake,2005-01-05,0.56410009199145
71,Coombs & Melack; 2013,Site_1,San Onofre,2004-12-27,4.0701899487354
71,Coombs & Melack; 2013,Site_1,San Onofre,2004-12-27,8.2666994804982
71,Coombs & Melack; 2013,Site_1,San Onofre,2004-12-28,7.0567563433976
71,Coombs & Melack; 2013,Site_1,San Onofre,2004-12-29,5.846813206297
71,Coombs & Melack; 2013,Site_1,San Onofre,2004-12-30,4.6368700691964
71,Coombs & Melack; 2013,Site_1,San Onofre,2004-12-30,5.6202976410483
71,Coombs & Melack; 2013,Site_1,San Onofre,2004-12-31,5.3205923398866
71,Coombs & Melack; 2013,Site_1,San Onofre,2005-01-01,4.0286912459535
71,Coombs & Melack; 2013,Site_1,San Onofre,2005-01-01,2.0534801059395
71,Coombs & Melack; 2013,Site_1,San Onofre,2005-01-01,5.0851258832955
71,Coombs & Melack; 2013,Site_1,San Onofre,2005-01-02,4.9218905436141
71,Coombs & Melack; 2013,Site_1,San Onofre,2005-01-03,5.4776879856552
71,Coombs & Melack; 2013,Site_2,Gaviota,2004-12-27,1.6307627016639
71,Coombs & Melack; 2013,Site_2,Gaviota,2004-12-28,0.86688978946059
71,Coombs & Melack; 2013,Site_2,Gaviota,2004-12-29,0.9495428657057701
71,Coombs & Melack; 2013,Site_2,Gaviota,2004-12-30,1.03219594195095
71,Coombs & Melack; 2013,Site_2,Gaviota,2004-12-30,1.24124134783866
71,Coombs & Melack; 2013,Site_2,Gaviota,2004-12-31,1.39693058715546
71,Coombs & Melack; 2013,Site_2,Gaviota,2005-01-01,1.03368479332461
71,Coombs & Melack; 2013,Site_2,Gaviota,2005-01-02,1.05290407060083
71,Coombs & Melack; 2013,Site_2,Gaviota,2005-01-02,1.39945242018183
71,Coombs & Melack; 2013,Site_2,Gaviota,2005-01-03,1.459178639437365
71,Coombs & Melack; 2013,Site_2,Gaviota,2005-01-04,1.5189048586929002
71,Coombs & Melack; 2013,Site_2,Gaviota,2005-01-04,1.33753172080458
71,Coombs & Melack; 2013,Site_3,Arroyo Hondo,2004-12-27,2.395198176588
71,Coombs & Melack; 2013,Site_3,Arroyo Hondo,2004-12-27,2.4681373459470004
71,Coombs & Melack; 2013,Site_3,Arroyo Hondo,2004-12-27,2.049483971871
71,Coombs & Melack; 2013,Site_3,Arroyo Hondo,2004-12-27,2.2861288990029003
71,Coombs & Melack; 2013,Site_3,Arroyo Hondo,2004-12-28,1.703769767154
71,Coombs & Melack; 2013,Site_3,Arroyo Hondo,2005-01-01,2.1629034104496
71,Coombs & Melack; 2013,Site_3,Arroyo Hondo,2005-01-01,2.399621082936
71,Coombs & Melack; 2013,Site_3,Arroyo Hondo,2005-01-01,1.25241985746024
71,Coombs & Melack; 2013,Site_3,Arroyo Hondo,2005-01-02,2.136419313819
71,Coombs & Melack; 2013,Site_3,Arroyo Hondo,2005-01-02,1.8816074883773999
72,Coombs & Melack; 2013,Control,Rattlesnake,2004-12-27,1.5303501016545
72,Coombs & Melack; 2013,Control,Rattlesnake,2004-12-27,1.5484442532090001
72,Coombs & Melack; 2013,Control,Rattlesnake,2004-12-28,1.03052280271941
72,Coombs & Melack; 2013,Control,Rattlesnake,2004-12-29,1.7047978977623999
72,Coombs & Melack; 2013,Control,Rattlesnake,2004-12-29,1.4592926074629
72,Coombs & Melack; 2013,Control,Rattlesnake,2005-01-01,0.93431487425514
72,Coombs & Melack; 2013,Control,Rattlesnake,2005-01-02,0.93490653511773
72,Coombs & Melack; 2013,Control,Rattlesnake,2005-01-02,0.9347513452615801
72,Coombs & Melack; 2013,Control,Rattlesnake,2005-01-03,0.85387810124778
72,Coombs & Melack; 2013,Control,Rattlesnake,2005-01-03,0.80858695068963
72,Coombs & Melack; 2013,Site_1,San Onofre,2004-12-27,8.785309585563
72,Coombs & Melack; 2013,Site_1,San Onofre,2004-12-27,6.6364847929044
72,Coombs & Melack; 2013,Site_1,San Onofre,2004-12-27,6.6184633867044
72,Coombs & Melack; 2013,Site_1,San Onofre,2004-12-27,7.5748491494087995
72,Coombs & Melack; 2013,Site_1,San Onofre,2004-12-28,6.8747090998649
72,Coombs & Melack; 2013,Site_1,San Onofre,2004-12-29,6.174569050321
72,Coombs & Melack; 2013,Site_1,San Onofre,2004-12-30,5.4744290007771
72,Coombs & Melack; 2013,Site_1,San Onofre,2005-01-01,1.05229301102373
72,Coombs & Melack; 2013,Site_1,San Onofre,2005-01-01,2.0717876443341003
72,Coombs & Melack; 2013,Site_1,San Onofre,2005-01-02,3.77473781499465
72,Coombs & Melack; 2013,Site_1,San Onofre,2005-01-03,5.4776879856552
72,Coombs & Melack; 2013,Site_1,San Onofre,2005-01-03,5.4326247703077
72,Coombs & Melack; 2013,Site_1,San Onofre,2005-01-04,5.4331485354594005
72,Coombs & Melack; 2013,Site_2,Gaviota,2004-12-28,1.3216441730606099
72,Coombs & Melack; 2013,Site_2,Gaviota,2004-12-28,0.86688978946059
72,Coombs & Melack; 2013,Site_2,Gaviota,2004-12-29,2.214363352362
72,Coombs & Melack; 2013,Site_2,Gaviota,2004-12-29,2.068882686381
72,Coombs & Melack; 2013,Site_2,Gaviota,2004-12-30,1.15934482145937
72,Coombs & Melack; 2013,Site_2,Gaviota,2005-01-01,1.4163487016406
72,Coombs & Melack; 2013,Site_2,Gaviota,2005-01-01,1.4439579231525
72,Coombs & Melack; 2013,Site_2,Gaviota,2005-01-01,1.4347095856947
72,Coombs & Melack; 2013,Site_2,Gaviota,2005-01-02,0.80762186460774
72,Coombs & Melack; 2013,Site_2,Gaviota,2005-01-02,0.58860066939807
72,Coombs & Melack; 2013,Site_3,Arroyo Hondo,2004-12-28,1.522226889078
72,Coombs & Melack; 2013,Site_3,Arroyo Hondo,2004-12-28,1.1397957660364801
72,Coombs & Melack; 2013,Site_3,Arroyo Hondo,2004-12-29,2.5422743855417997
72,Coombs & Melack; 2013,Site_3,Arroyo Hondo,2004-12-29,2.7149569004501997
72,Coombs & Melack; 2013,Site_3,Arroyo Hondo,2004-12-30,1.6238664574650001
72,Coombs & Melack; 2013,Site_3,Arroyo Hondo,2005-01-02,2.0179028624076003
72,Coombs & Melack; 2013,Site_3,Arroyo Hondo,2005-01-02,1.5626198638722
72,Coombs & Melack; 2013,Site_3,Arroyo Hondo,2005-01-03,2.2830299539047
72,Coombs & Melack; 2013,Site_3,Arroyo Hondo,2005-01-03,2.1554688520281
72,Coombs & Melack; 2013,Site_3,Arroyo Hondo,2005-01-04,2.0291250200823003
73,Coombs & Melack; 2013,Control,Rattlesnake,2004-12-27,1.5303501016545
73,Coombs & Melack; 2013,Control,Rattlesnake,2004-12-27,1.10226410170254
73,Coombs & Melack; 2013,Control,Rattlesnake,2004-12-28,0.86702558046216
73,Coombs & Melack; 2013,Control,Rattlesnake,2004-12-29,0.8676584635755751
73,Coombs & Melack; 2013,Control,Rattlesnake,2004-12-30,0.86829134668899
73,Coombs & Melack; 2013,Control,Rattlesnake,2004-12-31,1.19696378007864
73,Coombs & Melack; 2013,Control,Rattlesnake,2005-01-01,0.82516315286874
73,Coombs & Melack; 2013,Control,Rattlesnake,2005-01-02,0.74326662662952
73,Coombs & Melack; 2013,Control,Rattlesnake,2005-01-02,0.97126457715378
73,Coombs & Melack; 2013,Control,Rattlesnake,2005-01-03,0.84487709729493
73,Coombs & Melack; 2013,Control,Rattlesnake,2005-01-03,0.85387810124778
73,Coombs & Melack; 2013,Site_1,San Onofre,2004-12-27,6.044887022044501
73,Coombs & Melack; 2013,Site_1,San Onofre,2004-12-27,9.9139559401197
73,Coombs & Melack; 2013,Site_1,San Onofre,2004-12-28,8.3305406537325
73,Coombs & Melack; 2013,Site_1,San Onofre,2004-12-29,6.9754191473904
73,Coombs & Melack; 2013,Site_1,San Onofre,2004-12-30,5.6202976410483
73,Coombs & Melack; 2013,Site_1,San Onofre,2004-12-30,5.2743215530551
73,Coombs & Melack; 2013,Site_1,San Onofre,2005-01-01,5.3947487777757
73,Coombs & Melack; 2013,Site_1,San Onofre,2005-01-01,2.0534801059395
73,Coombs & Melack; 2013,Site_1,San Onofre,2005-01-01,4.811943475353
73,Coombs & Melack; 2013,Site_1,San Onofre,2005-01-02,5.18163206757315
73,Coombs & Melack; 2013,Site_1,San Onofre,2005-01-03,5.5513206597933005
73,Coombs & Melack; 2013,Site_1,San Onofre,2005-01-03,5.478468783458999
73,Coombs & Melack; 2013,Site_2,Gaviota,2004-12-28,1.03053735179031
73,Coombs & Melack; 2013,Site_2,Gaviota,2004-12-28,0.8488004875497001
73,Coombs & Melack; 2013,Site_2,Gaviota,2004-12-29,2.2326272421432
73,Coombs & Melack; 2013,Site_2,Gaviota,2004-12-30,0.7771513324955099
73,Coombs & Melack; 2013,Site_2,Gaviota,2004-12-30,1.03219594195095
73,Coombs & Melack; 2013,Site_2,Gaviota,2005-01-01,1.14375795372027
73,Coombs & Melack; 2013,Site_2,Gaviota,2005-01-02,1.1986466185974
73,Coombs & Melack; 2013,Site_2,Gaviota,2005-01-02,0.58860066939807
73,Coombs & Melack; 2013,Site_2,Gaviota,2005-01-03,1.24499499916638
73,Coombs & Melack; 2013,Site_2,Gaviota,2005-01-03,0.99003768399627
73,Coombs & Melack; 2013,Site_3,Arroyo Hondo,2004-12-27,2.049483971871
73,Coombs & Melack; 2013,Site_3,Arroyo Hondo,2004-12-28,1.5946131951435
73,Coombs & Melack; 2013,Site_3,Arroyo Hondo,2004-12-28,1.09456766140554
73,Coombs & Melack; 2013,Site_3,Arroyo Hondo,2004-12-29,2.7149569004501997
73,Coombs & Melack; 2013,Site_3,Arroyo Hondo,2004-12-30,2.0700223617339
73,Coombs & Melack; 2013,Site_3,Arroyo Hondo,2005-01-02,2.1634320248247
73,Coombs & Melack; 2013,Site_3,Arroyo Hondo,2005-01-02,1.9996632201440998
73,Coombs & Melack; 2013,Site_3,Arroyo Hondo,2005-01-03,1.8002589770487
73,Coombs & Melack; 2013,Site_3,Arroyo Hondo,2005-01-03,2.1554688520281
73,Coombs & Melack; 2013,Site_3,Arroyo Hondo,2005-01-03,1.6545358274865
74,Coombs & Melack; 2013,Control,Rattlesnake,2004-12-27,1.02976625285352
74,Coombs & Melack; 2013,Control,Rattlesnake,2004-12-27,1.6939491667077
74,Coombs & Melack; 2013,Control,Rattlesnake,2004-12-27,1.5303501016545
74,Coombs & Melack; 2013,Control,Rattlesnake,2004-12-28,0.86689463924427
74,Coombs & Melack; 2013,Control,Rattlesnake,2004-12-29,0.9585875168012851
74,Coombs & Melack; 2013,Control,Rattlesnake,2004-12-30,1.0502803943583001
74,Coombs & Melack; 2013,Control,Rattlesnake,2005-01-01,0.9064340706000301
74,Coombs & Melack; 2013,Control,Rattlesnake,2005-01-01,0.88849025897793
74,Coombs & Melack; 2013,Control,Rattlesnake,2005-01-01,0.8156286843369
74,Coombs & Melack; 2013,Control,Rattlesnake,2005-01-02,0.830252890815915
74,Coombs & Melack; 2013,Control,Rattlesnake,2005-01-03,0.84487709729493
74,Coombs & Melack; 2013,Control,Rattlesnake,2005-01-04,0.70448859464319
74,Coombs & Melack; 2013,Control,Rattlesnake,2005-01-05,0.56410009199145
74,Coombs & Melack; 2013,Site_1,San Onofre,2004-12-27,8.1208793380638
74,Coombs & Melack; 2013,Site_1,San Onofre,2004-12-27,9.8135966871705
74,Coombs & Melack; 2013,Site_1,San Onofre,2004-12-28,8.3305406537325
74,Coombs & Melack; 2013,Site_1,San Onofre,2004-12-29,7.6486952089863
74,Coombs & Melack; 2013,Site_1,San Onofre,2004-12-29,8.5134947874837
74,Coombs & Melack; 2013,Site_1,San Onofre,2005-01-02,4.9218905436141
74,Coombs & Melack; 2013,Site_1,San Onofre,2005-01-03,4.9775406081408
74,Coombs & Melack; 2013,Site_1,San Onofre,2005-01-04,5.033190672667501
74,Coombs & Melack; 2013,Site_1,San Onofre,2005-01-04,5.196746091908699
74,Coombs & Melack; 2013,Site_1,San Onofre,2005-01-04,5.4331485354594005
74,Coombs & Melack; 2013,Site_1,San Onofre,2005-01-05,4.478435911706399
74,Coombs & Melack; 2013,Site_2,Gaviota,2004-12-27,1.8397014144117
74,Coombs & Melack; 2013,Site_2,Gaviota,2004-12-27,1.612518210177
74,Coombs & Melack; 2013,Site_2,Gaviota,2004-12-28,1.06657046546337
74,Coombs & Melack; 2013,Site_2,Gaviota,2004-12-29,2.15984326194
74,Coombs & Melack; 2013,Site_2,Gaviota,2004-12-30,1.4331964851225
74,Coombs & Melack; 2013,Site_2,Gaviota,2005-01-01,1.38925354557297
74,Coombs & Melack; 2013,Site_2,Gaviota,2005-01-01,0.77958587123655
74,Coombs & Melack; 2013,Site_2,Gaviota,2005-01-02,1.4538512675526
74,Coombs & Melack; 2013,Site_2,Gaviota,2005-01-02,0.58860066939807
74,Coombs & Melack; 2013,Site_2,Gaviota,2005-01-03,1.4635312265133
74,Coombs & Melack; 2013,Site_3,Arroyo Hondo,2004-12-27,2.1948433946606998
74,Coombs & Melack; 2013,Site_3,Arroyo Hondo,2004-12-27,0.86545428458685
74,Coombs & Melack; 2013,Site_3,Arroyo Hondo,2004-12-28,1.5946131951435
74,Coombs & Melack; 2013,Site_3,Arroyo Hondo,2004-12-29,2.7242585835675
74,Coombs & Melack; 2013,Site_3,Arroyo Hondo,2004-12-30,2.2523993832732003
74,Coombs & Melack; 2013,Site_3,Arroyo Hondo,2005-01-01,1.9174854131747998
74,Coombs & Melack; 2013,Site_3,Arroyo Hondo,2005-01-02,1.5626198638722
74,Coombs & Melack; 2013,Site_3,Arroyo Hondo,2005-01-03,1.8002589770487
74,Coombs & Melack; 2013,Site_3,Arroyo Hondo,2005-01-04,2.1199255558614003
74,Coombs & Melack; 2013,Site_3,Arroyo Hondo,2005-01-05,1.7566555138125002
75,Coombs & Melack; 2013,Control,Rattlesnake,2004-12-27,1.6939491667077
75,Coombs & Melack; 2013,Control,Rattlesnake,2004-12-27,1.2483655259875799
75,Coombs & Melack; 2013,Control,Rattlesnake,2004-12-28,1.47190662209829
75,Coombs & Melack; 2013,Control,Rattlesnake,2004-12-29,1.695447718209
75,Coombs & Melack; 2013,Control,Rattlesnake,2004-12-30,1.1048247320178601
75,Coombs & Melack; 2013,Control,Rattlesnake,2004-12-30,1.0502803943583001
75,Coombs & Melack; 2013,Control,Rattlesnake,2005-01-01,0.9252653735860501
75,Coombs & Melack; 2013,Control,Rattlesnake,2005-01-01,0.8337616334604899
75,Coombs & Melack; 2013,Control,Rattlesnake,2005-01-01,0.90676384888677
75,Coombs & Melack; 2013,Control,Rattlesnake,2005-01-02,0.78939677155521
75,Coombs & Melack; 2013,Control,Rattlesnake,2005-01-02,0.74326662662952
75,Coombs & Melack; 2013,Site_1,San Onofre,2004-12-27,7.883977376879101
75,Coombs & Melack; 2013,Site_1,San Onofre,2004-12-27,9.5041047329277
75,Coombs & Melack; 2013,Site_1,San Onofre,2004-12-27,7.6746070426284
75,Coombs & Melack; 2013,Site_1,San Onofre,2004-12-27,3.2141779880511
75,Coombs & Melack; 2013,Site_1,San Onofre,2004-12-28,5.34965888959845
75,Coombs & Melack; 2013,Site_1,San Onofre,2004-12-29,7.485139791145801
75,Coombs & Melack; 2013,Site_1,San Onofre,2005-01-01,3.8284528579941
75,Coombs & Melack; 2013,Site_1,San Onofre,2005-01-01,1.4345446966914
75,Coombs & Melack; 2013,Site_1,San Onofre,2005-01-02,3.2107686646413
75,Coombs & Melack; 2013,Site_1,San Onofre,2005-01-02,4.9218905436141
75,Coombs & Melack; 2013,Site_1,San Onofre,2005-01-03,5.4420525458397
75,Coombs & Melack; 2013,Site_2,Gaviota,2004-12-26,0.118695889261488
75,Coombs & Melack; 2013,Site_2,Gaviota,2004-12-27,0.045974955265638
75,Coombs & Melack; 2013,Site_2,Gaviota,2004-12-27,2.8137739560861
75,Coombs & Melack; 2013,Site_2,Gaviota,2004-12-27,1.8126838541826003
75,Coombs & Melack; 2013,Site_2,Gaviota,2004-12-28,1.23037321750917
75,Coombs & Melack; 2013,Site_2,Gaviota,2005-01-01,1.4163487016406
75,Coombs & Melack; 2013,Site_2,Gaviota,2005-01-01,1.4531286660324
75,Coombs & Melack; 2013,Site_2,Gaviota,2005-01-01,1.38925354557297
75,Coombs & Melack; 2013,Site_2,Gaviota,2005-01-02,0.77069641006722
75,Coombs & Melack; 2013,Site_2,Gaviota,2005-01-02,1.39945242018183
75,Coombs & Melack; 2013,Site_3,Arroyo Hondo,2004-12-28,1.703769767154
75,Coombs & Melack; 2013,Site_3,Arroyo Hondo,2004-12-29,2.1323455837719
75,Coombs & Melack; 2013,Site_3,Arroyo Hondo,2004-12-30,1.8607199222136
75,Coombs & Melack; 2013,Site_3,Arroyo Hondo,2004-12-30,1.7423489615112002
75,Coombs & Melack; 2013,Site_3,Arroyo Hondo,2004-12-30,2.0700223617339
75,Coombs & Melack; 2013,Site_3,Arroyo Hondo,2005-01-01,1.7623344880806
75,Coombs & Melack; 2013,Site_3,Arroyo Hondo,2005-01-01,1.9174854131747998
75,Coombs & Melack; 2013,Site_3,Arroyo Hondo,2005-01-01,0.97938778931007
75,Coombs & Melack; 2013,Site_3,Arroyo Hondo,2005-01-02,1.631267067890985
75,Coombs & Melack; 2013,Site_3,Arroyo Hondo,2005-01-03,2.2831463464719
75,Coombs & Melack; 2013,Site_3,Arroyo Hondo,2005-01-03,2.1554688520281
76,Coombs & Melack; 2013,Control,Rattlesnake,2004-12-27,1.01108044043643
76,Coombs & Melack; 2013,Control,Rattlesnake,2004-12-28,0.86689463924427
76,Coombs & Melack; 2013,Control,Rattlesnake,2004-12-29,1.7592112954647001
76,Coombs & Melack; 2013,Control,Rattlesnake,2004-12-29,1.5229300923039
76,Coombs & Melack; 2013,Control,Rattlesnake,2004-12-30,1.1048247320178601
76,Coombs & Melack; 2013,Control,Rattlesnake,2005-01-01,0.9252653735860501
76,Coombs & Melack; 2013,Control,Rattlesnake,2005-01-01,0.88849025897793
76,Coombs & Melack; 2013,Control,Rattlesnake,2005-01-02,0.9436796040000001
76,Coombs & Melack; 2013,Control,Rattlesnake,2005-01-03,0.8172678757830301
76,Coombs & Melack; 2013,Control,Rattlesnake,2005-01-04,0.6906839838872401
76,Coombs & Melack; 2013,Control,Rattlesnake,2005-01-05,0.56410009199145
76,Coombs & Melack; 2013,Site_1,San Onofre,2004-12-27,5.0529628137975005
76,Coombs & Melack; 2013,Site_1,San Onofre,2004-12-27,6.4096507649706
76,Coombs & Melack; 2013,Site_1,San Onofre,2004-12-28,0.9034369691382
76,Coombs & Melack; 2013,Site_1,San Onofre,2004-12-28,6.3376136366067
76,Coombs & Melack; 2013,Site_1,San Onofre,2004-12-29,5.97413020841805
76,Coombs & Melack; 2013,Site_1,San Onofre,2004-12-30,5.6106467802294
76,Coombs & Melack; 2013,Site_1,San Onofre,2005-01-01,2.2629522836865004
76,Coombs & Melack; 2013,Site_1,San Onofre,2005-01-02,3.2107686646413
76,Coombs & Melack; 2013,Site_1,San Onofre,2005-01-02,3.292408157388
76,Coombs & Melack; 2013,Site_1,San Onofre,2005-01-02,5.0218036273902
76,Coombs & Melack; 2013,Site_1,San Onofre,2005-01-03,5.478468783458999
76,Coombs & Melack; 2013,Site_2,Gaviota,2004-12-27,0.75619102069707
76,Coombs & Melack; 2013,Site_2,Gaviota,2004-12-27,1.8216024122331
76,Coombs & Melack; 2013,Site_2,Gaviota,2004-12-28,1.9088723828118002
76,Coombs & Melack; 2013,Site_2,Gaviota,2004-12-29,1.9961423533905003
76,Coombs & Melack; 2013,Site_2,Gaviota,2004-12-30,0.99551297127177
76,Coombs & Melack; 2013,Site_2,Gaviota,2004-12-31,1.23348671139813
76,Coombs & Melack; 2013,Site_2,Gaviota,2005-01-01,1.4531286660324
76,Coombs & Melack; 2013,Site_2,Gaviota,2005-01-02,1.3490618325993902
76,Coombs & Melack; 2013,Site_2,Gaviota,2005-01-03,1.24499499916638
76,Coombs & Melack; 2013,Site_2,Gaviota,2005-01-04,1.5189048586929002
76,Coombs & Melack; 2013,Site_2,Gaviota,2005-01-04,1.3827937733609998
76,Coombs & Melack; 2013,Site_2,Gaviota,2005-01-05,1.2833414096498101
76,Coombs & Melack; 2013,Site_3,Arroyo Hondo,2004-12-27,2.4681373459470004
76,Coombs & Melack; 2013,Site_3,Arroyo Hondo,2004-12-28,2.0496294611793
76,Coombs & Melack; 2013,Site_3,Arroyo Hondo,2004-12-29,2.7149569004501997
76,Coombs & Melack; 2013,Site_3,Arroyo Hondo,2004-12-30,1.1231080212139202
76,Coombs & Melack; 2013,Site_3,Arroyo Hondo,2004-12-31,2.5257272819247003
76,Coombs & Melack; 2013,Site_3,Arroyo Hondo,2005-01-01,2.4543060609606
76,Coombs & Melack; 2013,Site_3,Arroyo Hondo,2005-01-02,1.8174268400904
76,Coombs & Melack; 2013,Site_3,Arroyo Hondo,2005-01-02,1.7270045773533
76,Coombs & Melack; 2013,Site_3,Arroyo Hondo,2005-01-02,2.0179028624076003
76,Coombs & Melack; 2013,Site_3,Arroyo Hondo,2005-01-03,2.2014147100764
77,Coombs & Melack; 2013,Control,Rattlesnake,2004-12-27,1.01108044043643
77,Coombs & Melack; 2013,Control,Rattlesnake,2004-12-28,0.86702558046216
77,Coombs & Melack; 2013,Control,Rattlesnake,2004-12-29,1.8320777194692002
77,Coombs & Melack; 2013,Control,Rattlesnake,2004-12-30,0.86829134668899
77,Coombs & Melack; 2013,Control,Rattlesnake,2004-12-30,1.4875662342114
77,Coombs & Melack; 2013,Control,Rattlesnake,2005-01-01,0.90676384888677
77,Coombs & Melack; 2013,Control,Rattlesnake,2005-01-02,0.9347513452615801
77,Coombs & Melack; 2013,Control,Rattlesnake,2005-01-02,0.6074077238859
77,Coombs & Melack; 2013,Control,Rattlesnake,2005-01-03,0.8172678757830301
77,Coombs & Melack; 2013,Control,Rattlesnake,2005-01-03,0.76319880655893
77,Coombs & Melack; 2013,Site_1,San Onofre,2004-12-28,3.3520737556782003
77,Coombs & Melack; 2013,Site_1,San Onofre,2004-12-29,7.8036181995702005
77,Coombs & Melack; 2013,Site_1,San Onofre,2004-12-30,3.7085590982727
77,Coombs & Melack; 2013,Site_1,San Onofre,2004-12-30,5.1739816984002
77,Coombs & Melack; 2013,Site_1,San Onofre,2004-12-30,5.0738406801138005
77,Coombs & Melack; 2013,Site_1,San Onofre,2005-01-01,4.0286912459535
77,Coombs & Melack; 2013,Site_1,San Onofre,2005-01-01,4.2200353247808
77,Coombs & Melack; 2013,Site_1,San Onofre,2005-01-02,3.292408157388
77,Coombs & Melack; 2013,Site_1,San Onofre,2005-01-03,5.3964413164220995
77,Coombs & Melack; 2013,Site_1,San Onofre,2005-01-04,4.9374386140642494
77,Coombs & Melack; 2013,Site_1,San Onofre,2005-01-05,4.478435911706399
77,Coombs & Melack; 2013,Site_2,Gaviota,2004-12-28,1.23037321750917
77,Coombs & Melack; 2013,Site_2,Gaviota,2004-12-28,0.9214098789021
77,Coombs & Melack; 2013,Site_2,Gaviota,2004-12-28,1.9403758976973
77,Coombs & Melack; 2013,Site_2,Gaviota,2004-12-29,1.5506072099469
77,Coombs & Melack; 2013,Site_2,Gaviota,2004-12-30,0.64069591938576
77,Coombs & Melack; 2013,Site_2,Gaviota,2005-01-01,1.1978221733007601
77,Coombs & Melack; 2013,Site_2,Gaviota,2005-01-01,1.21648373735973
77,Coombs & Melack; 2013,Site_2,Gaviota,2005-01-01,1.4708396925201
77,Coombs & Melack; 2013,Site_2,Gaviota,2005-01-02,1.4671854595167
77,Coombs & Melack; 2013,Site_2,Gaviota,2005-01-03,1.4635312265133
77,Coombs & Melack; 2013,Site_2,Gaviota,2005-01-04,1.3734363180815552
77,Coombs & Melack; 2013,Site_2,Gaviota,2005-01-05,1.2833414096498101
77,Coombs & Melack; 2013,Site_3,Arroyo Hondo,2004-12-27,0.86545428458685
77,Coombs & Melack; 2013,Site_3,Arroyo Hondo,2004-12-28,1.522226889078
77,Coombs & Melack; 2013,Site_3,Arroyo Hondo,2004-12-28,1.5855685446783
77,Coombs & Melack; 2013,Site_3,Arroyo Hondo,2004-12-29,2.8788760436625003
77,Coombs & Melack; 2013,Site_3,Arroyo Hondo,2004-12-30,1.6238664574650001
77,Coombs & Melack; 2013,Site_3,Arroyo Hondo,2005-01-01,1.6257335849622
77,Coombs & Melack; 2013,Site_3,Arroyo Hondo,2005-01-01,1.6710586821852
77,Coombs & Melack; 2013,Site_3,Arroyo Hondo,2005-01-02,2.0364334860891
77,Coombs & Melack; 2013,Site_3,Arroyo Hondo,2005-01-02,2.136419313819
77,Coombs & Melack; 2013,Site_3,Arroyo Hondo,2005-01-03,1.6545358274865
78,Coombs & Melack; 2013,Control,Rattlesnake,2004-12-27,1.10226410170254
78,Coombs & Melack; 2013,Control,Rattlesnake,2004-12-28,0.93966891959997
78,Coombs & Melack; 2013,Control,Rattlesnake,2004-12-28,0.86689463924427
78,Coombs & Melack; 2013,Control,Rattlesnake,2004-12-29,1.02672550431906
78,Coombs & Melack; 2013,Control,Rattlesnake,2004-12-30,1.18655636939385
78,Coombs & Melack; 2013,Control,Rattlesnake,2004-12-30,0.86829134668899
78,Coombs & Melack; 2013,Control,Rattlesnake,2005-01-01,0.96095416004154
78,Coombs & Melack; 2013,Control,Rattlesnake,2005-01-01,0.94325768192439
78,Coombs & Melack; 2013,Control,Rattlesnake,2005-01-02,0.97126457715378
78,Coombs & Melack; 2013,Control,Rattlesnake,2005-01-02,1.0348438665516002
78,Coombs & Melack; 2013,Control,Rattlesnake,2005-01-03,0.8172678757830301
78,Coombs & Melack; 2013,Site_1,San Onofre,2004-12-27,6.8370190129059
78,Coombs & Melack; 2013,Site_1,San Onofre,2004-12-27,9.6499636733514
78,Coombs & Melack; 2013,Site_1,San Onofre,2004-12-27,6.044887022044501
78,Coombs & Melack; 2013,Site_1,San Onofre,2004-12-28,8.3305406537325
78,Coombs & Melack; 2013,Site_1,San Onofre,2004-12-29,6.3113089780503
78,Coombs & Melack; 2013,Site_1,San Onofre,2005-01-01,5.0759890891815
78,Coombs & Melack; 2013,Site_1,San Onofre,2005-01-01,5.121285088262701
78,Coombs & Melack; 2013,Site_1,San Onofre,2005-01-02,4.8402704491617
78,Coombs & Melack; 2013,Site_1,San Onofre,2005-01-03,5.3964413164220995
78,Coombs & Melack; 2013,Site_1,San Onofre,2005-01-04,4.9374386140642494
78,Coombs & Melack; 2013,Site_1,San Onofre,2005-01-05,4.478435911706399
78,Coombs & Melack; 2013,Site_2,Gaviota,2004-12-28,1.2580066875192601
78,Coombs & Melack; 2013,Site_2,Gaviota,2004-12-29,2.15984326194
78,Coombs & Melack; 2013,Site_2,Gaviota,2004-12-29,2.0140425177998997
78,Coombs & Melack; 2013,Site_2,Gaviota,2004-12-30,1.19610538699659
78,Coombs & Melack; 2013,Site_2,Gaviota,2004-12-30,1.4505534860859002
78,Coombs & Melack; 2013,Site_2,Gaviota,2005-01-01,1.1978221733007601
78,Coombs & Melack; 2013,Site_2,Gaviota,2005-01-01,1.3072406269066201
78,Coombs & Melack; 2013,Site_2,Gaviota,2005-01-01,0.52426967977797
78,Coombs & Melack; 2013,Site_2,Gaviota,2005-01-02,0.58860066939807
78,Coombs & Melack; 2013,Site_2,Gaviota,2005-01-03,0.985697221379535
78,Coombs & Melack; 2013,Site_2,Gaviota,2005-01-04,1.3827937733609998
78,Coombs & Melack; 2013,Site_3,Arroyo Hondo,2004-12-28,1.7495022383621999
78,Coombs & Melack; 2013,Site_3,Arroyo Hondo,2004-12-28,1.1397957660364801
78,Coombs & Melack; 2013,Site_3,Arroyo Hondo,2004-12-28,1.5041472865944
78,Coombs & Melack; 2013,Site_3,Arroyo Hondo,2004-12-29,1.31362765390416
78,Coombs & Melack; 2013,Site_3,Arroyo Hondo,2004-12-30,1.1231080212139202
78,Coombs & Melack; 2013,Site_3,Arroyo Hondo,2004-12-31,2.4530111978526
78,Coombs & Melack; 2013,Site_3,Arroyo Hondo,2005-01-01,0.97938778931007
78,Coombs & Melack; 2013,Site_3,Arroyo Hondo,2005-01-01,1.9174854131747998
78,Coombs & Melack; 2013,Site_3,Arroyo Hondo,2005-01-01,1.4895449036517001
78,Coombs & Melack; 2013,Site_3,Arroyo Hondo,2005-01-02,2.136419313819
78,Coombs & Melack; 2013,Site_3,Arroyo Hondo,2005-01-03,2.2559347990977
79,Coombs & Melack; 2013,Control,Rattlesnake,2004-12-27,1.5303501016545
79,Coombs & Melack; 2013,Control,Rattlesnake,2004-12-27,1.10226410170254
79,Coombs & Melack; 2013,Control,Rattlesnake,2004-12-27,1.01108044043643
79,Coombs & Melack; 2013,Control,Rattlesnake,2004-12-28,0.93966891959997
79,Coombs & Melack; 2013,Control,Rattlesnake,2004-12-29,1.7047978977623999
79,Coombs & Melack; 2013,Control,Rattlesnake,2005-01-02,0.9436796040000001
79,Coombs & Melack; 2013,Control,Rattlesnake,2005-01-02,0.93490653511773
79,Coombs & Melack; 2013,Control,Rattlesnake,2005-01-02,0.91627406906049
79,Coombs & Melack; 2013,Control,Rattlesnake,2005-01-02,0.78939677155521
79,Coombs & Melack; 2013,Control,Rattlesnake,2005-01-03,0.6262123535519251
79,Coombs & Melack; 2013,Control,Rattlesnake,2005-01-04,0.46302793554863997
79,Coombs & Melack; 2013,Site_1,San Onofre,2004-12-27,6.044887022044501
79,Coombs & Melack; 2013,Site_1,San Onofre,2004-12-27,5.0529628137975005
79,Coombs & Melack; 2013,Site_1,San Onofre,2004-12-27,9.8135966871705
79,Coombs & Melack; 2013,Site_1,San Onofre,2004-12-27,1.4664070863246
79,Coombs & Melack; 2013,Site_1,San Onofre,2004-12-28,7.5113959518654
79,Coombs & Melack; 2013,Site_1,San Onofre,2005-01-01,1.05229301102373
79,Coombs & Melack; 2013,Site_1,San Onofre,2005-01-01,4.0286912459535
79,Coombs & Melack; 2013,Site_1,San Onofre,2005-01-01,2.2629522836865004
79,Coombs & Melack; 2013,Site_1,San Onofre,2005-01-02,4.8402704491617
79,Coombs & Melack; 2013,Site_1,San Onofre,2005-01-03,5.4420525458397
79,Coombs & Melack; 2013,Site_2,Gaviota,2004-12-27,0.5740564825989001
79,Coombs & Melack; 2013,Site_2,Gaviota,2004-12-28,0.9214098789021
79,Coombs & Melack; 2013,Site_2,Gaviota,2004-12-29,1.040377350180735
79,Coombs & Melack; 2013,Site_2,Gaviota,2004-12-30,1.15934482145937
79,Coombs & Melack; 2013,Site_2,Gaviota,2004-12-30,1.29640159471893
79,Coombs & Melack; 2013,Site_2,Gaviota,2004-12-30,0.72250515147972
79,Coombs & Melack; 2013,Site_2,Gaviota,2005-01-02,1.05290407060083
79,Coombs & Melack; 2013,Site_2,Gaviota,2005-01-02,0.77069641006722
79,Coombs & Melack; 2013,Site_2,Gaviota,2005-01-03,1.5640117226538
79,Coombs & Melack; 2013,Site_2,Gaviota,2005-01-04,1.33753172080458
79,Coombs & Melack; 2013,Site_2,Gaviota,2005-01-05,1.2833414096498101
79,Coombs & Melack; 2013,Site_3,Arroyo Hondo,2004-12-27,2.1948433946606998
79,Coombs & Melack; 2013,Site_3,Arroyo Hondo,2004-12-28,0.74840243647113
79,Coombs & Melack; 2013,Site_3,Arroyo Hondo,2004-12-28,2.1223455452514
79,Coombs & Melack; 2013,Site_3,Arroyo Hondo,2004-12-29,1.6227267832326602
79,Coombs & Melack; 2013,Site_3,Arroyo Hondo,2004-12-30,1.1231080212139202
79,Coombs & Melack; 2013,Site_3,Arroyo Hondo,2004-12-31,2.6075413635222
79,Coombs & Melack; 2013,Site_3,Arroyo Hondo,2005-01-01,1.4254563976128
79,Coombs & Melack; 2013,Site_3,Arroyo Hondo,2005-01-02,2.1634320248247
79,Coombs & Melack; 2013,Site_3,Arroyo Hondo,2005-01-02,1.8816074883773999
79,Coombs & Melack; 2013,Site_3,Arroyo Hondo,2005-01-03,2.1915795605592
79,Coombs & Melack; 2013,Site_3,Arroyo Hondo,2005-01-03,1.6545358274865
80,Coombs & Melack; 2013,Control,Rattlesnake,2004-12-27,0.9019093203355201
80,Coombs & Melack; 2013,Control,Rattlesnake,2004-12-28,1.03052280271941
80,Coombs & Melack; 2013,Control,Rattlesnake,2004-12-29,1.5229300923039
80,Coombs & Melack; 2013,Control,Rattlesnake,2004-12-29,1.695447718209
80,Coombs & Melack; 2013,Control,Rattlesnake,2004-12-29,1.39565997128502
80,Coombs & Melack; 2013,Control,Rattlesnake,2005-01-01,0.82516315286874
80,Coombs & Melack; 2013,Control,Rattlesnake,2005-01-01,0.93431487425514
80,Coombs & Melack; 2013,Control,Rattlesnake,2005-01-02,1.0348438665516002
80,Coombs & Melack; 2013,Control,Rattlesnake,2005-01-03,0.8355754133372101
80,Coombs & Melack; 2013,Control,Rattlesnake,2005-01-04,0.69983775266433
80,Coombs & Melack; 2013,Control,Rattlesnake,2005-01-05,0.56410009199145
80,Coombs & Melack; 2013,Site_1,San Onofre,2004-12-27,10.3597820649813
80,Coombs & Melack; 2013,Site_1,San Onofre,2004-12-27,6.8370190129059
80,Coombs & Melack; 2013,Site_1,San Onofre,2004-12-28,3.3520737556782003
80,Coombs & Melack; 2013,Site_1,San Onofre,2004-12-29,4.4589135293934
80,Coombs & Melack; 2013,Site_1,San Onofre,2004-12-30,5.5657533031085995
80,Coombs & Melack; 2013,Site_1,San Onofre,2004-12-31,5.5935322642479
80,Coombs & Melack; 2013,Site_1,San Onofre,2005-01-01,3.6647858968098
80,Coombs & Melack; 2013,Site_1,San Onofre,2005-01-01,4.63901362764
80,Coombs & Melack; 2013,Site_1,San Onofre,2005-01-02,2.5729631538576
80,Coombs & Melack; 2013,Site_1,San Onofre,2005-01-02,4.2389878701177
80,Coombs & Melack; 2013,Site_1,San Onofre,2005-01-03,4.69508561452245
80,Coombs & Melack; 2013,Site_1,San Onofre,2005-01-04,5.1511833589272005
80,Coombs & Melack; 2013,Site_2,Gaviota,2004-12-27,1.8126838541826003
80,Coombs & Melack; 2013,Site_2,Gaviota,2004-12-27,1.6489005004311
80,Coombs & Melack; 2013,Site_2,Gaviota,2004-12-27,1.612518210177
80,Coombs & Melack; 2013,Site_2,Gaviota,2004-12-28,1.32156657820257
80,Coombs & Melack; 2013,Site_2,Gaviota,2004-12-29,2.0140425177998997
80,Coombs & Melack; 2013,Site_2,Gaviota,2005-01-01,1.03368479332461
80,Coombs & Melack; 2013,Site_2,Gaviota,2005-01-02,0.80762186460774
80,Coombs & Melack; 2013,Site_2,Gaviota,2005-01-02,1.4538512675526
80,Coombs & Melack; 2013,Site_2,Gaviota,2005-01-02,1.39945242018183
80,Coombs & Melack; 2013,Site_2,Gaviota,2005-01-03,1.4635312265133
80,Coombs & Melack; 2013,Site_3,Arroyo Hondo,2004-12-27,2.049483971871
80,Coombs & Melack; 2013,Site_3,Arroyo Hondo,2004-12-27,2.4681373459470004
80,Coombs & Melack; 2013,Site_3,Arroyo Hondo,2004-12-27,2.1948433946606998
80,Coombs & Melack; 2013,Site_3,Arroyo Hondo,2004-12-27,2.3038884233274
80,Coombs & Melack; 2013,Site_3,Arroyo Hondo,2004-12-28,1.7495022383621999
80,Coombs & Melack; 2013,Site_3,Arroyo Hondo,2005-01-01,2.4087481786032
80,Coombs & Melack; 2013,Site_3,Arroyo Hondo,2005-01-02,1.8174268400904
80,Coombs & Melack; 2013,Site_3,Arroyo Hondo,2005-01-02,2.0361716028129
80,Coombs & Melack; 2013,Site_3,Arroyo Hondo,2005-01-02,1.7084303078598002
80,Coombs & Melack; 2013,Site_3,Arroyo Hondo,2005-01-03,1.8002589770487
81,Coombs & Melack; 2013,Control,Rattlesnake,2004-12-27,0.9019093203355201
81,Coombs & Melack; 2013,Control,Rattlesnake,2004-12-28,1.2667700571143101
81,Coombs & Melack; 2013,Control,Rattlesnake,2004-12-29,1.1039202669713402
81,Coombs & Melack; 2013,Control,Rattlesnake,2004-12-30,0.94107047682837
81,Coombs & Melack; 2013,Control,Rattlesnake,2004-12-30,1.4328667071159
81,Coombs & Melack; 2013,Control,Rattlesnake,2004-12-31,1.39692088772817
81,Coombs & Melack; 2013,Control,Rattlesnake,2005-01-01,0.93431487425514
81,Coombs & Melack; 2013,Control,Rattlesnake,2005-01-01,0.82516315286874
81,Coombs & Melack; 2013,Control,Rattlesnake,2005-01-02,1.0348438665516002
81,Coombs & Melack; 2013,Control,Rattlesnake,2005-01-03,0.8172678757830301
81,Coombs & Melack; 2013,Control,Rattlesnake,2005-01-03,0.80858695068963
81,Coombs & Melack; 2013,Site_1,San Onofre,2004-12-27,6.044887022044501
81,Coombs & Melack; 2013,Site_1,San Onofre,2004-12-27,8.421215098497601
81,Coombs & Melack; 2013,Site_1,San Onofre,2004-12-27,7.5748491494087995
81,Coombs & Melack; 2013,Site_1,San Onofre,2004-12-28,7.0417158733208
81,Coombs & Melack; 2013,Site_1,San Onofre,2004-12-29,6.5085825972328
81,Coombs & Melack; 2013,Site_1,San Onofre,2004-12-30,5.9754493211448
81,Coombs & Melack; 2013,Site_1,San Onofre,2004-12-31,5.3205923398866
81,Coombs & Melack; 2013,Site_1,San Onofre,2005-01-02,4.2389878701177
81,Coombs & Melack; 2013,Site_1,San Onofre,2005-01-02,4.8402704491617
81,Coombs & Melack; 2013,Site_1,San Onofre,2005-01-02,5.0218036273902
81,Coombs & Melack; 2013,Site_1,San Onofre,2005-01-02,3.292408157388
81,Coombs & Melack; 2013,Site_1,San Onofre,2005-01-03,5.4776879856552
81,Coombs & Melack; 2013,Site_2,Gaviota,2004-12-27,1.9218016268031
81,Coombs & Melack; 2013,Site_2,Gaviota,2004-12-27,1.885419336549
81,Coombs & Melack; 2013,Site_2,Gaviota,2004-12-28,0.9214098789021
81,Coombs & Melack; 2013,Site_2,Gaviota,2004-12-29,1.9689065570978999
81,Coombs & Melack; 2013,Site_2,Gaviota,2004-12-30,0.99551297127177
81,Coombs & Melack; 2013,Site_2,Gaviota,2005-01-01,0.52426967977797
81,Coombs & Melack; 2013,Site_2,Gaviota,2005-01-02,0.80762186460774
81,Coombs & Melack; 2013,Site_2,Gaviota,2005-01-03,1.4819357577801
81,Coombs & Melack; 2013,Site_2,Gaviota,2005-01-03,0.99003768399627
81,Coombs & Melack; 2013,Site_2,Gaviota,2005-01-04,1.3827937733609998
81,Coombs & Melack; 2013,Site_3,Arroyo Hondo,2004-12-28,1.2766052057910902
81,Coombs & Melack; 2013,Site_3,Arroyo Hondo,2004-12-28,1.09456766140554
81,Coombs & Melack; 2013,Site_3,Arroyo Hondo,2004-12-28,1.4765962613661001
81,Coombs & Melack; 2013,Site_3,Arroyo Hondo,2004-12-29,2.8788760436625003
81,Coombs & Melack; 2013,Site_3,Arroyo Hondo,2004-12-30,2.66594362075755
81,Coombs & Melack; 2013,Site_3,Arroyo Hondo,2004-12-31,2.4530111978526
81,Coombs & Melack; 2013,Site_3,Arroyo Hondo,2005-01-01,0.9434565188531701
81,Coombs & Melack; 2013,Site_3,Arroyo Hondo,2005-01-02,2.136419313819
81,Coombs & Melack; 2013,Site_3,Arroyo Hondo,2005-01-02,1.9269762342138002
81,Coombs & Melack; 2013,Site_3,Arroyo Hondo,2005-01-03,1.6545358274865
81,Coombs & Melack; 2013,Site_3,Arroyo Hondo,2005-01-04,1.9564913798115
82,Coombs & Melack; 2013,Control,Rattlesnake,2004-12-27,1.5303501016545
82,Coombs & Melack; 2013,Control,Rattlesnake,2004-12-28,1.03052280271941
82,Coombs & Melack; 2013,Control,Rattlesnake,2004-12-29,1.7047978977623999
82,Coombs & Melack; 2013,Control,Rattlesnake,2004-12-30,1.4508808389205199
82,Coombs & Melack; 2013,Control,Rattlesnake,2004-12-31,1.19696378007864
82,Coombs & Melack; 2013,Control,Rattlesnake,2004-12-31,1.39692088772817
82,Coombs & Melack; 2013,Control,Rattlesnake,2005-01-01,0.94325768192439
82,Coombs & Melack; 2013,Control,Rattlesnake,2005-01-02,0.78939677155521
82,Coombs & Melack; 2013,Control,Rattlesnake,2005-01-02,0.93490653511773
82,Coombs & Melack; 2013,Control,Rattlesnake,2005-01-02,0.9436796040000001
82,Coombs & Melack; 2013,Control,Rattlesnake,2005-01-03,0.85387810124778
82,Coombs & Melack; 2013,Site_1,San Onofre,2004-12-27,8.2118205153285
82,Coombs & Melack; 2013,Site_1,San Onofre,2004-12-27,1.4664070863246
82,Coombs & Melack; 2013,Site_1,San Onofre,2004-12-27,6.9920050489968
82,Coombs & Melack; 2013,Site_1,San Onofre,2004-12-28,3.1700556102873
82,Coombs & Melack; 2013,Site_1,San Onofre,2004-12-28,4.680788761368301
82,Coombs & Melack; 2013,Site_1,San Onofre,2005-01-01,4.0650589885374
82,Coombs & Melack; 2013,Site_1,San Onofre,2005-01-01,3.6647858968098
82,Coombs & Melack; 2013,Site_1,San Onofre,2005-01-01,5.0851258832955
82,Coombs & Melack; 2013,Site_1,San Onofre,2005-01-02,2.5729631538576
82,Coombs & Melack; 2013,Site_1,San Onofre,2005-01-02,4.2389878701177
82,Coombs & Melack; 2013,Site_2,Gaviota,2004-12-26,0.118695889261488
82,Coombs & Melack; 2013,Site_2,Gaviota,2004-12-27,0.045974955265638
82,Coombs & Melack; 2013,Site_2,Gaviota,2004-12-28,1.1393010987044192
82,Coombs & Melack; 2013,Site_2,Gaviota,2004-12-29,2.2326272421432
82,Coombs & Melack; 2013,Site_2,Gaviota,2004-12-30,0.72250515147972
82,Coombs & Melack; 2013,Site_2,Gaviota,2004-12-30,0.88631760295281
82,Coombs & Melack; 2013,Site_2,Gaviota,2005-01-01,1.03368479332461
82,Coombs & Melack; 2013,Site_2,Gaviota,2005-01-01,1.4163487016406
82,Coombs & Melack; 2013,Site_2,Gaviota,2005-01-02,1.46273345432655
82,Coombs & Melack; 2013,Site_2,Gaviota,2005-01-03,1.5091182070125
82,Coombs & Melack; 2013,Site_2,Gaviota,2005-01-03,1.5640117226538
82,Coombs & Melack; 2013,Site_2,Gaviota,2005-01-04,1.4463439651773
82,Coombs & Melack; 2013,Site_3,Arroyo Hondo,2004-12-27,1.08403900865001
82,Coombs & Melack; 2013,Site_3,Arroyo Hondo,2004-12-28,1.7495022383621999
82,Coombs & Melack; 2013,Site_3,Arroyo Hondo,2004-12-29,2.7242585835675
82,Coombs & Melack; 2013,Site_3,Arroyo Hondo,2004-12-29,2.5422743855417997
82,Coombs & Melack; 2013,Site_3,Arroyo Hondo,2004-12-30,2.0700223617339
82,Coombs & Melack; 2013,Site_3,Arroyo Hondo,2005-01-01,1.7716895182581
82,Coombs & Melack; 2013,Site_3,Arroyo Hondo,2005-01-02,2.0179028624076003
82,Coombs & Melack; 2013,Site_3,Arroyo Hondo,2005-01-03,2.1554688520281
82,Coombs & Melack; 2013,Site_3,Arroyo Hondo,2005-01-04,2.1199255558614003
82,Coombs & Melack; 2013,Site_3,Arroyo Hondo,2005-01-05,1.7566555138125002
83,Coombs & Melack; 2013,Control,Rattlesnake,2004-12-28,0.7576750222870501
83,Coombs & Melack; 2013,Control,Rattlesnake,2004-12-28,1.2667700571143101
83,Coombs & Melack; 2013,Control,Rattlesnake,2004-12-28,0.86689463924427
83,Coombs & Melack; 2013,Control,Rattlesnake,2004-12-29,1.4592926074629
83,Coombs & Melack; 2013,Control,Rattlesnake,2004-12-30,1.4875662342114
83,Coombs & Melack; 2013,Control,Rattlesnake,2005-01-01,0.88849025897793
83,Coombs & Melack; 2013,Control,Rattlesnake,2005-01-01,0.94325768192439
83,Coombs & Melack; 2013,Control,Rattlesnake,2005-01-02,0.74326662662952
83,Coombs & Melack; 2013,Control,Rattlesnake,2005-01-02,0.9436796040000001
83,Coombs & Melack; 2013,Control,Rattlesnake,2005-01-03,0.84487709729493
83,Coombs & Melack; 2013,Site_1,San Onofre,2004-12-27,8.5122581192586
83,Coombs & Melack; 2013,Site_1,San Onofre,2004-12-27,8.785421128906801
83,Coombs & Melack; 2013,Site_1,San Onofre,2004-12-28,7.648428476486701
83,Coombs & Melack; 2013,Site_1,San Onofre,2004-12-29,7.485139791145801
83,Coombs & Melack; 2013,Site_1,San Onofre,2004-12-30,4.6368700691964
83,Coombs & Melack; 2013,Site_1,San Onofre,2005-01-01,4.0650589885374
83,Coombs & Melack; 2013,Site_1,San Onofre,2005-01-01,5.0851258832955
83,Coombs & Melack; 2013,Site_1,San Onofre,2005-01-02,5.0403681970362
83,Coombs & Melack; 2013,Site_1,San Onofre,2005-01-02,4.3300696874673
83,Coombs & Melack; 2013,Site_1,San Onofre,2005-01-03,4.379525095547
83,Coombs & Melack; 2013,Site_1,San Onofre,2005-01-04,4.4289805036267
83,Coombs & Melack; 2013,Site_1,San Onofre,2005-01-05,4.478435911706399
83,Coombs & Melack; 2013,Site_2,Gaviota,2004-12-28,0.9214098789021
83,Coombs & Melack; 2013,Site_2,Gaviota,2004-12-29,1.8780235761167998
83,Coombs & Melack; 2013,Site_2,Gaviota,2004-12-29,2.2326272421432
83,Coombs & Melack; 2013,Site_2,Gaviota,2004-12-30,0.72250515147972
83,Coombs & Melack; 2013,Site_2,Gaviota,2004-12-30,0.7771513324955099
83,Coombs & Melack; 2013,Site_2,Gaviota,2005-01-01,1.416416596371
83,Coombs & Melack; 2013,Site_2,Gaviota,2005-01-01,0.63342625080798
83,Coombs & Melack; 2013,Site_2,Gaviota,2005-01-01,1.03368479332461
83,Coombs & Melack; 2013,Site_2,Gaviota,2005-01-02,1.1986466185974
83,Coombs & Melack; 2013,Site_2,Gaviota,2005-01-03,1.24499499916638
83,Coombs & Melack; 2013,Site_3,Arroyo Hondo,2004-12-27,1.4300247960705
83,Coombs & Melack; 2013,Site_3,Arroyo Hondo,2004-12-28,1.4765962613661001
83,Coombs & Melack; 2013,Site_3,Arroyo Hondo,2004-12-28,1.522226889078
83,Coombs & Melack; 2013,Site_3,Arroyo Hondo,2004-12-29,1.8146334240804003
83,Coombs & Melack; 2013,Site_3,Arroyo Hondo,2004-12-30,2.2976953837551
83,Coombs & Melack; 2013,Site_3,Arroyo Hondo,2005-01-01,2.1629034104496
83,Coombs & Melack; 2013,Site_3,Arroyo Hondo,2005-01-01,2.5180793380638
83,Coombs & Melack; 2013,Site_3,Arroyo Hondo,2005-01-02,1.9996632201440998
83,Coombs & Melack; 2013,Site_3,Arroyo Hondo,2005-01-02,2.136419313819
83,Coombs & Melack; 2013,Site_3,Arroyo Hondo,2005-01-03,2.2831463464719
84,Coombs & Melack; 2013,Control,Rattlesnake,2004-12-28,0.7576750222870501
84,Coombs & Melack; 2013,Control,Rattlesnake,2004-12-29,1.7775333815295
84,Coombs & Melack; 2013,Control,Rattlesnake,2004-12-30,1.25071277058336
84,Coombs & Melack; 2013,Control,Rattlesnake,2004-12-30,0.94107047682837
84,Coombs & Melack; 2013,Control,Rattlesnake,2004-12-30,1.35999543318765
84,Coombs & Melack; 2013,Control,Rattlesnake,2005-01-01,0.8337616334604899
84,Coombs & Melack; 2013,Control,Rattlesnake,2005-01-01,0.88849025897793
84,Coombs & Melack; 2013,Control,Rattlesnake,2005-01-02,0.97126457715378
84,Coombs & Melack; 2013,Control,Rattlesnake,2005-01-02,1.08940275342213
84,Coombs & Melack; 2013,Control,Rattlesnake,2005-01-03,0.84487709729493
84,Coombs & Melack; 2013,Site_1,San Onofre,2004-12-27,1.4664070863246
84,Coombs & Melack; 2013,Site_1,San Onofre,2004-12-28,7.8300634982115
84,Coombs & Melack; 2013,Site_1,San Onofre,2004-12-29,6.7251805696299
84,Coombs & Melack; 2013,Site_1,San Onofre,2004-12-30,5.6202976410483
84,Coombs & Melack; 2013,Site_1,San Onofre,2004-12-30,5.0554022014818
84,Coombs & Melack; 2013,Site_1,San Onofre,2004-12-31,5.5935322642479
84,Coombs & Melack; 2013,Site_1,San Onofre,2005-01-01,5.0759890891815
84,Coombs & Melack; 2013,Site_1,San Onofre,2005-01-02,3.292408157388
84,Coombs & Melack; 2013,Site_1,San Onofre,2005-01-02,2.5729631538576
84,Coombs & Melack; 2013,Site_1,San Onofre,2005-01-03,5.4054277706037
84,Coombs & Melack; 2013,Site_1,San Onofre,2005-01-04,5.1511833589272005
84,Coombs & Melack; 2013,Site_2,Gaviota,2004-12-27,1.8126838541826003
84,Coombs & Melack; 2013,Site_2,Gaviota,2004-12-27,0.5740564825989001
84,Coombs & Melack; 2013,Site_2,Gaviota,2004-12-28,1.28507759466849
84,Coombs & Melack; 2013,Site_2,Gaviota,2004-12-29,1.359137039895495
84,Coombs & Melack; 2013,Site_2,Gaviota,2004-12-30,1.4331964851225
84,Coombs & Melack; 2013,Site_2,Gaviota,2004-12-30,1.4505534860859002
84,Coombs & Melack; 2013,Site_2,Gaviota,2005-01-01,1.4347095856947
84,Coombs & Melack; 2013,Site_2,Gaviota,2005-01-01,1.416416596371
84,Coombs & Melack; 2013,Site_2,Gaviota,2005-01-02,0.9253187199459
84,Coombs & Melack; 2013,Site_2,Gaviota,2005-01-02,1.4538512675526
84,Coombs & Melack; 2013,Site_2,Gaviota,2005-01-03,1.5460630604076
84,Coombs & Melack; 2013,Site_3,Arroyo Hondo,2004-12-27,1.17512567634357
84,Coombs & Melack; 2013,Site_3,Arroyo Hondo,2004-12-27,0.86545428458685
84,Coombs & Melack; 2013,Site_3,Arroyo Hondo,2004-12-27,2.7409511778936
84,Coombs & Melack; 2013,Site_3,Arroyo Hondo,2004-12-28,1.2766052057910902
84,Coombs & Melack; 2013,Site_3,Arroyo Hondo,2004-12-29,2.8788760436625003
84,Coombs & Melack; 2013,Site_3,Arroyo Hondo,2005-01-02,1.7446331600397
84,Coombs & Melack; 2013,Site_3,Arroyo Hondo,2005-01-02,1.8816074883773999
84,Coombs & Melack; 2013,Site_3,Arroyo Hondo,2005-01-03,2.2831463464719
84,Coombs & Melack; 2013,Site_3,Arroyo Hondo,2005-01-03,2.1554688520281
84,Coombs & Melack; 2013,Site_3,Arroyo Hondo,2005-01-03,2.0188388507679003
85,Coombs & Melack; 2013,Control,Rattlesnake,2004-12-27,1.10226410170254
85,Coombs & Melack; 2013,Control,Rattlesnake,2004-12-27,1.2483655259875799
85,Coombs & Melack; 2013,Control,Rattlesnake,2004-12-28,0.81236485051554
85,Coombs & Melack; 2013,Control,Rattlesnake,2004-12-29,1.7592112954647001
85,Coombs & Melack; 2013,Control,Rattlesnake,2004-12-30,1.46451571158984
85,Coombs & Melack; 2013,Control,Rattlesnake,2004-12-31,1.16982012771498
85,Coombs & Melack; 2013,Control,Rattlesnake,2005-01-01,0.8337616334604899
85,Coombs & Melack; 2013,Control,Rattlesnake,2005-01-01,0.8336840386024501
85,Coombs & Melack; 2013,Control,Rattlesnake,2005-01-01,0.9064340706000301
85,Coombs & Melack; 2013,Control,Rattlesnake,2005-01-02,1.0348438665516002
85,Coombs & Melack; 2013,Control,Rattlesnake,2005-01-03,0.85387810124778
85,Coombs & Melack; 2013,Site_1,San Onofre,2004-12-27,8.785421128906801
85,Coombs & Melack; 2013,Site_1,San Onofre,2004-12-27,5.8632617001672
85,Coombs & Melack; 2013,Site_1,San Onofre,2004-12-27,3.2141779880511
85,Coombs & Melack; 2013,Site_1,San Onofre,2004-12-28,5.34965888959845
85,Coombs & Melack; 2013,Site_1,San Onofre,2004-12-29,7.485139791145801
85,Coombs & Melack; 2013,Site_1,San Onofre,2004-12-30,2.7069937276536002
85,Coombs & Melack; 2013,Site_1,San Onofre,2005-01-01,5.3947487777757
85,Coombs & Melack; 2013,Site_1,San Onofre,2005-01-01,1.6803555174798
85,Coombs & Melack; 2013,Site_1,San Onofre,2005-01-01,4.0650589885374
85,Coombs & Melack; 2013,Site_1,San Onofre,2005-01-02,3.7018568412189
85,Coombs & Melack; 2013,Site_1,San Onofre,2005-01-03,4.2765340832423995
85,Coombs & Melack; 2013,Site_1,San Onofre,2005-01-04,4.8512113252659
85,Coombs & Melack; 2013,Site_2,Gaviota,2004-12-26,1.21111999258761
85,Coombs & Melack; 2013,Site_2,Gaviota,2004-12-27,1.8397014144117
85,Coombs & Melack; 2013,Site_2,Gaviota,2004-12-28,1.6490265914451
85,Coombs & Melack; 2013,Site_2,Gaviota,2004-12-29,1.5506072099469
85,Coombs & Melack; 2013,Site_2,Gaviota,2004-12-29,2.2326272421432
85,Coombs & Melack; 2013,Site_2,Gaviota,2005-01-01,0.52426967977797
85,Coombs & Melack; 2013,Site_2,Gaviota,2005-01-01,1.1978221733007601
85,Coombs & Melack; 2013,Site_2,Gaviota,2005-01-01,1.21648373735973
85,Coombs & Melack; 2013,Site_2,Gaviota,2005-01-02,1.1986466185974
85,Coombs & Melack; 2013,Site_2,Gaviota,2005-01-03,1.4819357577801
85,Coombs & Melack; 2013,Site_3,Arroyo Hondo,2004-12-27,2.395198176588
85,Coombs & Melack; 2013,Site_3,Arroyo Hondo,2004-12-27,1.5030124618656
85,Coombs & Melack; 2013,Site_3,Arroyo Hondo,2004-12-28,1.09456766140554
85,Coombs & Melack; 2013,Site_3,Arroyo Hondo,2004-12-29,2.2512063622608
85,Coombs & Melack; 2013,Site_3,Arroyo Hondo,2004-12-30,2.2523993832732003
85,Coombs & Melack; 2013,Site_3,Arroyo Hondo,2005-01-01,2.5180793380638
85,Coombs & Melack; 2013,Site_3,Arroyo Hondo,2005-01-02,1.8174268400904
85,Coombs & Melack; 2013,Site_3,Arroyo Hondo,2005-01-02,1.8816074883773999
85,Coombs & Melack; 2013,Site_3,Arroyo Hondo,2005-01-03,2.2831463464719
85,Coombs & Melack; 2013,Site_3,Arroyo Hondo,2005-01-04,1.9564913798115
86,Coombs & Melack; 2013,Control,Rattlesnake,2004-12-29,1.39565997128502
86,Coombs & Melack; 2013,Control,Rattlesnake,2004-12-29,1.5229300923039
86,Coombs & Melack; 2013,Control,Rattlesnake,2004-12-29,1.695447718209
86,Coombs & Melack; 2013,Control,Rattlesnake,2004-12-30,0.94107047682837
86,Coombs & Melack; 2013,Control,Rattlesnake,2004-12-30,0.86829134668899
86,Coombs & Melack; 2013,Control,Rattlesnake,2005-01-01,0.93424212904071
86,Coombs & Melack; 2013,Control,Rattlesnake,2005-01-01,0.90676384888677
86,Coombs & Melack; 2013,Control,Rattlesnake,2005-01-02,1.08940275342213
86,Coombs & Melack; 2013,Control,Rattlesnake,2005-01-02,0.85303910674017
86,Coombs & Melack; 2013,Control,Rattlesnake,2005-01-02,0.78939677155521
86,Coombs & Melack; 2013,Site_1,San Onofre,2004-12-27,6.044887022044501
86,Coombs & Melack; 2013,Site_1,San Onofre,2004-12-28,3.3520737556782003
86,Coombs & Melack; 2013,Site_1,San Onofre,2004-12-28,4.680788761368301
86,Coombs & Melack; 2013,Site_1,San Onofre,2004-12-29,5.077608881072701
86,Coombs & Melack; 2013,Site_1,San Onofre,2004-12-30,5.4744290007771
86,Coombs & Melack; 2013,Site_1,San Onofre,2004-12-30,5.5657533031085995
86,Coombs & Melack; 2013,Site_1,San Onofre,2005-01-01,5.0851258832955
86,Coombs & Melack; 2013,Site_1,San Onofre,2005-01-01,3.8284528579941
86,Coombs & Melack; 2013,Site_1,San Onofre,2005-01-02,5.0218036273902
86,Coombs & Melack; 2013,Site_1,San Onofre,2005-01-02,3.292408157388
86,Coombs & Melack; 2013,Site_1,San Onofre,2005-01-03,4.1627994150277505
86,Coombs & Melack; 2013,Site_1,San Onofre,2005-01-04,5.033190672667501
86,Coombs & Melack; 2013,Site_2,Gaviota,2004-12-26,0.118695889261488
86,Coombs & Melack; 2013,Site_2,Gaviota,2004-12-27,2.8137739560861
86,Coombs & Melack; 2013,Site_2,Gaviota,2004-12-28,1.23037321750917
86,Coombs & Melack; 2013,Site_2,Gaviota,2004-12-29,1.9961423533905003
86,Coombs & Melack; 2013,Site_2,Gaviota,2004-12-30,1.19610538699659
86,Coombs & Melack; 2013,Site_2,Gaviota,2005-01-01,1.416416596371
86,Coombs & Melack; 2013,Site_2,Gaviota,2005-01-02,0.9253187199459
86,Coombs & Melack; 2013,Site_2,Gaviota,2005-01-02,0.9802461823921199
86,Coombs & Melack; 2013,Site_2,Gaviota,2005-01-02,1.2535207345437
86,Coombs & Melack; 2013,Site_2,Gaviota,2005-01-03,1.24499499916638
86,Coombs & Melack; 2013,Site_3,Arroyo Hondo,2004-12-27,2.7409511778936
86,Coombs & Melack; 2013,Site_3,Arroyo Hondo,2004-12-28,2.0496294611793
86,Coombs & Melack; 2013,Site_3,Arroyo Hondo,2004-12-28,0.74840243647113
86,Coombs & Melack; 2013,Site_3,Arroyo Hondo,2004-12-28,1.5946131951435
86,Coombs & Melack; 2013,Site_3,Arroyo Hondo,2004-12-29,2.4877397474496
86,Coombs & Melack; 2013,Site_3,Arroyo Hondo,2005-01-01,0.97938778931007
86,Coombs & Melack; 2013,Site_3,Arroyo Hondo,2005-01-01,2.4543060609606
86,Coombs & Melack; 2013,Site_3,Arroyo Hondo,2005-01-01,1.4254563976128
86,Coombs & Melack; 2013,Site_3,Arroyo Hondo,2005-01-02,1.7084303078598002
86,Coombs & Melack; 2013,Site_3,Arroyo Hondo,2005-01-03,1.83246084383565
86,Coombs & Melack; 2013,Site_3,Arroyo Hondo,2005-01-04,1.9564913798115
87,Coombs & Melack; 2013,Control,Rattlesnake,2004-12-28,0.9668707682472301
87,Coombs & Melack; 2013,Control,Rattlesnake,2004-12-29,1.5229300923039
87,Coombs & Melack; 2013,Control,Rattlesnake,2004-12-29,1.7047978977623999
87,Coombs & Melack; 2013,Control,Rattlesnake,2004-12-29,1.4592926074629
87,Coombs & Melack; 2013,Control,Rattlesnake,2004-12-30,1.237334931616665
87,Coombs & Melack; 2013,Control,Rattlesnake,2004-12-31,1.0153772557704301
87,Coombs & Melack; 2013,Control,Rattlesnake,2005-01-01,0.88849025897793
87,Coombs & Melack; 2013,Control,Rattlesnake,2005-01-01,0.94325768192439
87,Coombs & Melack; 2013,Control,Rattlesnake,2005-01-01,0.8336840386024501
87,Coombs & Melack; 2013,Control,Rattlesnake,2005-01-01,0.93431487425514
87,Coombs & Melack; 2013,Control,Rattlesnake,2005-01-02,0.97126457715378
87,Coombs & Melack; 2013,Site_1,San Onofre,2004-12-27,9.8135966871705
87,Coombs & Melack; 2013,Site_1,San Onofre,2004-12-27,6.6364847929044
87,Coombs & Melack; 2013,Site_1,San Onofre,2004-12-27,9.5041047329277
87,Coombs & Melack; 2013,Site_1,San Onofre,2004-12-28,7.274668579531499
87,Coombs & Melack; 2013,Site_1,San Onofre,2004-12-29,6.442657679880449
87,Coombs & Melack; 2013,Site_1,San Onofre,2004-12-30,5.6106467802294
87,Coombs & Melack; 2013,Site_1,San Onofre,2005-01-01,1.05229301102373
87,Coombs & Melack; 2013,Site_1,San Onofre,2005-01-01,5.0759890891815
87,Coombs & Melack; 2013,Site_1,San Onofre,2005-01-01,2.2629522836865004
87,Coombs & Melack; 2013,Site_1,San Onofre,2005-01-02,3.2107686646413
87,Coombs & Melack; 2013,Site_1,San Onofre,2005-01-02,4.2389878701177
87,Coombs & Melack; 2013,Site_2,Gaviota,2004-12-27,0.8197897088094
87,Coombs & Melack; 2013,Site_2,Gaviota,2004-12-28,0.8419656735238701
87,Coombs & Melack; 2013,Site_2,Gaviota,2004-12-29,0.86414163823834
87,Coombs & Melack; 2013,Site_2,Gaviota,2004-12-30,0.88631760295281
87,Coombs & Melack; 2013,Site_2,Gaviota,2004-12-30,0.72250515147972
87,Coombs & Melack; 2013,Site_2,Gaviota,2004-12-30,1.38757555669782
87,Coombs & Melack; 2013,Site_2,Gaviota,2004-12-30,0.7771513324955099
87,Coombs & Melack; 2013,Site_2,Gaviota,2005-01-01,1.3072406269066201
87,Coombs & Melack; 2013,Site_2,Gaviota,2005-01-02,0.77069641006722
87,Coombs & Melack; 2013,Site_2,Gaviota,2005-01-02,0.9253187199459
87,Coombs & Melack; 2013,Site_2,Gaviota,2005-01-02,1.2535207345437
87,Coombs & Melack; 2013,Site_2,Gaviota,2005-01-03,0.99003768399627
87,Coombs & Melack; 2013,Site_3,Arroyo Hondo,2004-12-27,2.4859938631436997
87,Coombs & Melack; 2013,Site_3,Arroyo Hondo,2004-12-28,2.66880735610965
87,Coombs & Melack; 2013,Site_3,Arroyo Hondo,2004-12-29,2.8516208490756
87,Coombs & Melack; 2013,Site_3,Arroyo Hondo,2004-12-29,2.7149569004501997
87,Coombs & Melack; 2013,Site_3,Arroyo Hondo,2004-12-30,2.3839493460835497
87,Coombs & Melack; 2013,Site_3,Arroyo Hondo,2004-12-31,2.0529417917168997
87,Coombs & Melack; 2013,Site_3,Arroyo Hondo,2004-12-31,1.9529462641395
87,Coombs & Melack; 2013,Site_3,Arroyo Hondo,2005-01-01,1.4895449036517001
87,Coombs & Melack; 2013,Site_3,Arroyo Hondo,2005-01-02,2.1367878898149
87,Coombs & Melack; 2013,Site_3,Arroyo Hondo,2005-01-03,2.0188388507679003
87,Coombs & Melack; 2013,Site_3,Arroyo Hondo,2005-01-03,2.1554688520281
87,Coombs & Melack; 2013,Site_3,Arroyo Hondo,2005-01-04,2.0291250200823003
88,Coombs & Melack; 2013,Control,Rattlesnake,2004-12-27,1.02976625285352
88,Coombs & Melack; 2013,Control,Rattlesnake,2004-12-27,1.2483655259875799
88,Coombs & Melack; 2013,Control,Rattlesnake,2004-12-28,1.29418529148111
88,Coombs & Melack; 2013,Control,Rattlesnake,2004-12-29,1.08123831908505
88,Coombs & Melack; 2013,Control,Rattlesnake,2004-12-30,0.86829134668899
88,Coombs & Melack; 2013,Control,Rattlesnake,2004-12-31,1.0153772557704301
88,Coombs & Melack; 2013,Control,Rattlesnake,2005-01-01,0.96095416004154
88,Coombs & Melack; 2013,Control,Rattlesnake,2005-01-02,0.85303910674017
88,Coombs & Melack; 2013,Control,Rattlesnake,2005-01-02,0.78939677155521
88,Coombs & Melack; 2013,Control,Rattlesnake,2005-01-03,0.84487709729493
88,Coombs & Melack; 2013,Control,Rattlesnake,2005-01-04,0.46302793554863997
88,Coombs & Melack; 2013,Site_1,San Onofre,2004-12-27,5.9268361409019
88,Coombs & Melack; 2013,Site_1,San Onofre,2004-12-27,5.0529628137975005
88,Coombs & Melack; 2013,Site_1,San Onofre,2004-12-28,8.467020315060301
88,Coombs & Melack; 2013,Site_1,San Onofre,2004-12-28,7.266142843593899
88,Coombs & Melack; 2013,Site_1,San Onofre,2004-12-29,7.485139791145801
88,Coombs & Melack; 2013,Site_1,San Onofre,2005-01-01,5.0851258832955
88,Coombs & Melack; 2013,Site_1,San Onofre,2005-01-02,2.5821726933261
88,Coombs & Melack; 2013,Site_1,San Onofre,2005-01-02,4.8126078805896
88,Coombs & Melack; 2013,Site_1,San Onofre,2005-01-02,5.1498205982874
88,Coombs & Melack; 2013,Site_1,San Onofre,2005-01-03,5.5513206597933005
88,Coombs & Melack; 2013,Site_2,Gaviota,2004-12-27,1.8397014144117
88,Coombs & Melack; 2013,Site_2,Gaviota,2004-12-28,1.23037321750917
88,Coombs & Melack; 2013,Site_2,Gaviota,2004-12-29,2.0140425177998997
88,Coombs & Melack; 2013,Site_2,Gaviota,2004-12-30,1.29640159471893
88,Coombs & Melack; 2013,Site_2,Gaviota,2004-12-31,1.4244961617348
88,Coombs & Melack; 2013,Site_2,Gaviota,2005-01-01,1.4439579231525
88,Coombs & Melack; 2013,Site_2,Gaviota,2005-01-01,1.4163487016406
88,Coombs & Melack; 2013,Site_2,Gaviota,2005-01-02,1.4538512675526
88,Coombs & Melack; 2013,Site_2,Gaviota,2005-01-02,1.39945242018183
88,Coombs & Melack; 2013,Site_2,Gaviota,2005-01-03,1.5732552094875
88,Coombs & Melack; 2013,Site_3,Arroyo Hondo,2004-12-27,2.395198176588
88,Coombs & Melack; 2013,Site_3,Arroyo Hondo,2004-12-27,1.5030124618656
88,Coombs & Melack; 2013,Site_3,Arroyo Hondo,2004-12-27,1.4300247960705
88,Coombs & Melack; 2013,Site_3,Arroyo Hondo,2004-12-27,2.2861288990029003
88,Coombs & Melack; 2013,Site_3,Arroyo Hondo,2004-12-27,2.4859938631436997
88,Coombs & Melack; 2013,Site_3,Arroyo Hondo,2005-01-01,1.6710586821852
88,Coombs & Melack; 2013,Site_3,Arroyo Hondo,2005-01-02,2.1634320248247
88,Coombs & Melack; 2013,Site_3,Arroyo Hondo,2005-01-02,2.0364334860891
88,Coombs & Melack; 2013,Site_3,Arroyo Hondo,2005-01-03,2.1554688520281
88,Coombs & Melack; 2013,Site_3,Arroyo Hondo,2005-01-03,2.2831463464719
89,Coombs & Melack; 2013,Control,Rattlesnake,2004-12-27,1.5303501016545
89,Coombs & Melack; 2013,Control,Rattlesnake,2004-12-28,0.9668707682472301
89,Coombs & Melack; 2013,Control,Rattlesnake,2004-12-29,1.7047978977623999
89,Coombs & Melack; 2013,Control,Rattlesnake,2004-12-30,1.25071277058336
89,Coombs & Melack; 2013,Control,Rattlesnake,2004-12-30,0.94107047682837
89,Coombs & Melack; 2013,Control,Rattlesnake,2005-01-01,0.94325768192439
89,Coombs & Melack; 2013,Control,Rattlesnake,2005-01-02,0.8346685233988501
89,Coombs & Melack; 2013,Control,Rattlesnake,2005-01-02,0.85303910674017
89,Coombs & Melack; 2013,Control,Rattlesnake,2005-01-02,0.74326662662952
89,Coombs & Melack; 2013,Control,Rattlesnake,2005-01-03,0.84487709729493
89,Coombs & Melack; 2013,Site_1,San Onofre,2004-12-27,6.6184633867044
89,Coombs & Melack; 2013,Site_1,San Onofre,2004-12-27,8.630430242191801
89,Coombs & Melack; 2013,Site_1,San Onofre,2004-12-28,7.739102921251799
89,Coombs & Melack; 2013,Site_1,San Onofre,2004-12-29,7.6486952089863
89,Coombs & Melack; 2013,Site_1,San Onofre,2004-12-29,6.274160439063301
89,Coombs & Melack; 2013,Site_1,San Onofre,2005-01-01,5.121285088262701
89,Coombs & Melack; 2013,Site_1,San Onofre,2005-01-01,5.0851258832955
89,Coombs & Melack; 2013,Site_1,San Onofre,2005-01-01,3.6647858968098
89,Coombs & Melack; 2013,Site_1,San Onofre,2005-01-02,4.2389878701177
89,Coombs & Melack; 2013,Site_1,San Onofre,2005-01-03,5.478468783458999
89,Coombs & Melack; 2013,Site_2,Gaviota,2004-12-27,1.8216024122331
89,Coombs & Melack; 2013,Site_2,Gaviota,2004-12-28,1.9088723828118002
89,Coombs & Melack; 2013,Site_2,Gaviota,2004-12-29,1.9961423533905003
89,Coombs & Melack; 2013,Site_2,Gaviota,2004-12-29,2.15984326194
89,Coombs & Melack; 2013,Site_2,Gaviota,2004-12-30,0.7771513324955099
89,Coombs & Melack; 2013,Site_2,Gaviota,2004-12-30,0.72250515147972
89,Coombs & Melack; 2013,Site_2,Gaviota,2005-01-01,1.4708396925201
89,Coombs & Melack; 2013,Site_2,Gaviota,2005-01-01,1.4531286660324
89,Coombs & Melack; 2013,Site_2,Gaviota,2005-01-01,0.52426967977797
89,Coombs & Melack; 2013,Site_2,Gaviota,2005-01-02,1.044140701215885
89,Coombs & Melack; 2013,Site_2,Gaviota,2005-01-03,1.5640117226538
89,Coombs & Melack; 2013,Site_2,Gaviota,2005-01-03,1.24499499916638
89,Coombs & Melack; 2013,Site_3,Arroyo Hondo,2004-12-27,2.4681373459470004
89,Coombs & Melack; 2013,Site_3,Arroyo Hondo,2004-12-27,1.08403900865001
89,Coombs & Melack; 2013,Site_3,Arroyo Hondo,2004-12-28,1.449336216365205
89,Coombs & Melack; 2013,Site_3,Arroyo Hondo,2004-12-29,1.8146334240804003
89,Coombs & Melack; 2013,Site_3,Arroyo Hondo,2004-12-30,2.2976953837551
89,Coombs & Melack; 2013,Site_3,Arroyo Hondo,2004-12-31,2.6075413635222
89,Coombs & Melack; 2013,Site_3,Arroyo Hondo,2005-01-01,1.7623344880806
89,Coombs & Melack; 2013,Site_3,Arroyo Hondo,2005-01-02,1.9269762342138002
89,Coombs & Melack; 2013,Site_3,Arroyo Hondo,2005-01-03,1.6545358274865
89,Coombs & Melack; 2013,Site_3,Arroyo Hondo,2005-01-03,2.2831463464719
89,Coombs & Melack; 2013,Site_3,Arroyo Hondo,2005-01-04,2.1925494962847
90,Coombs & Melack; 2013,Control,Rattlesnake,2004-12-26,1.4113923288927
90,Coombs & Melack; 2013,Control,Rattlesnake,2004-12-27,1.5303501016545
90,Coombs & Melack; 2013,Control,Rattlesnake,2004-12-28,1.653941741592
90,Coombs & Melack; 2013,Control,Rattlesnake,2004-12-29,1.7775333815295
90,Coombs & Melack; 2013,Control,Rattlesnake,2004-12-30,1.4328667071159
90,Coombs & Melack; 2013,Control,Rattlesnake,2004-12-30,1.1048247320178601
90,Coombs & Melack; 2013,Control,Rattlesnake,2005-01-01,0.93424212904071
90,Coombs & Melack; 2013,Control,Rattlesnake,2005-01-02,0.78939677155521
90,Coombs & Melack; 2013,Control,Rattlesnake,2005-01-02,0.91627406906049
90,Coombs & Melack; 2013,Control,Rattlesnake,2005-01-02,0.8346685233988501
90,Coombs & Melack; 2013,Control,Rattlesnake,2005-01-03,0.8172678757830301
90,Coombs & Melack; 2013,Site_1,San Onofre,2004-12-27,7.5748491494087995
90,Coombs & Melack; 2013,Site_1,San Onofre,2004-12-28,3.1700556102873
90,Coombs & Melack; 2013,Site_1,San Onofre,2004-12-29,4.36790445669795
90,Coombs & Melack; 2013,Site_1,San Onofre,2004-12-30,5.5657533031085995
90,Coombs & Melack; 2013,Site_1,San Onofre,2004-12-30,4.6368700691964
90,Coombs & Melack; 2013,Site_1,San Onofre,2004-12-31,5.9938053559755
90,Coombs & Melack; 2013,Site_1,San Onofre,2005-01-01,4.2200353247808
90,Coombs & Melack; 2013,Site_1,San Onofre,2005-01-02,5.1498205982874
90,Coombs & Melack; 2013,Site_1,San Onofre,2005-01-02,4.9218905436141
90,Coombs & Melack; 2013,Site_1,San Onofre,2005-01-03,5.03653695127065
90,Coombs & Melack; 2013,Site_1,San Onofre,2005-01-04,5.1511833589272005
90,Coombs & Melack; 2013,Site_1,San Onofre,2005-01-05,4.478435911706399
90,Coombs & Melack; 2013,Site_2,Gaviota,2004-12-27,1.8126838541826003
90,Coombs & Melack; 2013,Site_2,Gaviota,2004-12-27,1.5847295505909
90,Coombs & Melack; 2013,Site_2,Gaviota,2004-12-27,1.9305892446162
90,Coombs & Melack; 2013,Site_2,Gaviota,2004-12-28,1.28507759466849
90,Coombs & Melack; 2013,Site_2,Gaviota,2004-12-29,1.2405914908325402
90,Coombs & Melack; 2013,Site_2,Gaviota,2004-12-30,1.19610538699659
90,Coombs & Melack; 2013,Site_2,Gaviota,2005-01-01,1.14375795372027
90,Coombs & Melack; 2013,Site_2,Gaviota,2005-01-02,0.77069641006722
90,Coombs & Melack; 2013,Site_2,Gaviota,2005-01-02,1.4538512675526
90,Coombs & Melack; 2013,Site_2,Gaviota,2005-01-02,0.9253187199459
90,Coombs & Melack; 2013,Site_2,Gaviota,2005-01-02,0.67046809763556
90,Coombs & Melack; 2013,Site_3,Arroyo Hondo,2004-12-27,0.027778960312887
90,Coombs & Melack; 2013,Site_3,Arroyo Hondo,2004-12-28,1.1397957660364801
90,Coombs & Melack; 2013,Site_3,Arroyo Hondo,2004-12-29,2.1323455837719
90,Coombs & Melack; 2013,Site_3,Arroyo Hondo,2004-12-29,2.2512063622608
90,Coombs & Melack; 2013,Site_3,Arroyo Hondo,2004-12-30,1.8424657308792
90,Coombs & Melack; 2013,Site_3,Arroyo Hondo,2005-01-01,1.6257335849622
90,Coombs & Melack; 2013,Site_3,Arroyo Hondo,2005-01-01,1.9174854131747998
90,Coombs & Melack; 2013,Site_3,Arroyo Hondo,2005-01-01,1.7716895182581
90,Coombs & Melack; 2013,Site_3,Arroyo Hondo,2005-01-02,1.7446331600397
90,Coombs & Melack; 2013,Site_3,Arroyo Hondo,2005-01-03,2.2831463464719
91,Coombs & Melack; 2013,Control,Rattlesnake,2004-12-27,0.9019093203355201
91,Coombs & Melack; 2013,Control,Rattlesnake,2004-12-28,0.86702558046216
91,Coombs & Melack; 2013,Control,Rattlesnake,2004-12-29,1.7592112954647001
91,Coombs & Melack; 2013,Control,Rattlesnake,2004-12-30,1.18655636939385
91,Coombs & Melack; 2013,Control,Rattlesnake,2004-12-31,1.16982012771498
91,Coombs & Melack; 2013,Control,Rattlesnake,2005-01-01,0.8156286843369
91,Coombs & Melack; 2013,Control,Rattlesnake,2005-01-01,0.90676384888677
91,Coombs & Melack; 2013,Control,Rattlesnake,2005-01-02,0.78939677155521
91,Coombs & Melack; 2013,Control,Rattlesnake,2005-01-03,0.80858695068963
91,Coombs & Melack; 2013,Control,Rattlesnake,2005-01-04,0.68634352134054
91,Coombs & Melack; 2013,Control,Rattlesnake,2005-01-05,0.56410009199145
91,Coombs & Melack; 2013,Site_1,San Onofre,2004-12-27,6.6364847929044
91,Coombs & Melack; 2013,Site_1,San Onofre,2004-12-27,8.5393920720549
91,Coombs & Melack; 2013,Site_1,San Onofre,2004-12-27,10.0050038101041
91,Coombs & Melack; 2013,Site_1,San Onofre,2004-12-28,9.1909997682825
91,Coombs & Melack; 2013,Site_1,San Onofre,2004-12-29,8.376995726460901
91,Coombs & Melack; 2013,Site_1,San Onofre,2004-12-30,5.2743215530551
91,Coombs & Melack; 2013,Site_1,San Onofre,2005-01-01,4.0286912459535
91,Coombs & Melack; 2013,Site_1,San Onofre,2005-01-01,2.2629522836865004
91,Coombs & Melack; 2013,Site_1,San Onofre,2005-01-02,2.5821726933261
91,Coombs & Melack; 2013,Site_1,San Onofre,2005-01-02,5.0403681970362
91,Coombs & Melack; 2013,Site_1,San Onofre,2005-01-02,5.0218036273902
91,Coombs & Melack; 2013,Site_2,Gaviota,2004-12-27,1.10191492484136
91,Coombs & Melack; 2013,Site_2,Gaviota,2004-12-28,1.32156657820257
91,Coombs & Melack; 2013,Site_2,Gaviota,2004-12-28,0.8488004875497001
91,Coombs & Melack; 2013,Site_2,Gaviota,2004-12-28,0.86688978946059
91,Coombs & Melack; 2013,Site_2,Gaviota,2004-12-28,1.03053735179031
91,Coombs & Melack; 2013,Site_2,Gaviota,2005-01-01,1.4163487016406
91,Coombs & Melack; 2013,Site_2,Gaviota,2005-01-01,0.77958587123655
91,Coombs & Melack; 2013,Site_2,Gaviota,2005-01-02,0.9253187199459
91,Coombs & Melack; 2013,Site_2,Gaviota,2005-01-02,1.39945242018183
91,Coombs & Melack; 2013,Site_2,Gaviota,2005-01-03,1.459178639437365
91,Coombs & Melack; 2013,Site_2,Gaviota,2005-01-04,1.5189048586929002
91,Coombs & Melack; 2013,Site_3,Arroyo Hondo,2004-12-28,2.1223455452514
91,Coombs & Melack; 2013,Site_3,Arroyo Hondo,2004-12-28,1.703769767154
91,Coombs & Melack; 2013,Site_3,Arroyo Hondo,2004-12-29,2.7149569004501997
91,Coombs & Melack; 2013,Site_3,Arroyo Hondo,2004-12-29,2.8516208490756
91,Coombs & Melack; 2013,Site_3,Arroyo Hondo,2004-12-30,2.40228355660755
91,Coombs & Melack; 2013,Site_3,Arroyo Hondo,2004-12-31,1.9529462641395
91,Coombs & Melack; 2013,Site_3,Arroyo Hondo,2005-01-01,2.1629034104496
91,Coombs & Melack; 2013,Site_3,Arroyo Hondo,2005-01-01,1.4895449036517001
91,Coombs & Melack; 2013,Site_3,Arroyo Hondo,2005-01-02,1.7270045773533
91,Coombs & Melack; 2013,Site_3,Arroyo Hondo,2005-01-03,2.1915795605592
91,Coombs & Melack; 2013,Site_3,Arroyo Hondo,2005-01-04,2.0291250200823003
92,Coombs & Melack; 2013,Control,Rattlesnake,2004-12-27,0.9019093203355201
92,Coombs & Melack; 2013,Control,Rattlesnake,2004-12-28,1.3669935199023602
92,Coombs & Melack; 2013,Control,Rattlesnake,2004-12-29,1.8320777194692002
92,Coombs & Melack; 2013,Control,Rattlesnake,2004-12-30,1.4328667071159
92,Coombs & Melack; 2013,Control,Rattlesnake,2004-12-30,1.18655636939385
92,Coombs & Melack; 2013,Control,Rattlesnake,2004-12-31,1.16982012771498
92,Coombs & Melack; 2013,Control,Rattlesnake,2005-01-01,0.96095416004154
92,Coombs & Melack; 2013,Control,Rattlesnake,2005-01-01,0.94325768192439
92,Coombs & Melack; 2013,Control,Rattlesnake,2005-01-01,0.90676384888677
92,Coombs & Melack; 2013,Control,Rattlesnake,2005-01-02,0.97126457715378
92,Coombs & Melack; 2013,Control,Rattlesnake,2005-01-03,0.76258289733822
92,Coombs & Melack; 2013,Site_1,San Onofre,2004-12-27,8.5122581192586
92,Coombs & Melack; 2013,Site_1,San Onofre,2004-12-28,7.4205808656147
92,Coombs & Melack; 2013,Site_1,San Onofre,2004-12-29,6.3113089780503
92,Coombs & Melack; 2013,Site_1,San Onofre,2004-12-30,5.6202976410483
92,Coombs & Melack; 2013,Site_1,San Onofre,2004-12-30,5.4744290007771
92,Coombs & Melack; 2013,Site_1,San Onofre,2005-01-01,4.0286912459535
92,Coombs & Melack; 2013,Site_1,San Onofre,2005-01-02,4.8402704491617
92,Coombs & Melack; 2013,Site_1,San Onofre,2005-01-02,5.1498205982874
92,Coombs & Melack; 2013,Site_1,San Onofre,2005-01-03,5.559957937674
92,Coombs & Melack; 2013,Site_1,San Onofre,2005-01-04,5.1511833589272005
92,Coombs & Melack; 2013,Site_2,Gaviota,2004-12-27,2.7227794317612
92,Coombs & Melack; 2013,Site_2,Gaviota,2004-12-28,0.8488004875497001
92,Coombs & Melack; 2013,Site_2,Gaviota,2004-12-28,1.3216441730606099
92,Coombs & Melack; 2013,Site_2,Gaviota,2004-12-29,1.9689065570978999
92,Coombs & Melack; 2013,Site_2,Gaviota,2004-12-29,2.0140425177998997
92,Coombs & Melack; 2013,Site_2,Gaviota,2005-01-01,1.416416596371
92,Coombs & Melack; 2013,Site_2,Gaviota,2005-01-01,1.38925354557297
92,Coombs & Melack; 2013,Site_2,Gaviota,2005-01-01,1.14375795372027
92,Coombs & Melack; 2013,Site_2,Gaviota,2005-01-02,1.4538512675526
92,Coombs & Melack; 2013,Site_2,Gaviota,2005-01-03,1.4183225204568
92,Coombs & Melack; 2013,Site_2,Gaviota,2005-01-04,1.3827937733609998
92,Coombs & Melack; 2013,Site_3,Arroyo Hondo,2004-12-27,2.3860468320023998
92,Coombs & Melack; 2013,Site_3,Arroyo Hondo,2004-12-27,2.4681373459470004
92,Coombs & Melack; 2013,Site_3,Arroyo Hondo,2004-12-28,1.6767716038185
92,Coombs & Melack; 2013,Site_3,Arroyo Hondo,2004-12-29,2.8788760436625003
92,Coombs & Melack; 2013,Site_3,Arroyo Hondo,2004-12-30,0.91377163474863
92,Coombs & Melack; 2013,Site_3,Arroyo Hondo,2005-01-01,2.1629034104496
92,Coombs & Melack; 2013,Site_3,Arroyo Hondo,2005-01-01,2.399621082936
92,Coombs & Melack; 2013,Site_3,Arroyo Hondo,2005-01-02,1.7446331600397
92,Coombs & Melack; 2013,Site_3,Arroyo Hondo,2005-01-02,2.0364334860891
92,Coombs & Melack; 2013,Site_3,Arroyo Hondo,2005-01-03,2.2830299539047
93,Coombs & Melack; 2013,Control,Rattlesnake,2004-12-27,1.5303501016545
93,Coombs & Melack; 2013,Control,Rattlesnake,2004-12-28,0.86702558046216
93,Coombs & Melack; 2013,Control,Rattlesnake,2004-12-29,1.7592112954647001
93,Coombs & Melack; 2013,Control,Rattlesnake,2004-12-30,1.35999543318765
93,Coombs & Melack; 2013,Control,Rattlesnake,2004-12-30,1.25071277058336
93,Coombs & Melack; 2013,Control,Rattlesnake,2005-01-01,0.93431487425514
93,Coombs & Melack; 2013,Control,Rattlesnake,2005-01-01,0.82516315286874
93,Coombs & Melack; 2013,Control,Rattlesnake,2005-01-02,1.0348438665516002
93,Coombs & Melack; 2013,Control,Rattlesnake,2005-01-02,0.91627406906049
93,Coombs & Melack; 2013,Control,Rattlesnake,2005-01-03,0.76319880655893
93,Coombs & Melack; 2013,Site_1,San Onofre,2004-12-27,6.9920050489968
93,Coombs & Melack; 2013,Site_1,San Onofre,2004-12-27,8.2118205153285
93,Coombs & Melack; 2013,Site_1,San Onofre,2004-12-27,7.883977376879101
93,Coombs & Melack; 2013,Site_1,San Onofre,2004-12-27,9.6499636733514
93,Coombs & Melack; 2013,Site_1,San Onofre,2004-12-28,3.1700556102873
93,Coombs & Melack; 2013,Site_1,San Onofre,2005-01-01,4.63901362764
93,Coombs & Melack; 2013,Site_1,San Onofre,2005-01-01,2.2629522836865004
93,Coombs & Melack; 2013,Site_1,San Onofre,2005-01-02,2.5729631538576
93,Coombs & Melack; 2013,Site_1,San Onofre,2005-01-03,5.4054277706037
93,Coombs & Melack; 2013,Site_1,San Onofre,2005-01-04,5.4331485354594005
93,Coombs & Melack; 2013,Site_2,Gaviota,2004-12-27,0.8197897088094
93,Coombs & Melack; 2013,Site_2,Gaviota,2004-12-28,1.4443361975952
93,Coombs & Melack; 2013,Site_2,Gaviota,2004-12-29,2.068882686381
93,Coombs & Melack; 2013,Site_2,Gaviota,2004-12-30,1.4331964851225
93,Coombs & Melack; 2013,Site_2,Gaviota,2004-12-30,0.72250515147972
93,Coombs & Melack; 2013,Site_2,Gaviota,2004-12-30,1.29640159471893
93,Coombs & Melack; 2013,Site_2,Gaviota,2005-01-02,0.77069641006722
93,Coombs & Melack; 2013,Site_2,Gaviota,2005-01-03,1.24499499916638
93,Coombs & Melack; 2013,Site_2,Gaviota,2005-01-03,1.5732552094875
93,Coombs & Melack; 2013,Site_2,Gaviota,2005-01-04,1.33753172080458
93,Coombs & Melack; 2013,Site_2,Gaviota,2005-01-04,1.3827937733609998
93,Coombs & Melack; 2013,Site_3,Arroyo Hondo,2004-12-27,2.3406392895774
93,Coombs & Melack; 2013,Site_3,Arroyo Hondo,2004-12-27,2.7409511778936
93,Coombs & Melack; 2013,Site_3,Arroyo Hondo,2004-12-28,1.7495022383621999
93,Coombs & Melack; 2013,Site_3,Arroyo Hondo,2004-12-28,1.9585330947588002
93,Coombs & Melack; 2013,Site_3,Arroyo Hondo,2004-12-28,1.2766052057910902
93,Coombs & Melack; 2013,Site_3,Arroyo Hondo,2005-01-01,2.1629034104496
93,Coombs & Melack; 2013,Site_3,Arroyo Hondo,2005-01-01,1.25241985746024
93,Coombs & Melack; 2013,Site_3,Arroyo Hondo,2005-01-01,1.4895449036517001
93,Coombs & Melack; 2013,Site_3,Arroyo Hondo,2005-01-02,1.8727398513747
93,Coombs & Melack; 2013,Site_3,Arroyo Hondo,2005-01-03,2.2559347990977
93,Coombs & Melack; 2013,Site_3,Arroyo Hondo,2005-01-04,2.1199255558614003
94,Coombs & Melack; 2013,Control,Rattlesnake,2004-12-27,0.9019093203355201
94,Coombs & Melack; 2013,Control,Rattlesnake,2004-12-28,0.81236485051554
94,Coombs & Melack; 2013,Control,Rattlesnake,2004-12-28,0.86702558046216
94,Coombs & Melack; 2013,Control,Rattlesnake,2004-12-29,1.5229300923039
94,Coombs & Melack; 2013,Control,Rattlesnake,2004-12-29,1.8320777194692002
94,Coombs & Melack; 2013,Control,Rattlesnake,2005-01-01,0.9252653735860501
94,Coombs & Melack; 2013,Control,Rattlesnake,2005-01-01,0.88849025897793
94,Coombs & Melack; 2013,Control,Rattlesnake,2005-01-02,0.97126457715378
94,Coombs & Melack; 2013,Control,Rattlesnake,2005-01-02,0.85303910674017
94,Coombs & Melack; 2013,Control,Rattlesnake,2005-01-03,0.85387810124778
94,Coombs & Melack; 2013,Site_1,San Onofre,2004-12-27,1.4660336611053
94,Coombs & Melack; 2013,Site_1,San Onofre,2004-12-27,8.785309585563
94,Coombs & Melack; 2013,Site_1,San Onofre,2004-12-28,8.217002397274651
94,Coombs & Melack; 2013,Site_1,San Onofre,2004-12-29,7.6486952089863
94,Coombs & Melack; 2013,Site_1,San Onofre,2004-12-30,5.6837702382867
94,Coombs & Melack; 2013,Site_1,San Onofre,2004-12-31,5.0931714998933995
94,Coombs & Melack; 2013,Site_1,San Onofre,2005-01-01,1.6803555174798
94,Coombs & Melack; 2013,Site_1,San Onofre,2005-01-01,2.0534801059395
94,Coombs & Melack; 2013,Site_1,San Onofre,2005-01-01,5.0851258832955
94,Coombs & Melack; 2013,Site_1,San Onofre,2005-01-02,3.2107686646413
94,Coombs & Melack; 2013,Site_1,San Onofre,2005-01-03,4.203757378275
94,Coombs & Melack; 2013,Site_1,San Onofre,2005-01-04,5.196746091908699
94,Coombs & Melack; 2013,Site_2,Gaviota,2004-12-27,2.7227794317612
94,Coombs & Melack; 2013,Site_2,Gaviota,2004-12-28,1.6490265914451
94,Coombs & Melack; 2013,Site_2,Gaviota,2004-12-28,1.03053735179031
94,Coombs & Melack; 2013,Site_2,Gaviota,2004-12-28,1.28507759466849
94,Coombs & Melack; 2013,Site_2,Gaviota,2004-12-29,1.8780235761167998
94,Coombs & Melack; 2013,Site_2,Gaviota,2005-01-01,1.4439579231525
94,Coombs & Melack; 2013,Site_2,Gaviota,2005-01-01,1.4163487016406
94,Coombs & Melack; 2013,Site_2,Gaviota,2005-01-02,0.80762186460774
94,Coombs & Melack; 2013,Site_2,Gaviota,2005-01-03,1.16326336165032
94,Coombs & Melack; 2013,Site_2,Gaviota,2005-01-04,1.5189048586929002
94,Coombs & Melack; 2013,Site_2,Gaviota,2005-01-04,1.33753172080458
94,Coombs & Melack; 2013,Site_3,Arroyo Hondo,2004-12-27,2.4859938631436997
94,Coombs & Melack; 2013,Site_3,Arroyo Hondo,2004-12-28,2.6824349534031002
94,Coombs & Melack; 2013,Site_3,Arroyo Hondo,2004-12-29,2.8788760436625003
94,Coombs & Melack; 2013,Site_3,Arroyo Hondo,2004-12-29,2.2512063622608
94,Coombs & Melack; 2013,Site_3,Arroyo Hondo,2004-12-30,2.0700223617339
94,Coombs & Melack; 2013,Site_3,Arroyo Hondo,2004-12-30,0.91377163474863
94,Coombs & Melack; 2013,Site_3,Arroyo Hondo,2005-01-01,1.6710586821852
94,Coombs & Melack; 2013,Site_3,Arroyo Hondo,2005-01-02,1.7084303078598002
94,Coombs & Melack; 2013,Site_3,Arroyo Hondo,2005-01-02,2.0364334860891
94,Coombs & Melack; 2013,Site_3,Arroyo Hondo,2005-01-02,1.9269762342138002
94,Coombs & Melack; 2013,Site_3,Arroyo Hondo,2005-01-03,2.1554688520281
95,Coombs & Melack; 2013,Control,Rattlesnake,2004-12-28,0.86689463924427
95,Coombs & Melack; 2013,Control,Rattlesnake,2004-12-28,1.03052280271941
95,Coombs & Melack; 2013,Control,Rattlesnake,2004-12-29,1.5229300923039
95,Coombs & Melack; 2013,Control,Rattlesnake,2004-12-30,1.1048247320178601
95,Coombs & Melack; 2013,Control,Rattlesnake,2004-12-30,1.02307369606743
95,Coombs & Melack; 2013,Control,Rattlesnake,2005-01-01,0.96095416004154
95,Coombs & Melack; 2013,Control,Rattlesnake,2005-01-02,0.862076483300235
95,Coombs & Melack; 2013,Control,Rattlesnake,2005-01-03,0.76319880655893
95,Coombs & Melack; 2013,Control,Rattlesnake,2005-01-03,0.76258289733822
95,Coombs & Melack; 2013,Control,Rattlesnake,2005-01-03,0.84487709729493
95,Coombs & Melack; 2013,Control,Rattlesnake,2005-01-04,0.46302793554863997
95,Coombs & Melack; 2013,Site_1,San Onofre,2004-12-27,5.9268361409019
95,Coombs & Melack; 2013,Site_1,San Onofre,2004-12-28,3.1700556102873
95,Coombs & Melack; 2013,Site_1,San Onofre,2004-12-28,7.5113959518654
95,Coombs & Melack; 2013,Site_1,San Onofre,2004-12-29,8.094855961077899
95,Coombs & Melack; 2013,Site_1,San Onofre,2004-12-30,6.70772415048225
95,Coombs & Melack; 2013,Site_1,San Onofre,2004-12-31,5.3205923398866
95,Coombs & Melack; 2013,Site_1,San Onofre,2005-01-01,3.6647858968098
95,Coombs & Melack; 2013,Site_1,San Onofre,2005-01-01,4.63901362764
95,Coombs & Melack; 2013,Site_1,San Onofre,2005-01-02,4.4118207235578
95,Coombs & Melack; 2013,Site_1,San Onofre,2005-01-02,4.9218905436141
95,Coombs & Melack; 2013,Site_1,San Onofre,2005-01-03,4.9775406081408
95,Coombs & Melack; 2013,Site_1,San Onofre,2005-01-04,5.033190672667501
95,Coombs & Melack; 2013,Site_2,Gaviota,2004-12-27,1.612518210177
95,Coombs & Melack; 2013,Site_2,Gaviota,2004-12-27,1.6307627016639
95,Coombs & Melack; 2013,Site_2,Gaviota,2004-12-27,1.885419336549
95,Coombs & Melack; 2013,Site_2,Gaviota,2004-12-28,1.2580066875192601
95,Coombs & Melack; 2013,Site_2,Gaviota,2004-12-29,1.208675754489315
95,Coombs & Melack; 2013,Site_2,Gaviota,2004-12-30,1.15934482145937
95,Coombs & Melack; 2013,Site_2,Gaviota,2005-01-02,1.05290407060083
95,Coombs & Melack; 2013,Site_2,Gaviota,2005-01-02,1.31716306986873
95,Coombs & Melack; 2013,Site_2,Gaviota,2005-01-02,1.2535207345437
95,Coombs & Melack; 2013,Site_2,Gaviota,2005-01-03,1.3862127966183002
95,Coombs & Melack; 2013,Site_2,Gaviota,2005-01-04,1.5189048586929002
95,Coombs & Melack; 2013,Site_2,Gaviota,2005-01-05,1.2833414096498101
95,Coombs & Melack; 2013,Site_3,Arroyo Hondo,2004-12-27,1.4300247960705
95,Coombs & Melack; 2013,Site_3,Arroyo Hondo,2004-12-28,1.65870412649445
95,Coombs & Melack; 2013,Site_3,Arroyo Hondo,2004-12-29,1.8873834569184
95,Coombs & Melack; 2013,Site_3,Arroyo Hondo,2004-12-29,2.1323455837719
95,Coombs & Melack; 2013,Site_3,Arroyo Hondo,2004-12-30,1.7604528129132
95,Coombs & Melack; 2013,Site_3,Arroyo Hondo,2004-12-30,1.8607199222136
95,Coombs & Melack; 2013,Site_3,Arroyo Hondo,2005-01-01,1.4895449036517001
95,Coombs & Melack; 2013,Site_3,Arroyo Hondo,2005-01-01,2.4543060609606
95,Coombs & Melack; 2013,Site_3,Arroyo Hondo,2005-01-02,1.9996632201440998
95,Coombs & Melack; 2013,Site_3,Arroyo Hondo,2005-01-02,2.1367878898149
95,Coombs & Melack; 2013,Site_3,Arroyo Hondo,2005-01-03,1.8002589770487
96,Coombs & Melack; 2013,Control,Rattlesnake,2004-12-27,1.10226410170254
96,Coombs & Melack; 2013,Control,Rattlesnake,2004-12-28,1.29418529148111
96,Coombs & Melack; 2013,Control,Rattlesnake,2004-12-29,1.8320777194692002
96,Coombs & Melack; 2013,Control,Rattlesnake,2004-12-30,1.51452074977392
96,Coombs & Melack; 2013,Control,Rattlesnake,2004-12-31,1.19696378007864
96,Coombs & Melack; 2013,Control,Rattlesnake,2004-12-31,1.39692088772817
96,Coombs & Melack; 2013,Control,Rattlesnake,2005-01-01,0.93424212904071
96,Coombs & Melack; 2013,Control,Rattlesnake,2005-01-01,0.94325768192439
96,Coombs & Melack; 2013,Control,Rattlesnake,2005-01-02,0.85322824424166
96,Coombs & Melack; 2013,Control,Rattlesnake,2005-01-03,0.76319880655893
96,Coombs & Melack; 2013,Control,Rattlesnake,2005-01-03,0.76258289733822
96,Coombs & Melack; 2013,Control,Rattlesnake,2005-01-04,0.663341494664835
96,Coombs & Melack; 2013,Control,Rattlesnake,2005-01-05,0.56410009199145
96,Coombs & Melack; 2013,Site_1,San Onofre,2004-12-27,10.0050038101041
96,Coombs & Melack; 2013,Site_1,San Onofre,2004-12-27,8.421215098497601
96,Coombs & Melack; 2013,Site_1,San Onofre,2004-12-28,7.266142843593899
96,Coombs & Melack; 2013,Site_1,San Onofre,2004-12-29,6.620796082369349
96,Coombs & Melack; 2013,Site_1,San Onofre,2004-12-30,5.9754493211448
96,Coombs & Melack; 2013,Site_1,San Onofre,2004-12-30,5.4744290007771
96,Coombs & Melack; 2013,Site_1,San Onofre,2005-01-01,2.0534801059395
96,Coombs & Melack; 2013,Site_1,San Onofre,2005-01-01,3.8284528579941
96,Coombs & Melack; 2013,Site_1,San Onofre,2005-01-01,4.63901362764
96,Coombs & Melack; 2013,Site_1,San Onofre,2005-01-01,2.0717876443341003
96,Coombs & Melack; 2013,Site_1,San Onofre,2005-01-02,3.0982528825318
96,Coombs & Melack; 2013,Site_1,San Onofre,2005-01-03,4.124718120729501
96,Coombs & Melack; 2013,Site_1,San Onofre,2005-01-04,5.1511833589272005
96,Coombs & Melack; 2013,Site_2,Gaviota,2004-12-27,2.8137739560861
96,Coombs & Melack; 2013,Site_2,Gaviota,2004-12-27,0.71999786752425
96,Coombs & Melack; 2013,Site_2,Gaviota,2004-12-27,1.8126838541826003
96,Coombs & Melack; 2013,Site_2,Gaviota,2004-12-28,0.8488004875497001
96,Coombs & Melack; 2013,Site_2,Gaviota,2004-12-29,0.74474820346773
96,Coombs & Melack; 2013,Site_2,Gaviota,2004-12-30,0.64069591938576
96,Coombs & Melack; 2013,Site_2,Gaviota,2005-01-01,1.4347095856947
96,Coombs & Melack; 2013,Site_2,Gaviota,2005-01-01,1.3072406269066201
96,Coombs & Melack; 2013,Site_2,Gaviota,2005-01-02,0.9253187199459
96,Coombs & Melack; 2013,Site_2,Gaviota,2005-01-02,0.58860066939807
96,Coombs & Melack; 2013,Site_2,Gaviota,2005-01-02,1.1986466185974
96,Coombs & Melack; 2013,Site_3,Arroyo Hondo,2004-12-28,1.2766052057910902
96,Coombs & Melack; 2013,Site_3,Arroyo Hondo,2004-12-29,2.7149569004501997
96,Coombs & Melack; 2013,Site_3,Arroyo Hondo,2004-12-30,1.6144968782166
96,Coombs & Melack; 2013,Site_3,Arroyo Hondo,2004-12-31,2.6075413635222
96,Coombs & Melack; 2013,Site_3,Arroyo Hondo,2004-12-31,2.5257272819247003
96,Coombs & Melack; 2013,Site_3,Arroyo Hondo,2005-01-01,1.6257335849622
96,Coombs & Melack; 2013,Site_3,Arroyo Hondo,2005-01-02,2.0361716028129
96,Coombs & Melack; 2013,Site_3,Arroyo Hondo,2005-01-02,1.7084303078598002
96,Coombs & Melack; 2013,Site_3,Arroyo Hondo,2005-01-02,1.8816074883773999
96,Coombs & Melack; 2013,Site_3,Arroyo Hondo,2005-01-03,2.0188388507679003
97,Coombs & Melack; 2013,Control,Rattlesnake,2004-12-26,1.4113923288927
97,Coombs & Melack; 2013,Control,Rattlesnake,2004-12-27,0.009728455718961
97,Coombs & Melack; 2013,Control,Rattlesnake,2004-12-27,1.2483655259875799
97,Coombs & Melack; 2013,Control,Rattlesnake,2004-12-28,0.7576750222870501
97,Coombs & Melack; 2013,Control,Rattlesnake,2004-12-29,1.095270864701475
97,Coombs & Melack; 2013,Control,Rattlesnake,2004-12-30,1.4328667071159
97,Coombs & Melack; 2013,Control,Rattlesnake,2005-01-02,0.9347513452615801
97,Coombs & Melack; 2013,Control,Rattlesnake,2005-01-02,0.85303910674017
97,Coombs & Melack; 2013,Control,Rattlesnake,2005-01-03,0.76258289733822
97,Coombs & Melack; 2013,Control,Rattlesnake,2005-01-03,0.76319880655893
97,Coombs & Melack; 2013,Control,Rattlesnake,2005-01-03,0.8172678757830301
97,Coombs & Melack; 2013,Site_1,San Onofre,2004-12-27,6.9920050489968
97,Coombs & Melack; 2013,Site_1,San Onofre,2004-12-27,7.7020610749845
97,Coombs & Melack; 2013,Site_1,San Onofre,2004-12-28,7.8300634982115
97,Coombs & Melack; 2013,Site_1,San Onofre,2004-12-29,7.8036181995702005
97,Coombs & Melack; 2013,Site_1,San Onofre,2004-12-30,6.89871177777285
97,Coombs & Melack; 2013,Site_1,San Onofre,2004-12-31,5.9938053559755
97,Coombs & Melack; 2013,Site_1,San Onofre,2005-01-01,4.811943475353
97,Coombs & Melack; 2013,Site_1,San Onofre,2005-01-01,4.63901362764
97,Coombs & Melack; 2013,Site_1,San Onofre,2005-01-02,2.5729631538576
97,Coombs & Melack; 2013,Site_1,San Onofre,2005-01-02,4.8402704491617
97,Coombs & Melack; 2013,Site_1,San Onofre,2005-01-03,5.559957937674
97,Coombs & Melack; 2013,Site_2,Gaviota,2004-12-26,1.21111999258761
97,Coombs & Melack; 2013,Site_2,Gaviota,2004-12-27,1.0390048910241
97,Coombs & Melack; 2013,Site_2,Gaviota,2004-12-28,0.86688978946059
97,Coombs & Melack; 2013,Site_2,Gaviota,2004-12-28,0.9214098789021
97,Coombs & Melack; 2013,Site_2,Gaviota,2004-12-29,2.0140425177998997
97,Coombs & Melack; 2013,Site_2,Gaviota,2004-12-29,1.8780235761167998
97,Coombs & Melack; 2013,Site_2,Gaviota,2005-01-01,1.4163487016406
97,Coombs & Melack; 2013,Site_2,Gaviota,2005-01-02,0.80762186460774
97,Coombs & Melack; 2013,Site_2,Gaviota,2005-01-03,1.5460630604076
97,Coombs & Melack; 2013,Site_2,Gaviota,2005-01-03,1.5091182070125
97,Coombs & Melack; 2013,Site_2,Gaviota,2005-01-04,1.5189048586929002
97,Coombs & Melack; 2013,Site_3,Arroyo Hondo,2004-12-27,2.395198176588
97,Coombs & Melack; 2013,Site_3,Arroyo Hondo,2004-12-27,2.049483971871
97,Coombs & Melack; 2013,Site_3,Arroyo Hondo,2004-12-27,2.2861288990029003
97,Coombs & Melack; 2013,Site_3,Arroyo Hondo,2004-12-28,2.1640576334727
97,Coombs & Melack; 2013,Site_3,Arroyo Hondo,2004-12-29,2.0419863679425
97,Coombs & Melack; 2013,Site_3,Arroyo Hondo,2004-12-30,1.6144968782166
97,Coombs & Melack; 2013,Site_3,Arroyo Hondo,2005-01-01,2.5180793380638
97,Coombs & Melack; 2013,Site_3,Arroyo Hondo,2005-01-01,2.4543060609606
97,Coombs & Melack; 2013,Site_3,Arroyo Hondo,2005-01-01,1.6710586821852
97,Coombs & Melack; 2013,Site_3,Arroyo Hondo,2005-01-01,1.7623344880806
97,Coombs & Melack; 2013,Site_3,Arroyo Hondo,2005-01-02,1.8270534519909
97,Coombs & Melack; 2013,Site_3,Arroyo Hondo,2005-01-03,1.8917724159012
97,Coombs & Melack; 2013,Site_3,Arroyo Hondo,2005-01-04,1.9564913798115
98,Coombs & Melack; 2013,Control,Rattlesnake,2004-12-27,1.2483655259875799
98,Coombs & Melack; 2013,Control,Rattlesnake,2004-12-28,1.03052280271941
98,Coombs & Melack; 2013,Control,Rattlesnake,2004-12-29,1.1406177866513851
98,Coombs & Melack; 2013,Control,Rattlesnake,2004-12-30,1.25071277058336
98,Coombs & Melack; 2013,Control,Rattlesnake,2004-12-30,1.4328667071159
98,Coombs & Melack; 2013,Control,Rattlesnake,2004-12-30,1.1048247320178601
98,Coombs & Melack; 2013,Control,Rattlesnake,2005-01-01,0.93424212904071
98,Coombs & Melack; 2013,Control,Rattlesnake,2005-01-02,0.97126457715378
98,Coombs & Melack; 2013,Control,Rattlesnake,2005-01-02,1.0348438665516002
98,Coombs & Melack; 2013,Control,Rattlesnake,2005-01-02,0.6074077238859
98,Coombs & Melack; 2013,Control,Rattlesnake,2005-01-03,0.85387810124778
98,Coombs & Melack; 2013,Site_1,San Onofre,2004-12-27,6.9920050489968
98,Coombs & Melack; 2013,Site_1,San Onofre,2004-12-27,3.2141779880511
98,Coombs & Melack; 2013,Site_1,San Onofre,2004-12-27,7.883977376879101
98,Coombs & Melack; 2013,Site_1,San Onofre,2004-12-28,7.648428476486701
98,Coombs & Melack; 2013,Site_1,San Onofre,2004-12-29,6.629537628358051
98,Coombs & Melack; 2013,Site_1,San Onofre,2004-12-30,5.6106467802294
98,Coombs & Melack; 2013,Site_1,San Onofre,2005-01-01,2.0717876443341003
98,Coombs & Melack; 2013,Site_1,San Onofre,2005-01-02,4.8126078805896
98,Coombs & Melack; 2013,Site_1,San Onofre,2005-01-02,4.8402704491617
98,Coombs & Melack; 2013,Site_1,San Onofre,2005-01-02,4.9218905436141
98,Coombs & Melack; 2013,Site_1,San Onofre,2005-01-02,4.2389878701177
98,Coombs & Melack; 2013,Site_2,Gaviota,2004-12-27,2.8137739560861
98,Coombs & Melack; 2013,Site_2,Gaviota,2004-12-27,2.7227794317612
98,Coombs & Melack; 2013,Site_2,Gaviota,2004-12-28,2.15925160182445
98,Coombs & Melack; 2013,Site_2,Gaviota,2004-12-29,1.5957237718877002
98,Coombs & Melack; 2013,Site_2,Gaviota,2004-12-30,1.03219594195095
98,Coombs & Melack; 2013,Site_2,Gaviota,2004-12-30,1.15934482145937
98,Coombs & Melack; 2013,Site_2,Gaviota,2004-12-30,1.4331964851225
98,Coombs & Melack; 2013,Site_2,Gaviota,2005-01-01,1.4708396925201
98,Coombs & Melack; 2013,Site_2,Gaviota,2005-01-01,1.4439579231525
98,Coombs & Melack; 2013,Site_2,Gaviota,2005-01-02,0.9253187199459
98,Coombs & Melack; 2013,Site_2,Gaviota,2005-01-03,1.2221117893194
98,Coombs & Melack; 2013,Site_2,Gaviota,2005-01-04,1.5189048586929002
98,Coombs & Melack; 2013,Site_2,Gaviota,2005-01-05,1.2833414096498101
98,Coombs & Melack; 2013,Site_3,Arroyo Hondo,2004-12-27,1.17512567634357
98,Coombs & Melack; 2013,Site_3,Arroyo Hondo,2004-12-28,1.6767716038185
98,Coombs & Melack; 2013,Site_3,Arroyo Hondo,2004-12-28,1.6497055471533
98,Coombs & Melack; 2013,Site_3,Arroyo Hondo,2004-12-29,2.2512063622608
98,Coombs & Melack; 2013,Site_3,Arroyo Hondo,2004-12-30,1.6144968782166
98,Coombs & Melack; 2013,Site_3,Arroyo Hondo,2005-01-01,0.9434565188531701
98,Coombs & Melack; 2013,Site_3,Arroyo Hondo,2005-01-02,1.5626198638722
98,Coombs & Melack; 2013,Site_3,Arroyo Hondo,2005-01-02,2.136419313819
98,Coombs & Melack; 2013,Site_3,Arroyo Hondo,2005-01-02,1.9269762342138002
98,Coombs & Melack; 2013,Site_3,Arroyo Hondo,2005-01-03,1.9780506271480502
98,Coombs & Melack; 2013,Site_3,Arroyo Hondo,2005-01-04,2.0291250200823003
99,Coombs & Melack; 2013,Control,Rattlesnake,2004-12-27,0.9019093203355201
99,Coombs & Melack; 2013,Control,Rattlesnake,2004-12-27,1.10226410170254
99,Coombs & Melack; 2013,Control,Rattlesnake,2004-12-28,0.7576750222870501
99,Coombs & Melack; 2013,Control,Rattlesnake,2004-12-28,0.81236485051554
99,Coombs & Melack; 2013,Control,Rattlesnake,2004-12-29,0.9405644937032399
99,Coombs & Melack; 2013,Control,Rattlesnake,2004-12-30,1.06876413689094
99,Coombs & Melack; 2013,Control,Rattlesnake,2004-12-31,1.19696378007864
99,Coombs & Melack; 2013,Control,Rattlesnake,2005-01-01,0.8337616334604899
99,Coombs & Melack; 2013,Control,Rattlesnake,2005-01-01,0.8156286843369
99,Coombs & Melack; 2013,Control,Rattlesnake,2005-01-01,0.9064340706000301
99,Coombs & Melack; 2013,Control,Rattlesnake,2005-01-02,0.9347513452615801
99,Coombs & Melack; 2013,Control,Rattlesnake,2005-01-03,0.8355754133372101
99,Coombs & Melack; 2013,Site_1,San Onofre,2004-12-27,7.7020610749845
99,Coombs & Melack; 2013,Site_1,San Onofre,2004-12-28,8.467020315060301
99,Coombs & Melack; 2013,Site_1,San Onofre,2004-12-28,6.3376136366067
99,Coombs & Melack; 2013,Site_1,San Onofre,2004-12-29,5.0230863674397
99,Coombs & Melack; 2013,Site_1,San Onofre,2004-12-30,3.7085590982727
99,Coombs & Melack; 2013,Site_1,San Onofre,2004-12-31,5.811855105315001
99,Coombs & Melack; 2013,Site_1,San Onofre,2005-01-01,4.0286912459535
99,Coombs & Melack; 2013,Site_1,San Onofre,2005-01-02,4.8402704491617
99,Coombs & Melack; 2013,Site_1,San Onofre,2005-01-02,2.5821726933261
99,Coombs & Melack; 2013,Site_1,San Onofre,2005-01-03,5.4326247703077
99,Coombs & Melack; 2013,Site_1,San Onofre,2005-01-04,5.1511833589272005
99,Coombs & Melack; 2013,Site_2,Gaviota,2004-12-27,0.8197897088094
99,Coombs & Melack; 2013,Site_2,Gaviota,2004-12-27,1.612518210177
99,Coombs & Melack; 2013,Site_2,Gaviota,2004-12-27,0.75619102069707
99,Coombs & Melack; 2013,Site_2,Gaviota,2004-12-28,1.06657046546337
99,Coombs & Melack; 2013,Site_2,Gaviota,2004-12-29,0.97644403420809
99,Coombs & Melack; 2013,Site_2,Gaviota,2004-12-30,0.88631760295281
99,Coombs & Melack; 2013,Site_2,Gaviota,2005-01-01,1.416416596371
99,Coombs & Melack; 2013,Site_2,Gaviota,2005-01-01,0.77958587123655
99,Coombs & Melack; 2013,Site_2,Gaviota,2005-01-02,1.4538512675526
99,Coombs & Melack; 2013,Site_2,Gaviota,2005-01-02,0.9802461823921199
99,Coombs & Melack; 2013,Site_2,Gaviota,2005-01-03,1.08127792481135
99,Coombs & Melack; 2013,Site_2,Gaviota,2005-01-04,1.1823096672305802
99,Coombs & Melack; 2013,Site_2,Gaviota,2005-01-05,1.2833414096498101
99,Coombs & Melack; 2013,Site_3,Arroyo Hondo,2004-12-27,2.4681373459470004
99,Coombs & Melack; 2013,Site_3,Arroyo Hondo,2004-12-27,2.9408646384705
99,Coombs & Melack; 2013,Site_3,Arroyo Hondo,2004-12-27,1.5030124618656
99,Coombs & Melack; 2013,Site_3,Arroyo Hondo,2004-12-28,1.1397957660364801
99,Coombs & Melack; 2013,Site_3,Arroyo Hondo,2004-12-29,1.57753424330852
99,Coombs & Melack; 2013,Site_3,Arroyo Hondo,2004-12-30,2.01527272058056
99,Coombs & Melack; 2013,Site_3,Arroyo Hondo,2004-12-31,2.4530111978526
99,Coombs & Melack; 2013,Site_3,Arroyo Hondo,2005-01-01,1.7623344880806
99,Coombs & Melack; 2013,Site_3,Arroyo Hondo,2005-01-01,2.5180793380638
99,Coombs & Melack; 2013,Site_3,Arroyo Hondo,2005-01-01,1.9174854131747998
99,Coombs & Melack; 2013,Site_3,Arroyo Hondo,2005-01-02,1.8816074883773999
99,Coombs & Melack; 2013,Site_3,Arroyo Hondo,2005-01-02,1.9269762342138002
100,Coombs & Melack; 2013,Control,Rattlesnake,2004-12-27,1.6939491667077
100,Coombs & Melack; 2013,Control,Rattlesnake,2004-12-28,0.86689463924427
100,Coombs & Melack; 2013,Control,Rattlesnake,2004-12-28,0.93966891959997
100,Coombs & Melack; 2013,Control,Rattlesnake,2004-12-29,1.695447718209
100,Coombs & Melack; 2013,Control,Rattlesnake,2004-12-30,1.4328667071159
100,Coombs & Melack; 2013,Control,Rattlesnake,2005-01-01,0.96095416004154
100,Coombs & Melack; 2013,Control,Rattlesnake,2005-01-02,0.85303910674017
100,Coombs & Melack; 2013,Control,Rattlesnake,2005-01-02,0.97126457715378
100,Coombs & Melack; 2013,Control,Rattlesnake,2005-01-03,0.84487709729493
100,Coombs & Melack; 2013,Control,Rattlesnake,2005-01-03,0.8172678757830301
100,Coombs & Melack; 2013,Site_1,San Onofre,2004-12-27,7.7020610749845
100,Coombs & Melack; 2013,Site_1,San Onofre,2004-12-27,1.4660336611053
100,Coombs & Melack; 2013,Site_1,San Onofre,2004-12-28,5.2454077685877
100,Coombs & Melack; 2013,Site_1,San Onofre,2004-12-28,7.8300634982115
100,Coombs & Melack; 2013,Site_1,San Onofre,2004-12-29,8.376995726460901
100,Coombs & Melack; 2013,Site_1,San Onofre,2005-01-01,3.6647858968098
100,Coombs & Melack; 2013,Site_1,San Onofre,2005-01-01,4.0650589885374
100,Coombs & Melack; 2013,Site_1,San Onofre,2005-01-02,5.0403681970362
100,Coombs & Melack; 2013,Site_1,San Onofre,2005-01-02,4.8402704491617
100,Coombs & Melack; 2013,Site_1,San Onofre,2005-01-02,4.8126078805896
100,Coombs & Melack; 2013,Site_2,Gaviota,2004-12-27,2.8137739560861
100,Coombs & Melack; 2013,Site_2,Gaviota,2004-12-28,1.3216441730606099
100,Coombs & Melack; 2013,Site_2,Gaviota,2004-12-29,1.5686577142887002
100,Coombs & Melack; 2013,Site_2,Gaviota,2004-12-30,1.38757555669782
100,Coombs & Melack; 2013,Site_2,Gaviota,2004-12-30,1.15934482145937
100,Coombs & Melack; 2013,Site_2,Gaviota,2005-01-01,1.38925354557297
100,Coombs & Melack; 2013,Site_2,Gaviota,2005-01-02,1.1986466185974
100,Coombs & Melack; 2013,Site_2,Gaviota,2005-01-02,1.05290407060083
100,Coombs & Melack; 2013,Site_2,Gaviota,2005-01-02,0.9802461823921199
100,Coombs & Melack; 2013,Site_2,Gaviota,2005-01-03,1.5091182070125
100,Coombs & Melack; 2013,Site_3,Arroyo Hondo,2004-12-29,2.1323455837719
100,Coombs & Melack; 2013,Site_3,Arroyo Hondo,2004-12-29,2.2512063622608
100,Coombs & Melack; 2013,Site_3,Arroyo Hondo,2004-12-29,2.8788760436625003
100,Coombs & Melack; 2013,Site_3,Arroyo Hondo,2004-12-30,2.0700223617339
100,Coombs & Melack; 2013,Site_3,Arroyo Hondo,2004-12-31,2.0529417917168997
100,Coombs & Melack; 2013,Site_3,Arroyo Hondo,2005-01-01,1.7623344880806
100,Coombs & Melack; 2013,Site_3,Arroyo Hondo,2005-01-01,1.4254563976128
100,Coombs & Melack; 2013,Site_3,Arroyo Hondo,2005-01-02,2.136419313819
100,Coombs & Melack; 2013,Site_3,Arroyo Hondo,2005-01-02,1.7084303078598002
100,Coombs & Melack; 2013,Site_3,Arroyo Hondo,2005-01-03,2.0188388507679003
